timestamp_utc,spacecraft_id,battery_voltage_V,battery_current_A,battery_temp_C,solar_voltage_px_V,solar_current_px_A,solar_voltage_mx_V,solar_current_mx_A,solar_voltage_py_V,solar_current_py_A,solar_voltage_my_V,solar_current_my_A,solar_voltage_pz_V,solar_current_pz_A,P_solar_total_W,P_battery_W,P_load_W
0,NepaliSat-1 (BIRDS-3),3.97,0.20184,7.96,1.26374,0.0,1.32173,0.00932,1.3446300000000002,0.0,1.25305,0.00466,1.32173,0.00466,0.0243169984,0.8013048,0.8256217984
5,NepaliSat-1 (BIRDS-3),3.97,0.24284,7.96,1.26374,0.0,1.32173,0.00932,1.3446300000000002,0.0,1.25305,0.00466,1.32173,0.00466,0.0243169984,0.9640748,0.9883917984
10,NepaliSat-1 (BIRDS-3),3.97,0.24284,7.96,1.26526,0.0,1.32173,0.00932,1.3446300000000002,0.0,1.25305,0.00466,1.32173,0.00466,0.0243169984,0.9640748,0.9883917984
15,NepaliSat-1 (BIRDS-3),3.97,0.23698,7.96,1.26374,0.0,1.32021,0.00932,1.3446300000000002,0.00466,1.25153,0.00466,1.32173,0.00466,0.0305617246,0.9408106,0.9713723246
20,NepaliSat-1 (BIRDS-3),3.97,0.2399099999999999,7.96,1.26374,0.0,1.32173,0.00932,1.3446300000000002,0.00466,1.25305,0.00466,1.32173,0.00466,0.0305829742,0.9524426999999996,0.9830256741999996
25,NepaliSat-1 (BIRDS-3),3.97,0.23698,7.96,1.26374,0.0,1.32173,0.00932,1.3446300000000002,0.0,1.25153,0.00466,1.32173,0.00466,0.0243099152,0.9408106,0.9651205152000001
30,NepaliSat-1 (BIRDS-3),3.97,0.24577,7.96,1.26374,0.0,1.32021,0.00932,1.3461500000000002,0.0,1.25153,0.00466,1.32173,0.00466,0.0242957488,0.9757069,1.0000026488
35,NepaliSat-1 (BIRDS-3),3.97,0.24577,7.96,1.26374,0.0,1.32021,0.00932,1.3461500000000002,0.0,1.25153,0.00466,1.32173,0.00466,0.0242957488,0.9757069,1.0000026488
40,NepaliSat-1 (BIRDS-3),3.97,0.2399099999999999,7.96,1.26374,0.0,1.32021,0.00932,1.3431,0.0,1.25153,0.00466,1.32173,0.00466,0.0242957488,0.9524426999999996,0.9767384487999996
45,NepaliSat-1 (BIRDS-3),3.97,0.24284,7.96,1.26374,0.0,1.32021,0.00932,1.3446300000000002,0.0,1.25153,0.00466,1.32173,0.00466,0.0242957488,0.9640748,0.9883705488
50,NepaliSat-1 (BIRDS-3),3.97,0.2486999999999999,7.96,1.26221,0.0,1.32021,0.00932,1.3446300000000002,0.0,1.25153,0.00466,1.32173,0.00466,0.0242957488,0.9873389999999996,1.0116347487999997
55,NepaliSat-1 (BIRDS-3),3.97,0.24284,7.96,1.26221,0.0,1.32021,0.00932,1.3446300000000002,0.0,1.25153,0.00466,1.32021,0.00466,0.024288665600000002,0.9640748,0.9883634656
60,NepaliSat-1 (BIRDS-3),3.97,0.25748,7.96,1.26374,0.0,1.32021,0.00932,1.3446300000000002,0.0,1.25153,0.00466,1.32021,0.00466,0.024288665600000002,1.0221956,1.0464842656000002
65,NepaliSat-1 (BIRDS-3),3.97,0.2692,7.96,1.26221,0.0,1.32173,0.00932,1.3446300000000002,0.0,1.25,0.00466,1.32021,0.00466,0.024295702200000005,1.068724,1.0930197022
70,NepaliSat-1 (BIRDS-3),3.94,0.26041,7.96,1.26221,0.0,1.32021,0.00932,1.3446300000000002,0.0,1.25,0.00466,1.32021,0.00466,0.024281535800000004,1.0260154,1.0502969357999998
75,NepaliSat-1 (BIRDS-3),3.97,0.29262,7.96,1.26221,0.0,1.32021,0.00932,1.3446300000000002,0.0,1.25,0.00466,1.32021,0.00466,0.024281535800000004,1.1617014,1.1859829358
80,NepaliSat-1 (BIRDS-3),3.94,0.25455,7.96,1.26221,0.0,1.32021,0.00932,1.3446300000000002,0.0,1.25153,0.00466,1.32021,0.00466,0.024288665600000002,1.002927,1.0272156656
85,NepaliSat-1 (BIRDS-3),3.97,0.2692,7.96,1.26221,0.0,1.32021,0.00932,1.3431,0.0,1.25,0.00466,1.32021,0.00466,0.024281535800000004,1.068724,1.0930055358
90,NepaliSat-1 (BIRDS-3),3.97,0.23406,7.96,1.26221,0.0,1.32021,0.00932,1.3431,0.0,1.25,0.00466,1.32021,0.00466,0.024281535800000004,0.9292182,0.9534997358
95,NepaliSat-1 (BIRDS-3),3.97,0.24577,7.96,1.26221,0.0,1.31868,0.00932,1.3446300000000002,0.0,1.25,0.00466,1.32021,0.00466,0.0242672762,0.9757069,0.9999741762000001
100,NepaliSat-1 (BIRDS-3),3.97,0.23698,7.96,1.26221,0.0,1.31868,0.00932,1.3431,0.00466,1.25,0.00466,1.32021,0.00466,0.030526122200000005,0.9408106,0.9713367222
105,NepaliSat-1 (BIRDS-3),3.97,0.2486999999999999,7.96,1.26221,0.0,1.32021,0.00932,1.3446300000000002,0.0,1.25,0.00466,1.32021,0.00466,0.024281535800000004,0.9873389999999996,1.0116205357999997
110,NepaliSat-1 (BIRDS-3),3.97,0.24577,7.96,1.26221,0.0,1.31868,0.00932,1.3431,0.0,1.25,0.00466,1.31868,0.00466,0.0242601464,0.9757069,0.9999670464
115,NepaliSat-1 (BIRDS-3),3.97,0.2486999999999999,7.96,1.26221,0.0,1.31868,0.00932,1.3446300000000002,0.00466,1.25,0.00466,1.32021,0.00466,0.030533252000000004,0.9873389999999996,1.0178722519999996
120,NepaliSat-1 (BIRDS-3),3.97,0.24577,7.96,1.26221,0.0,1.32021,0.00932,1.3431,0.00466,1.25,0.00466,1.32021,0.00466,0.030540381800000002,0.9757069,1.0062472818000001
125,NepaliSat-1 (BIRDS-3),3.97,0.24284,7.96,1.26221,0.0,1.31868,0.00932,1.3446300000000002,0.0,1.24847,0.00466,1.31868,0.00466,0.0242530166,0.9640748,0.9883278166
130,NepaliSat-1 (BIRDS-3),3.97,0.2486999999999999,7.96,1.26068,0.0,1.32021,0.00932,1.3431,0.00466,1.25,0.00466,1.32021,0.00466,0.030540381800000002,0.9873389999999996,1.0178793817999996
135,NepaliSat-1 (BIRDS-3),3.97,0.24577,7.96,1.26221,0.0,1.31868,0.00932,1.3446300000000002,0.00466,1.25,0.00466,1.32021,0.00466,0.030533252000000004,0.9757069,1.006240152
140,NepaliSat-1 (BIRDS-3),3.94,0.24577,7.96,1.26221,0.0,1.31868,0.00932,1.3431,0.0,1.25,0.00466,1.32021,0.00466,0.0242672762,0.9683337999999999,0.9926010761999999
145,NepaliSat-1 (BIRDS-3),3.97,0.2486999999999999,7.96,1.26221,0.0,1.31868,0.00932,1.3431,0.0,1.25,0.00466,1.31868,0.00466,0.0242601464,0.9873389999999996,1.0115991463999996
150,NepaliSat-1 (BIRDS-3),3.97,0.2486999999999999,7.96,1.26068,0.0,1.31868,0.00932,1.3431,0.0,1.25,0.00466,1.32021,0.00466,0.0242672762,0.9873389999999996,1.0116062761999995
155,NepaliSat-1 (BIRDS-3),3.97,0.2399099999999999,7.96,1.26068,0.0,1.31868,0.00932,1.3431,0.00466,1.24847,0.00466,1.32021,0.00466,0.0305189924,0.9524426999999996,0.9829616923999996
160,NepaliSat-1 (BIRDS-3),3.97,0.2399099999999999,7.96,1.26068,0.0,1.31868,0.00932,1.3431,0.0,1.24847,0.00466,1.31868,0.00466,0.0242530166,0.9524426999999996,0.9766957165999997
165,NepaliSat-1 (BIRDS-3),3.97,0.24284,7.96,1.26068,0.0,1.31868,0.00932,1.3431,0.0,1.25,0.00466,1.31868,0.00466,0.0242601464,0.9640748,0.9883349464
170,NepaliSat-1 (BIRDS-3),3.94,0.24284,7.96,1.26068,0.0,1.31868,0.00932,1.3431,0.00466,1.24847,0.00466,1.32021,0.00466,0.0305189924,0.9567896,0.9873085924
175,NepaliSat-1 (BIRDS-3),3.94,0.24284,7.96,1.26068,0.0,1.31868,0.00932,1.3431,0.0,1.24847,0.00466,1.31868,0.00466,0.0242530166,0.9567896,0.9810426166
180,NepaliSat-1 (BIRDS-3),3.94,0.31605,7.96,1.26068,0.0,1.31868,0.00932,1.3431,0.0,1.25,0.00466,1.31868,0.00466,0.0242601464,1.245237,1.2694971464
185,NepaliSat-1 (BIRDS-3),3.94,0.31605,7.96,1.26068,0.0,1.31868,0.00932,1.3431,0.0,1.25,0.00466,1.31868,0.00466,0.0242601464,1.245237,1.2694971464
190,NepaliSat-1 (BIRDS-3),3.97,0.22527,7.58,1.26068,0.0,1.31868,0.00932,1.3446300000000002,0.0,1.24847,0.00466,1.31868,0.00466,0.0242530166,0.8943219,0.9185749166
195,NepaliSat-1 (BIRDS-3),3.97,0.2282,7.58,1.26068,0.0,1.31868,0.00932,1.3431,0.0,1.24847,0.00466,1.32021,0.00466,0.0242601464,0.905954,0.9302141464
200,NepaliSat-1 (BIRDS-3),3.97,0.29555,7.58,1.26068,0.0,1.31868,0.00932,1.3431,0.0,1.24847,0.00466,1.31868,0.00466,0.0242530166,1.1733335,1.1975865166
205,NepaliSat-1 (BIRDS-3),3.94,0.27505,7.58,1.25916,0.0,1.31868,0.00932,1.3431,0.0,1.24847,0.00466,1.31868,0.00466,0.0242530166,1.0836970000000001,1.1079500166
210,NepaliSat-1 (BIRDS-3),3.94,0.24577,7.58,1.26068,0.0,1.31868,0.00932,1.3431,0.0,1.24847,0.00466,1.31868,0.00466,0.0242530166,0.9683337999999999,0.9925868165999999
215,NepaliSat-1 (BIRDS-3),3.94,0.2486999999999999,7.58,1.26068,0.0,1.31868,0.00932,1.3431,0.0,1.24847,0.00466,1.31868,0.00466,0.0242530166,0.9798779999999996,1.0041310165999995
220,NepaliSat-1 (BIRDS-3),3.94,0.24577,7.58,1.25916,0.0,1.31868,0.00932,1.3431,0.00466,1.24847,0.00466,1.31868,0.00466,0.0305118626,0.9683337999999999,0.9988456626
225,NepaliSat-1 (BIRDS-3),3.94,0.2486999999999999,7.58,1.25916,0.0,1.31868,0.00932,1.3431,0.0,1.24847,0.00466,1.31868,0.00466,0.0242530166,0.9798779999999996,1.0041310165999995
230,NepaliSat-1 (BIRDS-3),3.94,0.2486999999999999,7.58,1.25916,0.0,1.31868,0.00932,1.34158,0.00466,1.24847,0.00466,1.31868,0.00466,0.0305047794,0.9798779999999996,1.0103827793999995
235,NepaliSat-1 (BIRDS-3),3.94,0.25163,7.58,1.26068,0.0,1.31868,0.00932,1.3431,0.0,1.24695,0.00466,1.32021,0.00466,0.0242530632,0.9914222,1.0156752632000001
240,NepaliSat-1 (BIRDS-3),3.94,0.2486999999999999,7.58,1.25916,0.0,1.31868,0.00932,1.3431,0.00466,1.24847,0.00466,1.31868,0.00466,0.0305118626,0.9798779999999996,1.0103898625999996
245,NepaliSat-1 (BIRDS-3),3.94,0.25455,7.58,1.26068,0.0,1.31868,0.00932,1.3431,0.0,1.24847,0.00466,1.31868,0.00466,0.0242530166,1.002927,1.0271800165999998
250,NepaliSat-1 (BIRDS-3),3.94,0.24577,7.58,1.25916,0.0,1.31868,0.00932,1.3431,0.0,1.24847,0.00466,1.31868,0.00466,0.0242530166,0.9683337999999999,0.9925868165999999
255,NepaliSat-1 (BIRDS-3),3.94,0.24284,7.58,1.25916,0.0,1.31868,0.00932,1.3431,0.00466,1.24847,0.00466,1.31868,0.00466,0.0305118626,0.9567896,0.9873014626000001
260,NepaliSat-1 (BIRDS-3),3.94,0.24284,7.58,1.25916,0.0,1.31868,0.00932,1.3431,0.0,1.24847,0.00466,1.31868,0.00466,0.0242530166,0.9567896,0.9810426166
265,NepaliSat-1 (BIRDS-3),3.94,0.24284,7.58,1.25916,0.0,1.31868,0.00932,1.3431,0.00466,1.24847,0.00466,1.31868,0.00466,0.0305118626,0.9567896,0.9873014626000001
270,NepaliSat-1 (BIRDS-3),3.94,0.24284,7.58,1.25916,0.0,1.31868,0.00932,1.3431,0.00466,1.24847,0.00466,1.31868,0.00466,0.0305118626,0.9567896,0.9873014626000001
275,NepaliSat-1 (BIRDS-3),3.94,0.24284,7.58,1.25916,0.0,1.31716,0.00932,1.3431,0.00466,1.24695,0.00466,1.31868,0.00466,0.030490613000000003,0.9567896,0.987280213
280,NepaliSat-1 (BIRDS-3),3.94,0.24284,7.58,1.25916,0.0,1.31716,0.00932,1.3431,0.0,1.24695,0.00466,1.31868,0.00466,0.024231767,0.9567896,0.981021367
285,NepaliSat-1 (BIRDS-3),3.94,0.24577,7.58,1.25916,0.0,1.31868,0.00932,1.34158,0.0,1.24695,0.00466,1.31868,0.00466,0.024245933400000003,0.9683337999999999,0.9925797333999999
290,NepaliSat-1 (BIRDS-3),3.94,0.25163,7.58,1.25763,0.0,1.31868,0.00932,1.3431,0.0,1.24847,0.00466,1.31868,0.00466,0.0242530166,0.9914222,1.0156752166
295,NepaliSat-1 (BIRDS-3),3.94,0.24284,7.58,1.25916,0.0,1.31716,0.00932,1.34158,0.0,1.24847,0.00466,1.31868,0.00466,0.024238850200000002,0.9567896,0.9810284502000001
300,NepaliSat-1 (BIRDS-3),3.94,0.27212,7.58,1.25916,0.0,1.31716,0.00932,1.3431,0.00466,1.24695,0.00466,1.31868,0.00466,0.030490613000000003,1.0721527999999998,1.1026434129999998
305,NepaliSat-1 (BIRDS-3),3.94,0.2692,7.58,1.25916,0.0,1.31716,0.00932,1.34158,0.0,1.24847,0.00466,1.31868,0.00466,0.024238850200000002,1.060648,1.0848868502
310,NepaliSat-1 (BIRDS-3),3.94,0.21941,7.58,1.25916,0.0,1.31716,0.00932,1.3431,0.00466,1.24695,0.00466,1.31716,0.00466,0.030483529800000003,0.8644754,0.8949589298
315,NepaliSat-1 (BIRDS-3),3.94,0.30434,7.58,1.25916,0.0,1.31716,0.00932,1.3431,0.0,1.24695,0.00466,1.31868,0.00466,0.024231767,1.1990996,1.2233313670000001
320,NepaliSat-1 (BIRDS-3),3.94,0.31605,7.58,1.25916,0.0,1.31716,0.00932,1.3431,0.0,1.24695,0.00466,1.31868,0.00466,0.024231767,1.245237,1.269468767
325,NepaliSat-1 (BIRDS-3),3.94,0.26041,7.58,1.25916,0.0,1.31868,0.00932,1.34158,0.0,1.24695,0.00466,1.31716,0.00466,0.024238850200000002,1.0260154,1.0502542501999999
330,NepaliSat-1 (BIRDS-3),3.94,0.2399099999999999,7.58,1.25763,0.0,1.31716,0.00932,1.3431,0.0,1.24695,0.00466,1.31716,0.00466,0.0242246838,0.9452453999999996,0.9694700837999995
335,NepaliSat-1 (BIRDS-3),3.94,0.2486999999999999,7.58,1.25916,0.00466,1.31716,0.00932,1.34158,0.0,1.24695,0.00466,1.31868,0.00466,0.030099452600000003,0.9798779999999996,1.0099774525999996
340,NepaliSat-1 (BIRDS-3),3.94,0.2486999999999999,7.58,1.25916,0.0,1.31868,0.00932,1.34158,0.00466,1.24695,0.00466,1.31868,0.00466,0.030497696200000004,0.9798779999999996,1.0103756961999997
345,NepaliSat-1 (BIRDS-3),3.94,0.2486999999999999,7.58,1.25916,0.0,1.31716,0.00932,1.34158,0.00466,1.24695,0.00466,1.31868,0.00466,0.030483529800000003,0.9798779999999996,1.0103615297999995
350,NepaliSat-1 (BIRDS-3),3.94,0.24577,7.58,1.25763,0.0,1.31716,0.00932,1.3431,0.0,1.24695,0.00466,1.31716,0.00466,0.0242246838,0.9683337999999999,0.9925584837999999
355,NepaliSat-1 (BIRDS-3),3.94,0.2399099999999999,7.58,1.25916,0.0,1.31868,0.00932,1.34158,0.0,1.24695,0.00466,1.31868,0.00466,0.024245933400000003,0.9452453999999996,0.9694913333999996
360,NepaliSat-1 (BIRDS-3),3.94,0.24577,7.58,1.25916,0.0,1.31868,0.00932,1.3431,0.0,1.24695,0.00466,1.31868,0.00466,0.024245933400000003,0.9683337999999999,0.9925797333999999
365,NepaliSat-1 (BIRDS-3),3.94,0.2486999999999999,7.58,1.25916,0.0,1.31716,0.00932,1.34158,0.00466,1.24695,0.00466,1.31716,0.00466,0.030476446600000002,0.9798779999999996,1.0103544465999996
370,NepaliSat-1 (BIRDS-3),3.94,0.2486999999999999,7.58,1.25763,0.0,1.31716,0.00932,1.34158,0.0,1.24695,0.00466,1.31868,0.00466,0.024231767,0.9798779999999996,1.0041097669999997
375,NepaliSat-1 (BIRDS-3),3.94,0.24577,7.58,1.25916,0.0,1.31716,0.00932,1.34158,0.0,1.24695,0.00466,1.31716,0.00466,0.0242246838,0.9683337999999999,0.9925584837999999
380,NepaliSat-1 (BIRDS-3),3.94,0.24577,7.58,1.25916,0.0,1.31716,0.00932,1.34158,0.0,1.24695,0.00466,1.31716,0.00466,0.0242246838,0.9683337999999999,0.9925584837999999
385,NepaliSat-1 (BIRDS-3),3.94,0.2486999999999999,7.58,1.25916,0.0,1.31716,0.00932,1.34158,0.00466,1.24542,0.00466,1.31716,0.00466,0.030469316800000004,0.9798779999999996,1.0103473167999997
390,NepaliSat-1 (BIRDS-3),3.94,0.24577,7.58,1.25763,0.0,1.31716,0.00932,1.3431,0.0,1.24695,0.00466,1.31716,0.00466,0.0242246838,0.9683337999999999,0.9925584837999999
395,NepaliSat-1 (BIRDS-3),3.94,0.25748,7.58,1.25916,0.0,1.31716,0.00932,1.3431,0.0,1.24695,0.00466,1.31716,0.00466,0.0242246838,1.0144712,1.0386958838
400,NepaliSat-1 (BIRDS-3),3.94,0.25163,7.58,1.25916,0.0,1.31716,0.00932,1.3431,0.00466,1.24695,0.00466,1.31716,0.00466,0.030483529800000003,0.9914222,1.0219057298
405,NepaliSat-1 (BIRDS-3),3.94,0.2486999999999999,7.58,1.25916,0.0,1.31716,0.00932,1.34158,0.00466,1.24695,0.00466,1.31716,0.00466,0.030476446600000002,0.9798779999999996,1.0103544465999996
410,NepaliSat-1 (BIRDS-3),3.94,0.2486999999999999,7.58,1.25916,0.0,1.31716,0.00932,1.3431,0.0,1.24695,0.00466,1.31716,0.00466,0.0242246838,0.9798779999999996,1.0041026837999996
415,NepaliSat-1 (BIRDS-3),3.94,0.24577,7.58,1.25763,0.0,1.31716,0.00932,1.34158,0.0,1.24695,0.00466,1.31716,0.00466,0.0242246838,0.9683337999999999,0.9925584837999999
420,NepaliSat-1 (BIRDS-3),3.94,0.26627,7.58,1.25763,0.0,1.31868,0.00932,1.3431,0.0,1.24695,0.00466,1.31716,0.00466,0.024238850200000002,1.0491038,1.0733426501999999
425,NepaliSat-1 (BIRDS-3),3.94,0.29555,7.58,1.25763,0.0,1.31716,0.00932,1.34158,0.0,1.24695,0.00466,1.31716,0.00466,0.0242246838,1.164467,1.1886916838
430,NepaliSat-1 (BIRDS-3),3.92,0.32191,7.58,1.25763,0.0,1.31716,0.00932,1.34158,0.0,1.24695,0.00466,1.31868,0.00466,0.024231767,1.2618871999999999,1.286118967
435,NepaliSat-1 (BIRDS-3),3.94,0.29555,7.58,1.25916,0.0,1.31716,0.00932,1.3431,0.0,1.24695,0.00466,1.31716,0.00466,0.0242246838,1.164467,1.1886916838
440,NepaliSat-1 (BIRDS-3),3.94,0.28969,7.58,1.25763,0.0,1.31716,0.00932,1.3431,0.00466,1.24695,0.00466,1.31868,0.00466,0.030490613000000003,1.1413786,1.171869213
445,NepaliSat-1 (BIRDS-3),3.94,0.2867699999999999,7.58,1.25916,0.0,1.31868,0.00932,1.3431,0.00466,1.24542,0.00466,1.31868,0.00466,0.0304976496,1.1298737999999997,1.1603714495999997
450,NepaliSat-1 (BIRDS-3),3.94,0.25455,7.58,1.25763,0.0,1.31716,0.00932,1.34158,0.0,1.24542,0.00466,1.31716,0.00466,0.024217554000000002,1.002927,1.027144554
455,NepaliSat-1 (BIRDS-3),3.94,0.2486999999999999,7.58,1.25763,0.0,1.31868,0.00932,1.3431,0.0,1.24695,0.00466,1.31716,0.00466,0.024238850200000002,0.9798779999999996,1.0041168501999995
460,NepaliSat-1 (BIRDS-3),3.94,0.25163,7.2,1.25763,0.0,1.31716,0.00932,1.34158,0.0,1.24542,0.00466,1.31716,0.00466,0.024217554000000002,0.9914222,1.015639754
465,NepaliSat-1 (BIRDS-3),3.94,0.2486999999999999,7.2,1.25916,0.0,1.31868,0.00932,1.34158,0.0,1.24695,0.00466,1.31716,0.00466,0.024238850200000002,0.9798779999999996,1.0041168501999995
470,NepaliSat-1 (BIRDS-3),3.94,0.25163,7.58,1.25916,0.0,1.31716,0.00932,1.34158,0.00466,1.24695,0.00466,1.31716,0.00466,0.030476446600000002,0.9914222,1.0218986466
475,NepaliSat-1 (BIRDS-3),3.94,0.24577,7.58,1.25916,0.0,1.31716,0.00932,1.34158,0.0,1.24695,0.00466,1.31716,0.00466,0.0242246838,0.9683337999999999,0.9925584837999999
480,NepaliSat-1 (BIRDS-3),3.94,0.25455,7.2,1.25763,0.0,1.31716,0.00932,1.34158,0.00466,1.24695,0.00466,1.31716,0.00466,0.030476446600000002,1.002927,1.0334034466
485,NepaliSat-1 (BIRDS-3),3.94,0.24284,7.2,1.25763,0.0,1.31716,0.00932,1.34158,0.0,1.24695,0.00466,1.31868,0.00466,0.024231767,0.9567896,0.981021367
490,NepaliSat-1 (BIRDS-3),3.94,0.2486999999999999,7.2,1.25763,0.0,1.31716,0.00932,1.34158,0.00466,1.24695,0.00466,1.31716,0.00466,0.030476446600000002,0.9798779999999996,1.0103544465999996
495,NepaliSat-1 (BIRDS-3),3.94,0.25748,7.2,1.25763,0.0,1.31716,0.00932,1.34158,0.00466,1.24695,0.00466,1.31716,0.00466,0.030476446600000002,1.0144712,1.0449476466
500,NepaliSat-1 (BIRDS-3),3.94,0.2486999999999999,7.2,1.25763,0.0,1.31716,0.00932,1.34158,0.00466,1.24542,0.00466,1.31716,0.00466,0.030469316800000004,0.9798779999999996,1.0103473167999997
505,NepaliSat-1 (BIRDS-3),3.94,0.24577,7.2,1.25763,0.0,1.31716,0.00932,1.34158,0.00466,1.24542,0.00466,1.31716,0.00466,0.030469316800000004,0.9683337999999999,0.9988031167999999
510,NepaliSat-1 (BIRDS-3),3.94,0.2486999999999999,7.2,1.25763,0.0,1.31716,0.00932,1.34158,0.0,1.24695,0.00466,1.31716,0.00466,0.0242246838,0.9798779999999996,1.0041026837999996
515,NepaliSat-1 (BIRDS-3),3.92,0.2486999999999999,7.2,1.25763,0.0,1.31716,0.00932,1.34005,0.03729,1.24542,0.00466,1.31716,0.00466,0.0741880185,0.9749039999999995,1.0490920184999994
520,NepaliSat-1 (BIRDS-3),3.94,0.24284,7.2,1.25763,0.0,1.31716,0.00932,1.34158,0.00466,1.24695,0.00466,1.31868,0.00466,0.030483529800000003,0.9567896,0.9872731298
525,NepaliSat-1 (BIRDS-3),3.94,0.24577,7.2,1.25763,0.0,1.31716,0.00932,1.34158,0.0,1.24542,0.00466,1.31716,0.00466,0.024217554000000002,0.9683337999999999,0.9925513539999999
530,NepaliSat-1 (BIRDS-3),3.94,0.24577,7.2,1.25763,0.0,1.31716,0.00932,1.34158,0.0,1.24542,0.00466,1.31716,0.00466,0.024217554000000002,0.9683337999999999,0.9925513539999999
535,NepaliSat-1 (BIRDS-3),3.92,0.24577,7.2,1.25763,0.0,1.31868,0.00932,1.34158,0.00466,1.24542,0.00466,1.31716,0.00466,0.0304834832,0.9634183999999999,0.9939018832
540,NepaliSat-1 (BIRDS-3),3.94,0.29555,7.2,1.25763,0.0,1.31716,0.00932,1.34158,0.0,1.24695,0.00466,1.31716,0.00466,0.0242246838,1.164467,1.1886916838
545,NepaliSat-1 (BIRDS-3),3.92,0.33069,7.2,1.25763,0.0,1.31716,0.00932,1.34158,0.0,1.24542,0.00466,1.31716,0.00466,0.024217554000000002,1.2963048,1.320522354
550,NepaliSat-1 (BIRDS-3),3.92,0.31312,7.2,1.25763,0.0,1.31716,0.00932,1.34158,0.0,1.24542,0.00466,1.31716,0.00466,0.024217554000000002,1.2274304,1.251647954
555,NepaliSat-1 (BIRDS-3),3.92,0.27212,7.2,1.25763,0.0,1.31868,0.00932,1.34158,0.0,1.24542,0.00466,1.31716,0.00466,0.0242317204,1.0667103999999998,1.0909421203999998
560,NepaliSat-1 (BIRDS-3),3.92,0.2692,7.2,1.25763,0.0,1.31716,0.00932,1.34158,0.0,1.24542,0.00466,1.31716,0.00466,0.024217554000000002,1.055264,1.079481554
565,NepaliSat-1 (BIRDS-3),3.92,0.21356,7.2,1.25763,0.0,1.31716,0.00932,1.34158,0.0,1.24542,0.00466,1.31716,0.00466,0.024217554000000002,0.8371552,0.861372754
570,NepaliSat-1 (BIRDS-3),3.92,0.25163,7.2,1.25763,0.0,1.31716,0.00932,1.34158,0.0,1.24695,0.00466,1.31716,0.00466,0.0242246838,0.9863896000000001,1.0106142838
575,NepaliSat-1 (BIRDS-3),3.92,0.2486999999999999,7.2,1.25763,0.0,1.31868,0.00932,1.34158,0.0,1.24542,0.00466,1.31716,0.00466,0.0242317204,0.9749039999999995,0.9991357203999995
580,NepaliSat-1 (BIRDS-3),3.92,0.24284,7.2,1.25763,0.0,1.31716,0.00932,1.34158,0.00466,1.24542,0.00466,1.31716,0.00466,0.030469316800000004,0.9519328,0.9824021168
585,NepaliSat-1 (BIRDS-3),3.92,0.24577,7.2,1.25763,0.0,1.31716,0.00932,1.34158,0.0,1.24542,0.00466,1.31716,0.00466,0.024217554000000002,0.9634183999999999,0.9876359539999999
590,NepaliSat-1 (BIRDS-3),3.92,0.2486999999999999,7.2,1.25763,0.0,1.31716,0.00932,1.34158,0.0,1.24542,0.00466,1.31868,0.00466,0.024224637200000003,0.9749039999999995,0.9991286371999996
595,NepaliSat-1 (BIRDS-3),3.92,0.2486999999999999,7.2,1.25916,0.0,1.31716,0.00932,1.3431,0.00466,1.24542,0.00466,1.31716,0.00466,0.030476400000000004,0.9749039999999995,1.0053803999999995
600,NepaliSat-1 (BIRDS-3),3.92,0.2486999999999999,7.2,1.2561099999999998,0.0,1.31868,0.00932,1.34158,0.0,1.24542,0.00466,1.31716,0.00466,0.0242317204,0.9749039999999995,0.9991357203999995
605,NepaliSat-1 (BIRDS-3),3.92,0.25163,7.2,1.25763,0.0,1.31868,0.00932,1.34158,0.0,1.24542,0.00466,1.31716,0.00466,0.0242317204,0.9863896000000001,1.0106213204
610,NepaliSat-1 (BIRDS-3),3.92,0.25163,7.2,1.25763,0.0,1.31716,0.00932,1.34158,0.0,1.24542,0.00466,1.31716,0.00466,0.024217554000000002,0.9863896000000001,1.0106071540000001
615,NepaliSat-1 (BIRDS-3),3.92,0.24577,7.2,1.25763,0.00466,1.31716,0.00932,1.34158,0.00466,1.24542,0.00466,1.31716,0.00466,0.03632987260000001,0.9634183999999999,0.9997482725999999
620,NepaliSat-1 (BIRDS-3),3.92,0.24577,7.2,1.25763,0.0,1.31716,0.00932,1.34158,0.0,1.24542,0.00466,1.31716,0.00466,0.024217554000000002,0.9634183999999999,0.9876359539999999
625,NepaliSat-1 (BIRDS-3),3.92,0.2486999999999999,7.2,1.2561099999999998,0.0,1.31716,0.00932,1.34158,0.0,1.24542,0.00466,1.31716,0.00466,0.024217554000000002,0.9749039999999995,0.9991215539999996
630,NepaliSat-1 (BIRDS-3),3.92,0.25163,7.2,1.25763,0.0,1.31716,0.00932,1.34158,0.00466,1.24542,0.00466,1.31716,0.00466,0.030469316800000004,0.9863896000000001,1.0168589168000002
635,NepaliSat-1 (BIRDS-3),3.92,0.2486999999999999,7.2,1.25763,0.0,1.31868,0.00932,1.34158,0.0,1.24542,0.00466,1.31716,0.00466,0.0242317204,0.9749039999999995,0.9991357203999995
640,NepaliSat-1 (BIRDS-3),3.92,0.25163,7.2,1.2561099999999998,0.0,1.31716,0.00932,1.34158,0.00466,1.24542,0.00466,1.31716,0.00466,0.030469316800000004,0.9863896000000001,1.0168589168000002
645,NepaliSat-1 (BIRDS-3),3.92,0.25455,7.2,1.25763,0.0,1.31716,0.00932,1.34158,0.0,1.24542,0.00466,1.31716,0.00466,0.024217554000000002,0.997836,1.022053554
650,NepaliSat-1 (BIRDS-3),3.92,0.24577,7.2,1.25763,0.0,1.31716,0.00932,1.34158,0.0,1.24542,0.00466,1.31716,0.00466,0.024217554000000002,0.9634183999999999,0.9876359539999999
655,NepaliSat-1 (BIRDS-3),3.92,0.25163,7.2,1.25763,0.0,1.31868,0.00932,1.3431,0.00466,1.24542,0.00466,1.31716,0.00466,0.0304905664,0.9863896000000001,1.0168801664
660,NepaliSat-1 (BIRDS-3),3.92,0.28091,7.2,1.25763,0.0,1.31868,0.00932,1.3431,0.0,1.24542,0.00466,1.31716,0.00466,0.0242317204,1.1011672,1.1253989204
665,NepaliSat-1 (BIRDS-3),3.92,0.3248399999999999,7.2,1.2561099999999998,0.0,1.31716,0.00932,1.3431,0.0,1.24542,0.00466,1.31716,0.00466,0.024217554000000002,1.2733727999999995,1.2975903539999996
670,NepaliSat-1 (BIRDS-3),3.92,0.2633399999999999,7.2,1.2561099999999998,0.0,1.31868,0.00932,1.34158,0.0,1.24695,0.00466,1.31716,0.00466,0.024238850200000002,1.0322927999999996,1.0565316501999995
675,NepaliSat-1 (BIRDS-3),3.92,0.32191,7.2,1.2561099999999998,0.00466,1.31716,0.00932,1.3431,0.0,1.24542,0.00466,1.31716,0.00466,0.030071026600000002,1.2618871999999999,1.2919582265999998
680,NepaliSat-1 (BIRDS-3),3.92,0.23113,7.2,1.25763,0.0,1.31868,0.00932,1.34158,0.0,1.24695,0.00466,1.31716,0.00466,0.024238850200000002,0.9060296,0.9302684502
685,NepaliSat-1 (BIRDS-3),3.92,0.25455,7.2,1.25763,0.00466,1.31868,0.00932,1.34158,0.0,1.24542,0.00466,1.31716,0.00466,0.0300922762,0.997836,1.0279282762
690,NepaliSat-1 (BIRDS-3),3.92,0.25163,7.2,1.2561099999999998,0.0,1.31716,0.00932,1.34158,0.0,1.24542,0.00466,1.31716,0.00466,0.024217554000000002,0.9863896000000001,1.0106071540000001
695,NepaliSat-1 (BIRDS-3),3.92,0.25455,7.2,1.25763,0.0,1.31716,0.00932,1.34158,0.0,1.24542,0.00466,1.31716,0.00466,0.024217554000000002,0.997836,1.022053554
700,NepaliSat-1 (BIRDS-3),3.92,0.25163,6.82,1.25763,0.0,1.31868,0.00932,1.34158,0.00466,1.24542,0.00466,1.31716,0.00466,0.0304834832,0.9863896000000001,1.0168730832000001
705,NepaliSat-1 (BIRDS-3),3.92,0.25455,6.82,1.25763,0.0,1.31868,0.00932,1.34158,0.0,1.24542,0.00466,1.31716,0.00466,0.0242317204,0.997836,1.0220677204
710,NepaliSat-1 (BIRDS-3),3.92,0.25455,6.82,1.25763,0.0,1.31868,0.00932,1.34158,0.0,1.24695,0.00466,1.31716,0.00466,0.024238850200000002,0.997836,1.0220748501999999
715,NepaliSat-1 (BIRDS-3),3.92,0.25748,6.82,1.25763,0.0,1.31868,0.00932,1.34158,0.00466,1.24542,0.00466,1.31716,0.00466,0.0304834832,1.0093215999999998,1.0398050831999999
720,NepaliSat-1 (BIRDS-3),3.92,0.25748,6.82,1.2561099999999998,0.0,1.31716,0.00932,1.34158,0.0,1.24542,0.00466,1.31716,0.00466,0.024217554000000002,1.0093215999999998,1.0335391539999998
725,NepaliSat-1 (BIRDS-3),3.92,0.25748,6.82,1.2561099999999998,0.0,1.31716,0.00932,1.34158,0.00466,1.24542,0.00466,1.31716,0.00466,0.030469316800000004,1.0093215999999998,1.0397909168
730,NepaliSat-1 (BIRDS-3),3.92,0.25163,6.82,1.2561099999999998,0.0,1.31716,0.00932,1.34158,0.0,1.24542,0.00466,1.31716,0.00466,0.024217554000000002,0.9863896000000001,1.0106071540000001
735,NepaliSat-1 (BIRDS-3),3.92,0.25163,6.82,1.2561099999999998,0.0,1.31716,0.00932,1.34158,0.00466,1.24542,0.00466,1.31716,0.00466,0.030469316800000004,0.9863896000000001,1.0168589168000002
740,NepaliSat-1 (BIRDS-3),3.92,0.25748,6.82,1.2561099999999998,0.0,1.31716,0.00932,1.34158,0.0,1.24542,0.00466,1.31716,0.00466,0.024217554000000002,1.0093215999999998,1.0335391539999998
745,NepaliSat-1 (BIRDS-3),3.92,0.25163,6.82,1.25763,0.0,1.31716,0.00932,1.34158,0.0,1.24542,0.00466,1.31716,0.00466,0.024217554000000002,0.9863896000000001,1.0106071540000001
750,NepaliSat-1 (BIRDS-3),3.92,0.25163,6.82,1.2561099999999998,0.0,1.31716,0.00932,1.34158,0.0,1.24542,0.00466,1.31716,0.00466,0.024217554000000002,0.9863896000000001,1.0106071540000001
755,NepaliSat-1 (BIRDS-3),3.92,0.25163,6.82,1.2561099999999998,0.0,1.31868,0.00932,1.34158,0.0,1.24542,0.00466,1.31716,0.00466,0.0242317204,0.9863896000000001,1.0106213204
760,NepaliSat-1 (BIRDS-3),3.92,0.25455,6.82,1.25763,0.0,1.31868,0.00932,1.3431,0.0,1.24542,0.00466,1.31716,0.00466,0.0242317204,0.997836,1.0220677204
765,NepaliSat-1 (BIRDS-3),3.92,0.25163,6.82,1.25763,0.0,1.31716,0.00932,1.34158,0.0,1.24542,0.00466,1.31716,0.00466,0.024217554000000002,0.9863896000000001,1.0106071540000001
770,NepaliSat-1 (BIRDS-3),3.92,0.2486999999999999,6.82,1.2561099999999998,0.0,1.31716,0.00932,1.34158,0.0,1.24542,0.00466,1.31716,0.00466,0.024217554000000002,0.9749039999999995,0.9991215539999996
775,NepaliSat-1 (BIRDS-3),3.92,0.25163,6.82,1.25763,0.0,1.31716,0.00932,1.34158,0.0,1.24542,0.00466,1.31716,0.00466,0.024217554000000002,0.9863896000000001,1.0106071540000001
780,NepaliSat-1 (BIRDS-3),3.89,0.29262,6.82,1.25763,0.0,1.31716,0.00932,1.34158,0.0,1.24542,0.00466,1.31716,0.00466,0.024217554000000002,1.1382918,1.162509354
785,NepaliSat-1 (BIRDS-3),3.89,0.2692,6.82,1.2561099999999998,0.0,1.31868,0.00932,1.34158,0.0,1.24542,0.00466,1.31716,0.00466,0.0242317204,1.047188,1.0714197204
790,NepaliSat-1 (BIRDS-3),3.92,0.30434,6.82,1.2561099999999998,0.0,1.31868,0.00932,1.34158,0.00466,1.24542,0.00466,1.31716,0.00466,0.0304834832,1.1930128,1.2234962832
795,NepaliSat-1 (BIRDS-3),3.89,0.31605,6.82,1.25763,0.0,1.31868,0.00932,1.34158,0.0,1.24542,0.00466,1.31716,0.00466,0.0242317204,1.2294345,1.2536662204
800,NepaliSat-1 (BIRDS-3),3.92,0.30434,6.82,1.25763,0.0,1.31716,0.00932,1.3431,0.0,1.24542,0.00466,1.31716,0.00466,0.024217554000000002,1.1930128,1.217230354
805,NepaliSat-1 (BIRDS-3),3.92,0.22527,6.82,1.25763,0.0,1.31716,0.00932,1.34158,0.0,1.24542,0.00466,1.31716,0.00466,0.024217554000000002,0.8830584,0.907275954
810,NepaliSat-1 (BIRDS-3),3.92,0.25455,6.82,1.2561099999999998,0.00466,1.31868,0.00932,1.34158,0.00466,1.2438900000000002,0.00466,1.31716,0.00466,0.036329826,0.997836,1.034165826
815,NepaliSat-1 (BIRDS-3),3.92,0.25455,6.82,1.2561099999999998,0.0,1.31716,0.00932,1.3431,0.0,1.24542,0.00466,1.31716,0.00466,0.024217554000000002,0.997836,1.022053554
820,NepaliSat-1 (BIRDS-3),3.92,0.25455,6.82,1.2561099999999998,0.0,1.31716,0.00932,1.34158,0.0,1.24542,0.00466,1.31716,0.00466,0.024217554000000002,0.997836,1.022053554
825,NepaliSat-1 (BIRDS-3),3.92,0.2486999999999999,6.82,1.2561099999999998,0.0,1.31716,0.00932,1.34158,0.0,1.24542,0.00466,1.31716,0.00466,0.024217554000000002,0.9749039999999995,0.9991215539999996
830,NepaliSat-1 (BIRDS-3),3.92,0.2486999999999999,6.82,1.25763,0.0,1.31716,0.00932,1.34158,0.0,1.24542,0.00466,1.31716,0.00466,0.024217554000000002,0.9749039999999995,0.9991215539999996
835,NepaliSat-1 (BIRDS-3),3.92,0.24577,6.82,1.2561099999999998,0.0,1.31868,0.00932,1.34158,0.0,1.24542,0.00466,1.31563,0.00466,0.024224590600000002,0.9634183999999999,0.9876429905999999
840,NepaliSat-1 (BIRDS-3),3.92,0.24577,6.82,1.2561099999999998,0.0,1.31868,0.00932,1.34158,0.00466,1.24542,0.00466,1.31716,0.00466,0.0304834832,0.9634183999999999,0.9939018832
845,NepaliSat-1 (BIRDS-3),3.92,0.25163,6.82,1.2561099999999998,0.00466,1.31716,0.00932,1.34158,0.0,1.24542,0.00466,1.31716,0.00466,0.030071026600000002,0.9863896000000001,1.0164606266
850,NepaliSat-1 (BIRDS-3),3.92,0.2486999999999999,6.82,1.2561099999999998,0.0,1.31716,0.00932,1.34158,0.0,1.24542,0.00466,1.31716,0.00466,0.024217554000000002,0.9749039999999995,0.9991215539999996
855,NepaliSat-1 (BIRDS-3),3.89,0.2486999999999999,6.82,1.2561099999999998,0.0,1.31868,0.00932,1.34158,0.00466,1.24542,0.00466,1.31716,0.00466,0.0304834832,0.9674429999999996,0.9979264831999997
860,NepaliSat-1 (BIRDS-3),3.92,0.24577,6.82,1.2561099999999998,0.0,1.31868,0.00932,1.34158,0.00466,1.2438900000000002,0.00466,1.31716,0.00466,0.030476353400000003,0.9634183999999999,0.9938947533999999
865,NepaliSat-1 (BIRDS-3),3.92,0.2486999999999999,6.82,1.2561099999999998,0.0,1.31868,0.00932,1.34158,0.00466,1.24542,0.00466,1.31716,0.00466,0.0304834832,0.9749039999999995,1.0053874831999996
870,NepaliSat-1 (BIRDS-3),3.89,0.25163,6.82,1.2561099999999998,0.0,1.31868,0.00932,1.34158,0.00466,1.2438900000000002,0.00466,1.31716,0.00466,0.030476353400000003,0.9788407000000001,1.0093170534000002
875,NepaliSat-1 (BIRDS-3),3.92,0.2486999999999999,6.82,1.2561099999999998,0.0,1.31716,0.00932,1.34158,0.0,1.24542,0.00466,1.31563,0.00466,0.024210424200000004,0.9749039999999995,0.9991144241999995
880,NepaliSat-1 (BIRDS-3),3.89,0.2486999999999999,6.82,1.2561099999999998,0.0,1.31868,0.00932,1.3431,0.00466,1.24542,0.00466,1.31716,0.00466,0.0304905664,0.9674429999999996,0.9979335663999996
885,NepaliSat-1 (BIRDS-3),3.92,0.25163,6.82,1.2561099999999998,0.0,1.31868,0.00932,1.34158,0.0,1.2438900000000002,0.00466,1.31716,0.00466,0.024224590600000002,0.9863896000000001,1.0106141906000001
890,NepaliSat-1 (BIRDS-3),3.89,0.25455,6.43,1.2561099999999998,0.0,1.31716,0.00932,1.34158,0.00466,1.24542,0.00466,1.31716,0.00466,0.030469316800000004,0.9901995,1.0206688168
895,NepaliSat-1 (BIRDS-3),3.89,0.25163,6.82,1.25763,0.0,1.31868,0.00932,1.3431,0.0,1.24542,0.00466,1.31716,0.00466,0.0242317204,0.9788407000000001,1.0030724204
900,NepaliSat-1 (BIRDS-3),3.89,0.29262,6.82,1.2561099999999998,0.0,1.31716,0.00932,1.34158,0.0,1.24542,0.00466,1.31716,0.00466,0.024217554000000002,1.1382918,1.162509354
905,NepaliSat-1 (BIRDS-3),3.92,0.28091,6.43,1.2561099999999998,0.0,1.31868,0.00932,1.34158,0.00466,1.24542,0.00466,1.31716,0.00466,0.0304834832,1.1011672,1.1316506832
910,NepaliSat-1 (BIRDS-3),3.89,0.31605,6.43,1.2561099999999998,0.0,1.31716,0.00932,1.34158,0.0,1.24542,0.00466,1.31716,0.00466,0.024217554000000002,1.2294345,1.253652054
915,NepaliSat-1 (BIRDS-3),3.89,0.33069,6.43,1.2561099999999998,0.0,1.31868,0.00932,1.34158,0.0,1.24542,0.00466,1.31716,0.00466,0.0242317204,1.2863841,1.3106158204
920,NepaliSat-1 (BIRDS-3),3.89,0.30726,6.43,1.25458,0.0,1.31716,0.00932,1.34158,0.00466,1.2438900000000002,0.00466,1.31716,0.00466,0.030462187,1.1952414,1.225703587
925,NepaliSat-1 (BIRDS-3),3.89,0.25455,6.43,1.2561099999999998,0.0,1.31868,0.00932,1.34158,0.0,1.24542,0.00466,1.31716,0.00466,0.0242317204,0.9901995,1.0144312204
930,NepaliSat-1 (BIRDS-3),3.89,0.25455,6.43,1.2561099999999998,0.0,1.31716,0.00932,1.3431,0.00466,1.2438900000000002,0.00466,1.31716,0.00466,0.0304692702,0.9901995,1.0206687702
935,NepaliSat-1 (BIRDS-3),3.89,0.26041,6.43,1.2561099999999998,0.0,1.31716,0.00932,1.3431,0.0,1.2438900000000002,0.00466,1.31716,0.00466,0.0242104242,1.0129949,1.0372053242000001
940,NepaliSat-1 (BIRDS-3),3.89,0.25455,6.43,1.25763,0.0,1.31868,0.00932,1.34158,0.0,1.2438900000000002,0.00466,1.31716,0.00466,0.024224590600000002,0.9901995,1.0144240906
945,NepaliSat-1 (BIRDS-3),3.89,0.2633399999999999,6.43,1.25763,0.0,1.31868,0.00932,1.3431,0.0,1.24542,0.00466,1.31716,0.00466,0.0242317204,1.0243925999999997,1.0486243203999996
950,NepaliSat-1 (BIRDS-3),3.89,0.26041,6.43,1.2561099999999998,0.0,1.31868,0.00932,1.34158,0.00466,1.2438900000000002,0.00466,1.31716,0.00466,0.030476353400000003,1.0129949,1.0434712534000001
955,NepaliSat-1 (BIRDS-3),3.89,0.26041,6.43,1.2561099999999998,0.0,1.31716,0.00932,1.34158,0.0,1.24542,0.00466,1.31716,0.00466,0.024217554000000002,1.0129949,1.037212454
960,NepaliSat-1 (BIRDS-3),3.89,0.25748,6.82,1.2561099999999998,0.0,1.31716,0.00932,1.34158,0.0,1.2438900000000002,0.00466,1.31716,0.00466,0.0242104242,1.0015972,1.0258076242
965,NepaliSat-1 (BIRDS-3),3.89,0.25748,6.43,1.2561099999999998,0.0,1.31868,0.00932,1.34158,0.0,1.2438900000000002,0.00466,1.31716,0.00466,0.024224590600000002,1.0015972,1.0258217906
970,NepaliSat-1 (BIRDS-3),3.89,0.25748,6.43,1.2561099999999998,0.0,1.31716,0.00932,1.3431,0.0,1.24542,0.00466,1.31716,0.00466,0.024217554000000002,1.0015972,1.025814754
975,NepaliSat-1 (BIRDS-3),3.89,0.25455,6.43,1.25763,0.0,1.31716,0.00932,1.34158,0.00466,1.24542,0.00466,1.31716,0.00466,0.030469316800000004,0.9901995,1.0206688168
980,NepaliSat-1 (BIRDS-3),3.89,0.26041,6.43,1.2561099999999998,0.0,1.31716,0.00932,1.34158,0.0,1.24542,0.00466,1.31716,0.00466,0.024217554000000002,1.0129949,1.037212454
985,NepaliSat-1 (BIRDS-3),3.89,0.25163,6.43,1.2561099999999998,0.0,1.31716,0.00932,1.34158,0.0,1.2438900000000002,0.00466,1.31716,0.00466,0.0242104242,0.9788407000000001,1.0030511242000002
990,NepaliSat-1 (BIRDS-3),3.89,0.25455,6.43,1.2561099999999998,0.0,1.31868,0.00932,1.3431,0.0,1.24542,0.00466,1.31716,0.00466,0.0242317204,0.9901995,1.0144312204
995,NepaliSat-1 (BIRDS-3),3.89,0.25455,6.43,1.25458,0.00466,1.31868,0.00932,1.34158,0.0,1.24542,0.00466,1.31716,0.00466,0.0300780632,0.9901995,1.0202775632
1000,NepaliSat-1 (BIRDS-3),3.89,0.25455,6.43,1.2561099999999998,0.0,1.31716,0.00932,1.3431,0.0,1.24542,0.00466,1.31716,0.00466,0.024217554000000002,0.9901995,1.014417054
1005,NepaliSat-1 (BIRDS-3),3.89,0.25163,6.43,1.2561099999999998,0.0,1.31716,0.00932,1.3431,0.00466,1.2438900000000002,0.00466,1.31716,0.00466,0.0304692702,0.9788407000000001,1.0093099702000001
1010,NepaliSat-1 (BIRDS-3),3.89,0.25455,6.43,1.2561099999999998,0.00466,1.31868,0.00932,1.34158,0.00466,1.24542,0.00466,1.31716,0.00466,0.0363369558,0.9901995,1.0265364558
1015,NepaliSat-1 (BIRDS-3),3.89,0.25455,6.43,1.2561099999999998,0.0,1.31868,0.00932,1.3431,0.00466,1.24542,0.00466,1.31716,0.00466,0.0304905664,0.9901995,1.0206900664
1020,NepaliSat-1 (BIRDS-3),3.89,0.23113,6.43,1.25763,0.00466,1.31868,0.00932,1.34158,0.0,1.24542,0.00466,1.31563,0.00466,0.030085146400000002,0.8990957,0.9291808464000001
1025,NepaliSat-1 (BIRDS-3),3.89,0.2282,6.43,1.2561099999999998,0.0,1.31868,0.00932,1.3431,0.00466,1.2438900000000002,0.00466,1.31716,0.00466,0.0304834366,0.887698,0.9181814366
1030,NepaliSat-1 (BIRDS-3),3.89,0.26627,6.43,1.2561099999999998,0.0,1.31868,0.00932,1.34158,0.0,1.2438900000000002,0.00466,1.31716,0.00466,0.024224590600000002,1.0357903000000002,1.0600148906000002
1035,NepaliSat-1 (BIRDS-3),3.89,0.3248399999999999,6.43,1.2561099999999998,0.0,1.31868,0.00932,1.3431,0.0,1.24542,0.00466,1.31716,0.00466,0.0242317204,1.2636275999999997,1.2878593203999997
1040,NepaliSat-1 (BIRDS-3),3.89,0.28091,6.43,1.2561099999999998,0.0,1.31868,0.00932,1.3431,0.00466,1.24542,0.00466,1.31716,0.00466,0.0304905664,1.0927399,1.1232304664
1045,NepaliSat-1 (BIRDS-3),3.89,0.25163,6.43,1.2561099999999998,0.0,1.31868,0.00932,1.3431,0.00466,1.24542,0.00466,1.31716,0.00466,0.0304905664,0.9788407000000001,1.0093312664
1050,NepaliSat-1 (BIRDS-3),3.89,0.25455,6.43,1.2561099999999998,0.0,1.31868,0.00932,1.3431,0.00466,1.24542,0.00466,1.31716,0.00466,0.0304905664,0.9901995,1.0206900664
1055,NepaliSat-1 (BIRDS-3),3.89,0.26041,6.43,1.2561099999999998,0.0,1.31868,0.00932,1.34158,0.0,1.24542,0.00466,1.31716,0.00466,0.0242317204,1.0129949,1.0372266204
1060,NepaliSat-1 (BIRDS-3),3.89,0.25455,6.43,1.2561099999999998,0.0,1.31716,0.00932,1.3431,0.0,1.24542,0.00466,1.31716,0.00466,0.024217554000000002,0.9901995,1.014417054
1065,NepaliSat-1 (BIRDS-3),3.89,0.25455,6.43,1.2561099999999998,0.0,1.31868,0.00932,1.34158,0.0,1.2438900000000002,0.00466,1.31716,0.00466,0.024224590600000002,0.9901995,1.0144240906
1070,NepaliSat-1 (BIRDS-3),3.89,0.25455,6.43,1.2561099999999998,0.0,1.31868,0.00932,1.34158,0.00466,1.24542,0.00466,1.31716,0.00466,0.0304834832,0.9901995,1.0206829832
1075,NepaliSat-1 (BIRDS-3),3.89,0.2486999999999999,6.43,1.2561099999999998,0.0,1.31868,0.00932,1.3431,0.0,1.24542,0.00466,1.31716,0.00466,0.0242317204,0.9674429999999996,0.9916747203999996
1080,NepaliSat-1 (BIRDS-3),3.89,0.2486999999999999,6.43,1.2561099999999998,0.0,1.31868,0.00932,1.3431,0.0,1.24542,0.00466,1.31716,0.00466,0.0242317204,0.9674429999999996,0.9916747203999996
1085,NepaliSat-1 (BIRDS-3),3.89,0.2486999999999999,6.05,1.2561099999999998,0.0,1.31868,0.00932,1.3431,0.0,1.2438900000000002,0.00466,1.31716,0.00466,0.024224590600000002,0.9674429999999996,0.9916675905999996
1090,NepaliSat-1 (BIRDS-3),3.89,0.25163,6.05,1.2561099999999998,0.0,1.31868,0.00932,1.34158,0.00466,1.24542,0.00466,1.31716,0.00466,0.0304834832,0.9788407000000001,1.0093241832000002
1095,NepaliSat-1 (BIRDS-3),3.89,0.25163,6.43,1.2561099999999998,0.0,1.31868,0.00932,1.3431,0.0,1.24542,0.00466,1.31716,0.00466,0.0242317204,0.9788407000000001,1.0030724204
1100,NepaliSat-1 (BIRDS-3),3.89,0.24577,6.05,1.2561099999999998,0.0,1.31868,0.00932,1.34158,0.0,1.24542,0.00466,1.31716,0.00466,0.0242317204,0.9560453,0.9802770204
1105,NepaliSat-1 (BIRDS-3),3.89,0.25163,6.43,1.2561099999999998,0.00466,1.31868,0.00932,1.34158,0.00466,1.2438900000000002,0.00466,1.31716,0.00466,0.036329826,0.9788407000000001,1.0151705260000001
1110,NepaliSat-1 (BIRDS-3),3.89,0.2486999999999999,6.05,1.2561099999999998,0.00466,1.31868,0.00932,1.34158,0.0,1.24542,0.00466,1.31716,0.00466,0.030085193,0.9674429999999996,0.9975281929999996
1115,NepaliSat-1 (BIRDS-3),3.89,0.25163,6.05,1.25763,0.0,1.31868,0.00932,1.34158,0.0,1.24542,0.00466,1.31716,0.00466,0.0242317204,0.9788407000000001,1.0030724204
1120,NepaliSat-1 (BIRDS-3),3.89,0.2486999999999999,6.05,1.2561099999999998,0.0,1.31716,0.00932,1.34158,0.0,1.2438900000000002,0.00466,1.31716,0.00466,0.0242104242,0.9674429999999996,0.9916534241999996
1125,NepaliSat-1 (BIRDS-3),3.89,0.25455,6.05,1.2561099999999998,0.0,1.31868,0.00932,1.34158,0.0,1.24542,0.00466,1.31716,0.00466,0.0242317204,0.9901995,1.0144312204
1130,NepaliSat-1 (BIRDS-3),3.89,0.25455,6.05,1.2561099999999998,0.0,1.31868,0.00932,1.3431,0.00466,1.24542,0.00466,1.31716,0.00466,0.0304905664,0.9901995,1.0206900664
1135,NepaliSat-1 (BIRDS-3),3.89,0.2486999999999999,6.05,1.2561099999999998,0.0,1.31868,0.00932,1.3431,0.00466,1.24542,0.00466,1.31716,0.00466,0.0304905664,0.9674429999999996,0.9979335663999996
1140,NepaliSat-1 (BIRDS-3),3.89,0.2633399999999999,6.05,1.2561099999999998,0.0,1.31868,0.00932,1.34158,0.0,1.24542,0.00466,1.31716,0.00466,0.0242317204,1.0243925999999997,1.0486243203999996
1145,NepaliSat-1 (BIRDS-3),3.87,0.26627,6.05,1.2561099999999998,0.0,1.31868,0.00932,1.34158,0.00466,1.2438900000000002,0.00466,1.31716,0.00466,0.030476353400000003,1.0304649000000001,1.0609412534000002
1150,NepaliSat-1 (BIRDS-3),3.87,0.3248399999999999,6.05,1.2561099999999998,0.0,1.31868,0.00932,1.3431,0.00466,1.24542,0.00466,1.31716,0.00466,0.0304905664,1.2571307999999997,1.2876213663999996
1155,NepaliSat-1 (BIRDS-3),3.87,0.30141,6.05,1.2561099999999998,0.00466,1.31868,0.00932,1.3431,0.0,1.24542,0.00466,1.31716,0.00466,0.030085193,1.1664567000000001,1.196541893
1160,NepaliSat-1 (BIRDS-3),3.87,0.27505,6.05,1.2561099999999998,0.0,1.31868,0.00932,1.34158,0.0,1.24542,0.00466,1.31716,0.00466,0.0242317204,1.0644435,1.0886752204
1165,NepaliSat-1 (BIRDS-3),3.89,0.25748,6.05,1.2561099999999998,0.0,1.32021,0.00932,1.3431,0.0,1.24542,0.00466,1.31716,0.00466,0.02424598,1.0015972,1.0258431799999999
1170,NepaliSat-1 (BIRDS-3),3.89,0.25748,6.05,1.2561099999999998,0.0,1.31868,0.00932,1.3431,0.0,1.24542,0.00466,1.31716,0.00466,0.0242317204,1.0015972,1.0258289204
1175,NepaliSat-1 (BIRDS-3),3.89,0.26041,6.05,1.2561099999999998,0.0,1.31868,0.00932,1.3431,0.0,1.2438900000000002,0.00466,1.31716,0.00466,0.024224590600000002,1.0129949,1.0372194906
1180,NepaliSat-1 (BIRDS-3),3.89,0.25748,6.05,1.2561099999999998,0.0,1.31868,0.00932,1.3431,0.0,1.24542,0.00466,1.31716,0.00466,0.0242317204,1.0015972,1.0258289204
1185,NepaliSat-1 (BIRDS-3),3.89,0.25163,6.05,1.25458,0.0,1.31868,0.00932,1.34158,0.00466,1.2438900000000002,0.00466,1.31716,0.00466,0.030476353400000003,0.9788407000000001,1.0093170534000002
1190,NepaliSat-1 (BIRDS-3),3.89,0.25455,6.05,1.2561099999999998,0.00466,1.31868,0.00932,1.3431,0.0,1.24542,0.00466,1.31716,0.00466,0.030085193,0.9901995,1.020284693
1195,NepaliSat-1 (BIRDS-3),3.89,0.25748,6.05,1.2561099999999998,0.0,1.31868,0.00932,1.3431,0.0,1.2438900000000002,0.00466,1.31868,0.00466,0.024231673800000002,1.0015972,1.0258288737999999
1200,NepaliSat-1 (BIRDS-3),3.89,0.25748,6.05,1.2561099999999998,0.0,1.32021,0.00932,1.3431,0.00466,1.24542,0.00466,1.31716,0.00466,0.030504826000000002,1.0015972,1.032102026
1205,NepaliSat-1 (BIRDS-3),3.89,0.25163,6.05,1.2561099999999998,0.00466,1.31868,0.00932,1.34158,0.00466,1.24542,0.00466,1.31716,0.00466,0.0363369558,0.9788407000000001,1.0151776558
1210,NepaliSat-1 (BIRDS-3),3.89,0.25455,6.05,1.2561099999999998,0.0,1.31868,0.00932,1.34158,0.0,1.2438900000000002,0.00466,1.31868,0.00466,0.024231673800000002,0.9901995,1.0144311738
1215,NepaliSat-1 (BIRDS-3),3.89,0.25455,6.05,1.2561099999999998,0.0,1.31868,0.00932,1.34158,0.0,1.2438900000000002,0.00466,1.31868,0.00466,0.024231673800000002,0.9901995,1.0144311738
1220,NepaliSat-1 (BIRDS-3),3.89,0.25455,6.05,1.2561099999999998,0.0,1.31868,0.00932,1.34158,0.00466,1.24542,0.00466,1.31716,0.00466,0.0304834832,0.9901995,1.0206829832
1225,NepaliSat-1 (BIRDS-3),3.89,0.25748,6.05,1.2561099999999998,0.0,1.32021,0.00932,1.3431,0.0,1.24542,0.00466,1.31716,0.00466,0.02424598,1.0015972,1.0258431799999999
1230,NepaliSat-1 (BIRDS-3),3.89,0.25748,6.05,1.2561099999999998,0.00466,1.32021,0.00932,1.3431,0.00466,1.24542,0.00466,1.31716,0.00466,0.036358298600000005,1.0015972,1.0379554986
1235,NepaliSat-1 (BIRDS-3),3.87,0.25748,6.05,1.2561099999999998,0.0,1.32021,0.00932,1.34158,0.0,1.24542,0.00466,1.31868,0.00466,0.0242530632,0.9964476,1.0207006632
1240,NepaliSat-1 (BIRDS-3),3.89,0.25163,6.05,1.2561099999999998,0.0,1.32021,0.00932,1.3431,0.00466,1.24542,0.00466,1.31868,0.00466,0.030511909200000003,0.9788407000000001,1.0093526092
1245,NepaliSat-1 (BIRDS-3),3.89,0.25748,6.05,1.2561099999999998,0.00466,1.32021,0.00932,1.34158,0.0,1.24542,0.00466,1.31868,0.00466,0.0301065358,1.0015972,1.0317037357999999
1250,NepaliSat-1 (BIRDS-3),3.89,0.25163,6.05,1.2561099999999998,0.00466,1.32021,0.00932,1.3431,0.00466,1.24542,0.00466,1.32021,0.00466,0.036372511600000004,0.9788407000000001,1.0152132116
1255,NepaliSat-1 (BIRDS-3),3.87,0.25455,6.05,1.2561099999999998,0.0,1.32326,0.00932,1.3431,0.0,1.24542,0.00466,1.31868,0.00466,0.024281489200000003,0.9851085,1.0093899892
1260,NepaliSat-1 (BIRDS-3),3.89,0.2867699999999999,6.05,1.2561099999999998,0.0,1.32326,0.00932,1.3431,0.0,1.24542,0.00466,1.32021,0.00466,0.024288619000000004,1.1155352999999997,1.1398239189999997
1265,NepaliSat-1 (BIRDS-3),3.87,0.2867699999999999,6.05,1.2561099999999998,0.00466,1.32326,0.00932,1.3431,0.0,1.2438900000000002,0.00466,1.31868,0.00466,0.030127832000000004,1.1097998999999996,1.1399277319999996
1270,NepaliSat-1 (BIRDS-3),3.89,0.28969,5.67,1.2561099999999998,0.0,1.32479,0.00932,1.3431,0.0,1.24542,0.00466,1.32173,0.00466,0.024309961799999998,1.1268941000000001,1.1512040618000001
1275,NepaliSat-1 (BIRDS-3),3.87,0.30141,5.67,1.2561099999999998,0.00466,1.32631,0.00932,1.3431,0.05127,1.24542,0.00466,1.32021,0.00466,0.09903125460000001,1.1664567000000001,1.2654879546000002
1280,NepaliSat-1 (BIRDS-3),3.87,0.32776,5.67,1.2561099999999998,0.0,1.32784,0.00932,1.3431,0.0,1.24542,0.00466,1.32021,0.00466,0.0243313046,1.2684312,1.2927625046
1285,NepaliSat-1 (BIRDS-3),3.87,0.25455,5.67,1.2561099999999998,0.0,1.32937,0.00932,1.3431,0.00466,1.24542,0.00466,1.32173,0.00466,0.0306114934,0.9851085,1.0157199934
1290,NepaliSat-1 (BIRDS-3),3.87,0.25163,5.67,1.2561099999999998,0.0,1.33089,0.00932,1.3431,0.0,1.24542,0.00466,1.32173,0.00466,0.024366813799999998,0.9738081000000001,0.9981749138
1295,NepaliSat-1 (BIRDS-3),3.87,0.26041,5.67,1.2561099999999998,0.0,1.33547,0.00932,1.3431,0.00466,1.24542,0.00466,1.32173,0.00466,0.0306683454,1.0077867,1.0384550454
1300,NepaliSat-1 (BIRDS-3),3.87,0.25748,5.67,1.2561099999999998,0.00466,1.33852,0.00932,1.3431,0.00466,1.24695,0.00466,1.32173,0.00466,0.0365573738,0.9964476,1.0330049738
1305,NepaliSat-1 (BIRDS-3),3.87,0.25163,5.67,1.25763,0.00466,1.3431,0.00932,1.3431,0.00466,1.24542,0.00466,1.32173,0.00466,0.036600012800000005,0.9738081000000001,1.0104081128
1310,NepaliSat-1 (BIRDS-3),3.87,0.25455,5.67,1.2561099999999998,0.0,1.3461500000000002,0.00932,1.3431,0.0,1.2438900000000002,0.00466,1.32173,0.00466,0.024501907200000003,0.9851085,1.0096104072
1315,NepaliSat-1 (BIRDS-3),3.87,0.25455,5.67,1.2561099999999998,0.0,1.35226,0.00932,1.3431,0.0,1.24542,0.00466,1.32173,0.00466,0.0245659822,0.9851085,1.0096744822000001
1320,NepaliSat-1 (BIRDS-3),3.87,0.25163,5.67,1.2561099999999998,0.00466,1.3583599999999998,0.00932,1.3431,0.00466,1.2438900000000002,0.00466,1.32173,0.00466,0.036728023,0.9738081000000001,1.010536123
1325,NepaliSat-1 (BIRDS-3),3.87,0.26627,5.67,1.2561099999999998,0.0,1.366,0.00932,1.3431,0.0,1.24542,0.00466,1.32173,0.00466,0.024694039,1.0304649000000001,1.055158939
1330,NepaliSat-1 (BIRDS-3),3.87,0.2633399999999999,5.67,1.2561099999999998,0.0,1.3721,0.00932,1.34158,0.00466,1.24542,0.00466,1.32173,0.00466,0.031002653800000002,1.0191257999999996,1.0501284537999998
1335,NepaliSat-1 (BIRDS-3),3.87,0.25163,5.67,1.2561099999999998,0.0,1.38278,0.00932,1.3431,0.0,1.24542,0.00466,1.32021,0.00466,0.0248433454,0.9738081000000001,0.9986514454000001
1340,NepaliSat-1 (BIRDS-3),3.87,0.25163,5.67,1.2561099999999998,0.0,1.39652,0.00932,1.3431,0.0,1.24542,0.00466,1.32173,0.00466,0.0249784854,0.9738081000000001,0.9987865854000001
1345,NepaliSat-1 (BIRDS-3),3.87,0.25455,5.67,1.25763,0.00466,1.5033599999999998,0.00932,1.3431,0.0,1.24542,0.00466,1.32173,0.00466,0.03183479,0.9851085,1.01694329
1350,NepaliSat-1 (BIRDS-3),3.87,0.25748,5.67,1.25763,0.0,3.78968,0.00932,1.3446300000000002,0.0,1.25,0.00466,1.32784,0.00466,0.04733255200000001,0.9964476,1.043780152
1355,NepaliSat-1 (BIRDS-3),3.87,0.26041,5.67,1.25916,0.0,4.53755,0.00932,1.3461500000000002,0.00466,1.26679,0.00466,1.3431,0.00466,0.0607251124,1.0077867,1.0685118124000001
1360,NepaliSat-1 (BIRDS-3),3.87,0.25163,5.67,1.26068,0.0,4.63675,0.01398,1.3446300000000002,0.00466,1.30647,0.00466,1.35226,0.00466,0.08347742260000002,0.9738081000000001,1.0572855226
1365,NepaliSat-1 (BIRDS-3),3.87,0.2282,5.67,1.26679,0.0,4.652010000000001,0.03263,1.3446300000000002,0.0,1.43926,0.00466,1.3705699999999998,0.00466,0.16488889410000002,0.883134,1.0480228941
1370,NepaliSat-1 (BIRDS-3),3.89,0.17842,5.67,1.2896800000000002,0.0,4.69933,0.08856,1.3461500000000002,0.0,3.37302,0.00466,1.43773,0.00466,0.4385907598,0.6940538,1.1326445598000001
1375,NepaliSat-1 (BIRDS-3),3.89,0.05835,5.67,1.30647,0.0,4.7069600000000005,0.1678,1.3461500000000002,0.0,4.55281,0.00466,1.49725,0.00466,0.8180211676000001,0.2269815,1.0450026676000002
1380,NepaliSat-1 (BIRDS-3),3.92,0.0642099999999999,5.67,1.308,0.0,4.7069600000000005,0.20975,1.3461500000000002,0.00466,4.58486,0.00466,1.49725,0.00466,1.0219005516,0.2517031999999996,1.2736037515999996
1385,NepaliSat-1 (BIRDS-3),3.92,-0.01193,5.67,1.30342,0.0,4.70391,0.2237299999999999,1.34768,0.00466,4.59707,0.00932,1.47436,0.00466,1.1084011830999994,-0.0467656,1.0616355830999993
1390,NepaliSat-1 (BIRDS-3),3.89,0.032,5.67,1.29884,0.0,4.71612,0.23306,1.34768,0.00466,4.60928,0.00932,1.4606199999999998,0.00466,1.1551840947999998,0.12448000000000001,1.2796640947999998
1395,NepaliSat-1 (BIRDS-3),3.92,0.01736,5.67,1.29579,0.0,4.7069600000000005,0.23772,1.34768,0.00466,4.62149,0.00932,1.45147,0.00466,1.175054857,0.0680512,1.2431060569999999
1400,NepaliSat-1 (BIRDS-3),3.92,0.0642099999999999,5.67,1.29121,0.0,4.7069600000000005,0.2423799999999999,1.34768,0.0,4.6337,0.00932,1.44536,0.00466,1.1907944263999997,0.2517031999999996,1.4424976263999993
1405,NepaliSat-1 (BIRDS-3),3.92,-0.01193,5.67,1.2896800000000002,0.0,4.71764,0.2423799999999999,1.3461500000000002,0.0,4.63828,0.01398,1.44231,0.00466,1.2150259021999998,-0.0467656,1.1682603021999998
1410,NepaliSat-1 (BIRDS-3),3.92,-0.01485,5.67,1.2866300000000002,0.0,4.708489999999999,0.2517,1.34768,0.0,4.6398,0.01398,1.43926,0.00466,1.2566982885999998,-0.058212,1.1984862885999998
1415,NepaliSat-1 (BIRDS-3),3.92,-0.03243,5.67,1.28358,0.0,4.72375,0.2517,1.34768,0.0,4.64438,0.01864,1.43773,0.00466,1.28223894,-0.1271256,1.15511334
1420,NepaliSat-1 (BIRDS-3),3.92,-0.03535,5.28,1.28053,0.0,4.7130600000000005,0.26102,1.34768,0.0,4.63523,0.01864,1.43773,0.00466,1.3233034302000002,-0.138572,1.1847314302000003
1425,NepaliSat-1 (BIRDS-3),3.94,-0.04707,5.67,1.279,0.0,4.70238,0.26102,1.3461500000000002,0.0,4.64286,0.0233099999999999,1.43773,0.00466,1.3423401159999995,-0.1854558,1.1568843159999995
1430,NepaliSat-1 (BIRDS-3),3.92,-0.05292,5.28,1.27595,0.0,4.71459,0.2703399999999999,1.34768,0.00466,4.6565900000000005,0.0233099999999999,1.43773,0.00466,1.396067384099999,-0.2074464,1.188620984099999
1435,NepaliSat-1 (BIRDS-3),3.94,-0.06171,5.28,1.27595,0.0,4.708489999999999,0.275,1.3461500000000002,0.0,4.64744,0.0233099999999999,1.43926,0.00466,1.4098735279999994,-0.2431374,1.1667361279999995
1440,NepaliSat-1 (BIRDS-3),3.92,-0.0675699999999999,5.28,1.27442,0.0,4.7207,0.27967,1.3461500000000002,0.0,4.66422,0.02797,1.44078,0.00466,1.4574104371999999,-0.26487439999999957,1.1925360372000002
1445,NepaliSat-1 (BIRDS-3),3.92,-0.07342,5.28,1.27137,0.0,4.708489999999999,0.2843299999999999,1.3461500000000002,0.00466,4.64896,0.03263,1.44383,0.00466,1.5034618332999994,-0.2878064,1.2156554332999994
1450,NepaliSat-1 (BIRDS-3),3.94,-0.07928,5.28,1.27289,0.0,4.71459,0.28899,1.3461500000000002,0.0,4.65812,0.03263,1.44689,0.00466,1.5212063271000003,-0.3123632,1.2088431271000002
1455,NepaliSat-1 (BIRDS-3),3.94,-0.08806,5.28,1.27137,0.0,4.72527,0.28899,1.3461500000000002,0.00466,4.66117,0.03263,1.44994,0.00466,1.5306795338000003,-0.3469564,1.1837231338000003
1460,NepaliSat-1 (BIRDS-3),3.94,-0.08806,5.28,1.27137,0.0,4.72527,0.28899,1.3461500000000002,0.00466,4.66117,0.03263,1.44994,0.00466,1.5306795338000003,-0.3469564,1.1837231338000003
1465,NepaliSat-1 (BIRDS-3),3.94,-0.10563,5.28,1.26984,0.0,4.71459,0.29831,1.34768,0.0,4.67033,0.03729,1.45604,0.00466,1.587351095,-0.4161822,1.171168895
1470,NepaliSat-1 (BIRDS-3),3.94,-0.10856,5.28,1.26832,0.0,4.71459,0.30763,1.34768,0.00466,4.67338,0.04195,1.4606199999999998,0.00466,1.6594842907,-0.4277264,1.2317578907
1475,NepaliSat-1 (BIRDS-3),3.94,-0.12613,5.28,1.26832,0.0,4.71612,0.31229,1.3461500000000002,0.0,4.67949,0.04661,1.46368,0.00466,1.6977288925000003,-0.49695219999999996,1.2007766925000003
1480,NepaliSat-1 (BIRDS-3),3.94,-0.12906,5.28,1.26832,0.0,4.71154,0.31695,1.3461500000000002,0.0,4.67033,0.04661,1.46673,0.00466,1.7178416461000003,-0.5084964000000001,1.2093452461000003
1485,NepaliSat-1 (BIRDS-3),3.94,-0.13199,5.28,1.26832,0.0,4.71459,0.31695,1.3461500000000002,0.00466,4.67949,0.05127,1.46978,0.00466,1.7473289866000001,-0.5200406,1.2272883866000002
1490,NepaliSat-1 (BIRDS-3),3.94,-0.1437,5.28,1.26832,0.0,4.72527,0.32162,1.3461500000000002,0.0,4.68254,0.06059,1.47283,0.00466,1.8103198238000002,-0.566178,1.2441418238000002
1495,NepaliSat-1 (BIRDS-3),3.97,-0.17006,5.28,1.26832,0.0,4.72222,0.3262799999999999,1.34768,0.0,4.684069999999999,0.06059,1.47589,0.00466,1.8314513902999994,-0.6751382,1.1563131902999992
1500,NepaliSat-1 (BIRDS-3),3.97,-0.19056,5.28,1.26832,0.0,4.72222,0.33094,1.34768,0.0,4.68712,0.06526,1.47741,0.00466,1.8755376685999998,-0.7565232000000001,1.1190144685999996
1505,NepaliSat-1 (BIRDS-3),3.94,-0.1232,5.28,1.26984,0.0,4.73291,0.3356,1.34768,0.0,4.68712,0.07458,1.48199,0.00466,1.944836079,-0.485408,1.459428079
1510,NepaliSat-1 (BIRDS-3),3.94,-0.14077,5.28,1.26984,0.0,4.71612,0.3356,1.34768,0.0,4.68712,0.07458,1.48352,0.00466,1.9392084848000002,-0.5546338000000001,1.3845746848
1515,NepaliSat-1 (BIRDS-3),3.97,-0.1349199999999999,5.28,1.27137,0.0,4.729850000000001,0.34026,1.3461500000000002,0.0,4.69017,0.0839,1.48657,0.00466,2.0098114402000005,-0.5356323999999997,1.4741790402000008
1520,NepaliSat-1 (BIRDS-3),3.97,-0.22863,5.28,1.27137,0.0,4.72375,0.34026,1.3461500000000002,0.0,4.69322,0.08856,1.4881,0.00466,2.0298692842,-0.9076611,1.1222081842000002
1525,NepaliSat-1 (BIRDS-3),3.97,-0.21106,5.28,1.27289,0.0,4.73291,0.34958,1.34768,0.0,4.69628,0.09788,1.48962,0.00466,2.1211441934,-0.8379082,1.2832359934000002
1530,NepaliSat-1 (BIRDS-3),3.97,-0.22277,5.28,1.27289,0.0,4.71917,0.34958,1.34768,0.0,4.6978,0.10721,1.4911500000000002,0.00466,2.1603273456,-0.8843969,1.2759304455999998
1535,NepaliSat-1 (BIRDS-3),3.97,-0.23741,5.28,1.27442,0.0,4.7268,0.34958,1.34768,0.00466,4.69475,0.11187,1.4942,0.00466,2.1908395873,-0.9425177000000001,1.2483218873
1540,NepaliSat-1 (BIRDS-3),3.97,-0.24327,5.28,1.27595,0.0,4.7268,0.35424,1.34768,0.0,4.69933,0.11653,1.49725,0.00466,2.2290117419,-0.9657819,1.2632298418999999
1545,NepaliSat-1 (BIRDS-3),3.99,-0.25791,5.28,1.27747,0.0,4.72375,0.35424,1.34768,0.0,4.70238,0.12585,1.49878,0.00466,2.2721200377999997,-1.0290609,1.2430591377999998
1550,NepaliSat-1 (BIRDS-3),3.99,-0.26962,5.28,1.28053,0.0,4.7207,0.35424,1.34768,0.0,4.69933,0.13983,1.50031,0.00466,2.3363595265,-1.0757838000000002,1.2605757264999997
1555,NepaliSat-1 (BIRDS-3),3.99,-0.28134,5.28,1.28205,0.0,4.7130600000000005,0.3589,1.34921,0.00466,4.7130600000000005,0.14449,1.5033599999999998,0.00466,2.3858002496000004,-1.1225466,1.2632536496000004
1560,NepaliSat-1 (BIRDS-3),3.99,-0.29012,5.28,1.28205,0.0,4.72375,0.3589,1.34768,0.0,4.72833,0.1538199999999999,1.50641,0.00466,2.4296854661999996,-1.1575788,1.2721066661999996
1565,NepaliSat-1 (BIRDS-3),3.99,-0.29598,5.28,1.2866300000000002,0.0,4.72527,0.3589,1.34921,0.0,4.70238,0.1584799999999999,1.50946,0.00466,2.4481666689999995,-1.1809602000000001,1.2672064689999993
1570,NepaliSat-1 (BIRDS-3),3.99,-0.29598,5.28,1.2866300000000002,0.0,4.72527,0.3589,1.34921,0.0,4.70238,0.1584799999999999,1.50946,0.00466,2.4481666689999995,-1.1809602000000001,1.2672064689999993
1575,NepaliSat-1 (BIRDS-3),3.99,-0.32819,5.28,1.29274,0.0,4.73901,0.36357,1.35073,0.00466,4.72222,0.17712,1.5170899999999998,0.00466,2.5727255133,-1.3094781,1.2632474133
1580,NepaliSat-1 (BIRDS-3),4.02,-0.32819,5.28,1.29731,0.0,4.74359,0.36357,1.35073,0.0,4.7100100000000005,0.18644,1.5232,0.00466,2.6098593927000002,-1.3193237999999998,1.2905355927000004
1585,NepaliSat-1 (BIRDS-3),3.99,-0.33697,5.28,1.3003699999999998,0.0,4.72527,0.3589,1.35226,0.0,4.72833,0.19111,1.53083,0.00466,2.6066642170999996,-1.3445103,1.2621539170999996
1590,NepaliSat-1 (BIRDS-3),4.02,-0.34869,5.28,1.30495,0.0,4.73291,0.36357,1.35226,0.00466,4.71612,0.20043,1.54151,0.00466,2.6794809885000004,-1.4017338,1.2777471885000005
1595,NepaliSat-1 (BIRDS-3),4.02,-0.36333,5.28,1.30952,0.0,4.74359,0.36823,1.35379,0.0,4.7207,0.20509,1.5522,0.00466,2.7221337607,-1.4605865999999998,1.2615471607
1600,NepaliSat-1 (BIRDS-3),4.02,-0.36333,5.28,1.31563,0.0,4.73138,0.36357,1.35531,0.00466,4.73291,0.21441,1.56441,0.00466,2.7485769549,-1.4605865999999998,1.2879903549
1605,NepaliSat-1 (BIRDS-3),4.02,-0.36919,4.9,1.32173,0.0,4.73291,0.36823,1.3568399999999998,0.0,4.7130600000000005,0.2237299999999999,1.5812,0.00466,2.8046207550999998,-1.4841438,1.3204769550999997
1610,NepaliSat-1 (BIRDS-3),4.02,-0.3808999999999999,5.28,1.32937,0.0,4.7207,0.37289,1.35989,0.00466,4.72375,0.23306,1.60104,0.00466,2.8750169318,-1.5312179999999995,1.3437989318000003
1615,NepaliSat-1 (BIRDS-3),4.02,-0.38383,5.28,1.337,0.0,4.73901,0.36357,1.35989,0.00466,4.73138,0.23772,1.65598,0.00466,2.8617594735,-1.5429966,1.3187628734999999
1620,NepaliSat-1 (BIRDS-3),4.02,-0.32526,5.28,1.3461500000000002,0.0,4.73291,0.36823,1.36294,0.00466,4.7100100000000005,0.2470399999999999,1.76129,0.00466,2.9209192314999997,-1.3075451999999999,1.6133740314999998
1625,NepaliSat-1 (BIRDS-3),4.02,-0.43068,4.9,1.35379,0.0,4.708489999999999,0.36823,1.366,0.0,4.72375,0.2517,1.90171,0.00466,2.9316371162999997,-1.7313336,1.2003035162999998
1630,NepaliSat-1 (BIRDS-3),4.04,-0.43361,5.28,1.366,0.0,4.729850000000001,0.36823,1.36752,0.00466,4.7268,0.26102,2.07723,0.00466,2.9915145365000004,-1.7517844,1.2397301365000004
1635,NepaliSat-1 (BIRDS-3),4.04,-0.43947,5.28,1.37668,0.0,4.73596,0.36357,1.3721,0.0,4.7100100000000005,0.26102,2.24512,0.00466,2.9617220466000003,-1.7754588000000002,1.1862632466
1640,NepaliSat-1 (BIRDS-3),4.04,-0.35454,4.9,1.38736,0.0,4.71917,0.37289,1.37668,0.00466,4.7207,0.26568,2.42521,0.00466,3.0316436847000006,-1.4323416,1.5993020847000006
1645,NepaliSat-1 (BIRDS-3),4.04,-0.42775,4.9,1.39957,0.0,4.74512,0.36823,1.37821,0.00466,4.71917,0.27967,2.61905,0.00466,3.0857330431000003,-1.72811,1.3576230431000003
1650,NepaliSat-1 (BIRDS-3),4.04,-0.43068,4.9,1.4133099999999998,0.0,4.708489999999999,0.36357,1.38431,0.00466,4.73748,0.27967,2.83272,0.00466,3.0564481007,-1.7399472,1.3165009007
1655,NepaliSat-1 (BIRDS-3),4.04,-0.43654,4.9,1.4301,0.0,4.73291,0.36357,1.3888900000000002,0.00466,4.75275,0.28899,3.0815,0.00466,3.1150733286000003,-1.7636216,1.3514517286000003
1660,NepaliSat-1 (BIRDS-3),4.04,-0.4423999999999999,4.9,1.44536,0.0,4.74054,0.36823,1.39347,0.0,4.74664,0.2843299999999999,3.33181,0.00466,3.1107474299999995,-1.7872959999999996,1.32345143
1665,NepaliSat-1 (BIRDS-3),4.07,-0.44532,4.9,1.46368,0.0,4.73596,0.36823,1.39957,0.00466,4.74206,0.2843299999999999,3.61722,0.00466,3.115610712,-1.8124524000000002,1.3031583119999999
1670,NepaliSat-1 (BIRDS-3),4.07,-0.44825,4.9,1.48504,0.0,4.73291,0.37289,1.40568,0.00466,4.73748,0.2843299999999999,3.80952,0.00466,3.1361653303,-1.8243775,1.3117878303
1675,NepaliSat-1 (BIRDS-3),4.07,-0.45411,4.9,1.50641,0.0,4.7268,0.37289,1.41178,0.00466,4.72527,0.2936499999999999,3.94536,0.00466,3.1751162599,-1.8482277000000003,1.3268885598999995
1680,NepaliSat-1 (BIRDS-3),4.07,-0.4628899999999999,4.9,1.53388,0.0,4.73291,0.37755,1.41789,0.0,4.72375,0.29831,4.05525,0.00466,3.2149494979999997,-1.8839622999999999,1.3309871979999999
1685,NepaliSat-1 (BIRDS-3),4.07,-0.45997,4.9,1.62851,0.0,4.74054,0.37755,1.42399,0.0,4.7207,0.30297,4.13462,0.00466,3.2392886852,-1.8720779,1.3672107852
1690,NepaliSat-1 (BIRDS-3),4.07,-0.45997,4.9,1.75519,0.0,4.73901,0.38221,1.4301,0.0,4.73138,0.29831,4.20482,0.00466,3.2423094411,-1.8720779,1.3702315411000001
1695,NepaliSat-1 (BIRDS-3),4.07,-0.47168,4.9,1.89103,0.0,4.74206,0.38221,1.43773,0.0,4.7207,0.30297,4.267399999999999,0.00466,3.2625793156,-1.9197376000000002,1.3428417155999999
1700,NepaliSat-1 (BIRDS-3),4.07,-0.46875,4.9,2.0406,0.0,4.74512,0.38221,1.44689,0.0,4.72527,0.30297,4.3223400000000005,0.00466,3.2653894715000003,-1.9078125000000001,1.3575769715000001
1705,NepaliSat-1 (BIRDS-3),4.07,-0.47461,4.9,2.18101,0.0,4.74206,0.39153,1.45299,0.0,4.74054,0.30297,4.36966,0.00466,3.3132627712000002,-1.9316627,1.3816000712000003
1710,NepaliSat-1 (BIRDS-3),4.07,-0.48339,4.9,2.3153200000000003,0.0,4.72833,0.38221,1.46215,0.0,4.71612,0.30297,4.41392,0.00466,3.2566267529000004,-1.9673973,1.2892294529000004
1715,NepaliSat-1 (BIRDS-3),4.1,-0.48046,4.9,2.442,0.0,4.72527,0.38687,1.47283,0.0,4.73138,0.30297,4.45208,0.00466,3.2822780963,-1.9698859999999998,1.3123920963
1720,NepaliSat-1 (BIRDS-3),4.1,-0.48339,4.9,2.56258,0.0,4.74206,0.39153,1.4911500000000002,0.00466,4.73901,0.30297,4.48718,0.00466,3.3202956293000003,-1.9818989999999999,1.3383966293000005
1725,NepaliSat-1 (BIRDS-3),4.1,-0.48632,4.9,2.68315,0.0,4.75275,0.39153,1.52167,0.0,4.73291,0.30763,4.5177,0.00466,3.3378817928,-1.9939119999999997,1.3439697928000005
1730,NepaliSat-1 (BIRDS-3),4.1,-0.49218,4.9,2.80067,0.0,4.72833,0.39153,1.57967,0.00466,4.75427,0.31229,4.5406,0.00466,3.3645144813999996,-2.017938,1.3465764813999996
1735,NepaliSat-1 (BIRDS-3),4.1,-0.42483,4.9,2.91667,0.0,4.71459,0.39619,1.77808,0.00466,4.71459,0.30763,4.5619700000000005,0.00466,3.3477673668,-1.7418029999999998,1.6059643668
1740,NepaliSat-1 (BIRDS-3),4.1,-0.5156000000000001,4.9,3.01129,0.0,4.75275,0.39619,2.01618,0.0,4.73596,0.30297,4.57418,0.00466,3.3391615025,-2.11396,1.2252015025
1745,NepaliSat-1 (BIRDS-3),4.07,-0.42483,4.9,3.10592,0.0,4.71459,0.40085,4.5619700000000005,0.0,4.72833,0.30763,4.58791,0.00466,3.3657992200000004,-1.7290581,1.6367411200000004
1750,NepaliSat-1 (BIRDS-3),4.1,-0.46582,4.9,3.22192,0.0,4.73901,0.40085,4.606229999999999,0.00466,4.72527,0.30297,4.59402,0.00466,3.3741203754,-1.909862,1.4642583754
1755,NepaliSat-1 (BIRDS-3),4.1,-0.46875,4.9,3.33639,0.0,4.73138,0.40552,4.63523,0.00932,4.73596,0.30763,4.6047,0.00466,3.440250838,-1.9218749999999998,1.518375838
1760,NepaliSat-1 (BIRDS-3),4.1,-0.50096,4.9,3.44628,0.0,4.74206,0.40552,4.65354,0.01398,4.75275,0.30297,4.60775,0.00466,3.4494694429,-2.0539359999999998,1.3955334429000001
1765,NepaliSat-1 (BIRDS-3),4.1,-0.50389,4.9,3.55006,0.0,4.729850000000001,0.40552,4.63828,0.01864,4.73748,0.30297,4.61386,0.00466,3.4613212144,-2.065949,1.3953722144
1770,NepaliSat-1 (BIRDS-3),4.12,-0.5185299999999999,4.9,3.64469,0.0,4.71764,0.40552,4.6565900000000005,0.02797,4.72375,0.29831,4.61844,0.00466,3.474005988,-2.1363436,1.337662388
1775,NepaliSat-1 (BIRDS-3),4.12,-0.5185299999999999,4.9,3.75153,0.0,4.74664,0.41018,4.67033,0.03263,4.73901,0.29831,4.61844,0.00466,3.534585666600001,-2.1363436,1.3982420666000008
1780,NepaliSat-1 (BIRDS-3),4.12,-0.52146,4.9,3.86905,0.0,4.72527,0.40552,4.68864,0.04195,4.73901,0.29831,4.62149,0.00466,3.5481101549000007,-2.1484152,1.3996949549000006
1785,NepaliSat-1 (BIRDS-3),4.12,-0.52732,4.9,4.01252,0.0,4.74054,0.40552,4.67338,0.05593,4.734430000000001,0.2936499999999999,4.62912,0.00466,3.5956029928999995,-2.1725584000000002,1.4230445928999993
1790,NepaliSat-1 (BIRDS-3),4.12,-0.54489,4.9,4.2063500000000005,0.0,4.72833,0.40552,4.67796,0.06059,4.71459,0.2936499999999999,4.63675,0.00466,3.6069165864999997,-2.2449468,1.3619697864999996
1795,NepaliSat-1 (BIRDS-3),4.12,-0.5478200000000001,4.9,4.30861,0.0,4.73138,0.41018,4.70238,0.06992,4.749689999999999,0.28899,4.6275900000000005,0.00466,3.6636853405,-2.2570184,1.4066669404999996
1800,NepaliSat-1 (BIRDS-3),4.12,-0.55075,4.9,4.37424,0.0,4.74664,0.40552,4.67643,0.0839,4.74817,0.2936499999999999,4.6337,0.00466,3.7331030922999995,-2.26909,1.4640130922999997
1805,NepaliSat-1 (BIRDS-3),4.12,-0.56832,4.9,4.42002,0.0,4.72833,0.40552,4.70085,0.09322,4.73291,0.28899,4.6398,0.00466,3.7450307475,-2.3414784,1.4035523474999998
1810,NepaliSat-1 (BIRDS-3),4.15,-0.57124,4.9,4.45665,0.0,4.73291,0.40552,4.70085,0.09788,4.71612,0.2936499999999999,4.6337,0.00466,3.7858905411999997,-2.3706460000000003,1.4152445411999994
1815,NepaliSat-1 (BIRDS-3),4.15,-0.5800299999999999,4.9,4.48718,0.0,4.749689999999999,0.40085,4.71154,0.11187,4.71764,0.2936499999999999,4.65049,0.00466,3.8379994856999993,-2.4071245,1.4308749856999992
1820,NepaliSat-1 (BIRDS-3),4.15,-0.58296,4.9,4.50244,0.0,4.73901,0.40552,4.6917,0.1211899999999999,4.7207,0.2936499999999999,4.63675,0.00466,3.8981912681999993,-2.419284,1.478907268199999
1825,NepaliSat-1 (BIRDS-3),4.15,-0.59174,4.9,4.51465,0.0,4.72527,0.39619,4.7100100000000005,0.13051,4.74206,0.28899,4.655069999999999,0.00466,3.8789086720000006,-2.4557210000000005,1.423187672
1830,NepaliSat-1 (BIRDS-3),4.15,-0.5976,4.9,4.52381,0.0,4.72222,0.39619,4.70238,0.13983,4.73596,0.28899,4.64286,0.00466,3.9187109452000004,-2.4800400000000002,1.4386709452000002
1835,NepaliSat-1 (BIRDS-3),4.15,-0.60346,4.9,4.53144,0.00466,4.73748,0.39153,4.705430000000001,0.14916,4.7268,0.2936499999999999,4.65812,0.00466,3.9875756527999995,-2.504359,1.4832166527999995
1840,NepaliSat-1 (BIRDS-3),4.17,-0.61517,4.9,4.53755,0.0,4.734430000000001,0.38687,4.7130600000000005,0.1584799999999999,4.72833,0.29831,4.64591,0.00466,4.010692745799999,-2.5652589,1.4454338457999993
1845,NepaliSat-1 (BIRDS-3),4.17,-0.6181,4.9,4.53907,0.0,4.72833,0.38221,4.71917,0.1678,4.72222,0.29831,4.64591,0.00466,4.0294271241,-2.577477,1.4519501240999997
1850,NepaliSat-1 (BIRDS-3),4.17,-0.62103,4.9,4.54365,0.0,4.73748,0.38221,4.7130600000000005,0.17712,4.74359,0.29831,4.64896,0.00466,4.0822139045,-2.5896950999999997,1.4925188045
1855,NepaliSat-1 (BIRDS-3),4.17,-0.55953,4.9,4.54212,0.0,4.74054,0.36823,4.72222,0.18644,4.73138,0.2936499999999999,4.66422,0.00466,4.0371247432,-2.3332401,1.7038846431999999
1860,NepaliSat-1 (BIRDS-3),4.17,-0.61224,4.9,4.548229999999999,0.0,4.73748,0.36357,4.71764,0.19577,4.73138,0.29831,4.655069999999999,0.00466,4.0790885804,-2.5530407999999998,1.5260477803999999
1865,NepaliSat-1 (BIRDS-3),4.17,-0.62981,4.9,4.5467,0.0,4.74054,0.36357,4.729850000000001,0.20509,4.7207,0.29831,4.64591,0.00466,4.123445021899999,-2.6263077,1.4971373218999995
1870,NepaliSat-1 (BIRDS-3),4.2,-0.61224,4.9,4.54976,0.00466,4.73901,0.35424,4.729850000000001,0.21441,4.73596,0.29831,4.655069999999999,0.00466,4.148552776300001,-2.571408,1.5771447763000008
1875,NepaliSat-1 (BIRDS-3),4.17,-0.62981,4.9,4.55433,0.0,4.73138,0.34958,4.71917,0.2237299999999999,4.73291,0.30297,4.6627,0.00466,4.1654736492,-2.6263077,1.5391659492
1880,NepaliSat-1 (BIRDS-3),4.2,-0.64738,4.9,4.55586,0.00466,4.72527,0.34026,4.7207,0.2283899999999999,4.729850000000001,0.30763,4.66422,0.00466,4.1839903715,-2.7189959999999997,1.4649943715000004
1885,NepaliSat-1 (BIRDS-3),4.2,-0.65324,4.9,4.70238,0.0,4.92827,0.29831,4.92674,0.23772,4.935899999999999,0.29831,4.84432,0.00466,4.1363397167,-2.7436080000000005,1.3927317166999997
1890,NepaliSat-1 (BIRDS-3),4.2,-0.62981,4.9,4.71612,0.0,5.00305,0.2703399999999999,5.00153,0.2517,5.00916,0.28899,4.913,0.00466,4.0819013663999995,-2.645202,1.4366993663999996
1895,NepaliSat-1 (BIRDS-3),4.2,-0.6093099999999999,4.9,4.7207,0.0,5.05037,0.2423799999999999,5.035100000000001,0.25636,5.05342,0.2843299999999999,4.95421,0.00466,3.974832443799999,-2.5591019999999998,1.4157304437999993
1900,NepaliSat-1 (BIRDS-3),4.2,-0.5946699999999999,4.9,4.7207,0.0,5.07784,0.2237299999999999,5.07021,0.26102,5.083939999999999,0.27967,4.97863,0.00466,3.9045172729999993,-2.4976139999999996,1.4069032729999997
1905,NepaliSat-1 (BIRDS-3),4.2,-0.57124,4.9,4.71917,0.0,5.09463,0.20043,5.09158,0.275,5.10073,0.275,4.989319999999999,0.00466,3.8472521721000006,-2.399208,1.4480441721000008
1910,NepaliSat-1 (BIRDS-3),4.2,-0.5624600000000001,4.9,4.71612,0.0,5.11294,0.18644,5.11447,0.2843299999999999,5.12515,0.2703399999999999,5.00305,0.00466,3.8163010526999988,-2.3623320000000003,1.4539690526999984
1915,NepaliSat-1 (BIRDS-3),4.2,-0.5478200000000001,4.9,4.7130600000000005,0.00466,5.12821,0.1678,5.13126,0.28899,5.137359999999999,0.26568,5.013739999999999,0.00466,3.7536171582,-2.3008440000000006,1.4527731581999994
1920,NepaliSat-1 (BIRDS-3),4.2,-0.53025,4.9,4.708489999999999,0.0,5.13278,0.14916,5.14499,0.2936499999999999,5.1480500000000005,0.26102,5.01832,0.00466,3.6435611604999996,-2.22705,1.4165111604999994
1925,NepaliSat-1 (BIRDS-3),4.2,-0.5185299999999999,4.9,4.70238,0.0,5.14194,0.13051,5.1511000000000005,0.30297,5.158729999999999,0.2517,5.03205,0.00466,3.5536050504000003,-2.177826,1.3757790504000003
1930,NepaliSat-1 (BIRDS-3),4.2,-0.50682,4.9,4.6978,0.0,5.146520000000001,0.11653,5.16026,0.31229,5.16636,0.2517,5.03663,0.00466,3.5350650788,-2.1286440000000004,1.4064210787999998
1935,NepaliSat-1 (BIRDS-3),4.2,-0.49218,4.9,4.69017,0.0,5.15415,0.10254,5.16941,0.32162,5.175520000000001,0.2423799999999999,5.04274,0.00466,3.4690338911999996,-2.067156,1.4018778911999994
1940,NepaliSat-1 (BIRDS-3),4.2,-0.48632,4.9,4.684069999999999,0.0,5.161779999999999,0.09322,5.175520000000001,0.3262799999999999,5.18468,0.2423799999999999,5.05189,0.00466,3.450054342999999,-2.042544,1.4075103429999989
1945,NepaliSat-1 (BIRDS-3),4.2,-0.47754,4.9,4.67796,0.0,5.16484,0.0839,5.18926,0.33094,5.19383,0.23306,5.05647,0.00466,3.3847009504,-2.005668,1.3790329504
1950,NepaliSat-1 (BIRDS-3),4.2,-0.4628899999999999,4.9,4.67186,0.0,5.16484,0.07458,5.19078,0.34026,5.19231,0.2283899999999999,5.06105,0.00466,3.3608647438999992,-1.9441379999999997,1.4167267438999995
1955,NepaliSat-1 (BIRDS-3),4.2,-0.45411,4.9,4.66422,0.0,5.16484,0.06059,5.19231,0.34492,5.19841,0.21907,5.067159999999999,0.00466,3.2662978650999994,-1.9072620000000002,1.3590358650999992
1960,NepaliSat-1 (BIRDS-3),4.2,-0.44532,4.9,4.65812,0.0,5.158729999999999,0.05593,5.196890000000001,0.34958,5.19078,0.21907,5.067159999999999,0.00466,3.2660137152999997,-1.870344,1.3956697152999997
1965,NepaliSat-1 (BIRDS-3),4.2,-0.43947,4.9,4.65049,0.0,5.1572,0.05127,5.19841,0.3589,5.196890000000001,0.21441,5.07021,0.00466,3.2680113564999997,-1.8457740000000002,1.4222373564999995
1970,NepaliSat-1 (BIRDS-3),4.2,-0.43068,4.9,4.64286,0.0,5.158729999999999,0.04195,5.2045200000000005,0.36357,5.19841,0.20975,5.07173,0.00466,3.2226168192,-1.808856,1.4137608192000002
1975,NepaliSat-1 (BIRDS-3),4.2,-0.43068,4.9,4.64286,0.0,5.158729999999999,0.04195,5.2045200000000005,0.36357,5.19841,0.20975,5.07173,0.00466,3.2226168192,-1.808856,1.4137608192000002
1980,NepaliSat-1 (BIRDS-3),4.2,-0.41018,4.9,4.62454,0.0,5.167890000000001,0.01864,5.2381,0.37289,5.22741,0.18178,5.07631,0.00466,3.0234587729999998,-1.722756,1.3007027729999998
1985,NepaliSat-1 (BIRDS-3),4.2,-0.39261,4.52,4.61386,0.0,5.16331,0.01398,5.24267,0.37289,5.23504,0.17246,5.07631,0.00466,2.9536128931,-1.648962,1.3046508930999998
1990,NepaliSat-1 (BIRDS-3),4.2,-0.39261,4.9,4.601649999999999,0.0,5.15415,0.01398,5.2442,0.38221,5.2381,0.1631399999999999,5.07631,0.00466,2.9546399375999997,-1.648962,1.3056779375999996
1995,NepaliSat-1 (BIRDS-3),4.2,-0.37797,4.9,4.58944,0.0,5.14499,0.00932,5.25488,0.38687,5.241149999999999,0.1538199999999999,5.07326,0.00466,2.9107418169999995,-1.587474,1.3232678169999994
2000,NepaliSat-1 (BIRDS-3),4.2,-0.3808999999999999,4.9,4.57418,0.0,5.12973,0.00932,5.22894,0.39153,5.212149999999999,0.1584799999999999,5.07326,0.00466,2.9447588853999993,-1.5997799999999998,1.3449788853999995
2005,NepaliSat-1 (BIRDS-3),4.2,-0.3808999999999999,4.9,4.56044,0.0,5.12057,0.00932,5.23504,0.39619,5.221310000000001,0.1538199999999999,5.07021,0.00466,2.9485632927999994,-1.5997799999999998,1.3487832927999996
2010,NepaliSat-1 (BIRDS-3),4.2,-0.37211,4.9,4.54365,0.0,5.108359999999999,0.00932,5.23657,0.40085,5.21978,0.14916,5.0686800000000005,0.00466,2.9488914333,-1.562862,1.3860294333
2015,NepaliSat-1 (BIRDS-3),4.2,-0.36626,4.52,4.52534,0.0,5.09463,0.00932,5.2381,0.40085,5.21978,0.13983,5.0686800000000005,0.00466,2.9006762227999996,-1.538292,1.3623842227999996
2020,NepaliSat-1 (BIRDS-3),4.2,-0.35747,4.9,4.507020000000001,0.0,5.08242,0.00466,5.241149999999999,0.40552,5.22283,0.13051,5.067159999999999,0.00466,2.8543197340999997,-1.5013740000000002,1.3529457340999995
2025,NepaliSat-1 (BIRDS-3),4.2,-0.35747,4.9,4.507020000000001,0.0,5.08242,0.00466,5.241149999999999,0.40552,5.22283,0.13051,5.067159999999999,0.00466,2.8543197340999997,-1.5013740000000002,1.3529457340999995
2030,NepaliSat-1 (BIRDS-3),4.2,-0.3428299999999999,4.9,4.47192,0.0,5.05647,0.00932,5.23962,0.41018,5.22436,0.11653,5.06105,0.00466,2.8286927958000003,-1.4398859999999998,1.3888067958000005
2035,NepaliSat-1 (BIRDS-3),4.2,-0.3428299999999999,4.52,4.46429,0.0,5.04426,0.00932,5.24267,0.41018,5.22283,0.11187,5.06105,0.00466,2.8053133689000003,-1.4398859999999998,1.3654273689000005
2040,NepaliSat-1 (BIRDS-3),4.2,-0.33697,4.52,4.479550000000001,0.0,5.03663,0.00932,5.24267,0.41484,5.21978,0.10254,5.05952,0.00466,2.7806242188,-1.415274,1.3653502188
2045,NepaliSat-1 (BIRDS-3),4.2,-0.33405,4.52,4.50092,0.0,5.03205,0.00466,5.2381,0.41484,5.21825,0.09788,5.058,0.00466,2.730755347,-1.40301,1.327745347
2050,NepaliSat-1 (BIRDS-3),4.2,-0.32526,4.52,4.51313,0.0,5.03358,0.00932,5.2381,0.41484,5.221310000000001,0.08856,5.05495,0.00466,2.7058416502,-1.366092,1.3397496502
2055,NepaliSat-1 (BIRDS-3),4.2,-0.32233,4.52,4.57418,0.0,5.03663,0.00466,5.2381,0.4195,5.2091,0.0839,5.05189,0.00466,2.6814389432000003,-1.3537860000000002,1.3276529432000002
2060,NepaliSat-1 (BIRDS-3),4.2,-0.31355,4.52,4.84585,0.0,5.04426,0.00466,5.23657,0.4195,5.2014700000000005,0.0792399999999999,5.05037,0.00466,2.6559465735999996,-1.31691,1.3390365735999996
2065,NepaliSat-1 (BIRDS-3),4.2,-0.30476,4.52,5.04121,0.0,5.04884,0.00932,5.22741,0.42416,5.2014700000000005,0.07458,5.04884,0.00466,2.6757666413999996,-1.279992,1.3957746413999996
2070,NepaliSat-1 (BIRDS-3),4.2,-0.30476,4.52,5.10073,0.00466,5.05495,0.00466,5.22894,0.4195,5.2014700000000005,0.06526,5.04731,0.00466,2.6038341955999997,-1.279992,1.3238421955999997
2075,NepaliSat-1 (BIRDS-3),4.2,-0.29598,4.52,5.1190500000000005,0.00932,5.06105,0.00932,5.23352,0.42416,5.19841,0.06526,5.04579,0.00466,2.6774899932,-1.243116,1.4343739932
2080,NepaliSat-1 (BIRDS-3),4.2,-0.30183,4.52,5.13584,0.01398,5.067159999999999,0.00932,5.23352,0.4195,5.196890000000001,0.05127,5.04426,0.00466,2.6044374163,-1.267686,1.3367514163
2085,NepaliSat-1 (BIRDS-3),4.2,-0.29598,4.52,5.146520000000001,0.01864,5.07326,0.00932,5.23199,0.4195,5.19078,0.05127,5.04274,0.00466,2.62766418,-1.243116,1.38454818
2090,NepaliSat-1 (BIRDS-3),4.2,-0.28426,4.52,5.08547,0.0233099999999999,5.067159999999999,0.00932,5.17094,0.4428,5.13431,0.06992,5.03053,0.00466,2.8378936938999995,-1.1938920000000002,1.6440016938999993
2095,NepaliSat-1 (BIRDS-3),4.2,-0.29012,4.52,5.18162,0.02797,5.08547,0.00932,5.25794,0.40085,5.19841,0.02797,5.039680000000001,0.00466,2.4688561772999997,-1.218504,1.2503521772999997
2100,NepaliSat-1 (BIRDS-3),4.2,-0.28134,4.52,5.1862,0.03263,5.093100000000001,0.00466,5.25794,0.39619,5.19231,0.0233099999999999,5.03816,0.00466,2.4206133722999996,-1.181628,1.2389853722999997
2105,NepaliSat-1 (BIRDS-3),4.2,-0.27841,4.52,5.10073,0.04195,5.07937,0.00932,5.25641,0.43348,5.12973,0.04661,5.029,0.00466,2.802395814,-1.169322,1.633073814
2110,NepaliSat-1 (BIRDS-3),4.2,-0.28134,4.52,5.20299,0.04661,5.10531,0.00932,5.25794,0.38221,5.18468,0.01398,5.035100000000001,0.00466,2.3956754928999997,-1.181628,1.2140474928999998
2115,NepaliSat-1 (BIRDS-3),4.2,-0.26669,4.52,5.1190500000000005,0.05593,5.087,0.01398,5.18162,0.42882,5.12668,0.03263,5.02747,0.00466,2.7701185934999994,-1.120098,1.6500205934999994
2120,NepaliSat-1 (BIRDS-3),4.2,-0.27255,4.52,5.187729999999999,0.06059,5.11294,0.00932,5.241149999999999,0.38687,5.16026,0.01398,5.03358,0.00466,2.4852177795999997,-1.1447100000000001,1.3405077795999996
2125,NepaliSat-1 (BIRDS-3),4.2,-0.26669,4.52,5.19383,0.06992,5.117520000000001,0.00932,5.23657,0.37755,5.1511000000000005,0.00932,5.03053,0.00466,2.4593654053000003,-1.120098,1.3392674053000002
2130,NepaliSat-1 (BIRDS-3),4.2,-0.26669,4.52,5.19994,0.0792399999999999,5.12515,0.00932,5.24573,0.36823,5.14194,0.00932,5.03053,0.00466,2.4628099520999993,-1.120098,1.3427119520999993
2135,NepaliSat-1 (BIRDS-3),4.2,-0.25791,4.52,5.20604,0.0839,5.13126,0.00932,5.2442,0.35424,5.12821,0.00466,5.03053,0.00466,2.3896552356,-1.083222,1.3064332356
2140,NepaliSat-1 (BIRDS-3),4.2,-0.2608399999999999,4.52,5.212149999999999,0.09322,5.13584,0.00932,5.25488,0.35424,5.117520000000001,0.00466,5.029,0.00466,2.4425141262,-1.0955279999999996,1.3469861262000002
2145,NepaliSat-1 (BIRDS-3),4.2,-0.25791,4.52,5.212149999999999,0.10254,5.13889,0.00932,5.25641,0.3356,5.10379,0.00466,5.02747,0.00466,2.3936111834,-1.083222,1.3103891834
2150,NepaliSat-1 (BIRDS-3),4.2,-0.24912,4.52,5.21825,0.11187,5.14499,0.00932,5.25641,0.3262799999999999,5.09005,0.00466,5.02747,0.00466,2.3939260322999996,-1.0463040000000001,1.3476220322999994
2155,NepaliSat-1 (BIRDS-3),4.2,-0.2462,4.52,5.221310000000001,0.1211899999999999,5.14957,0.00932,5.25794,0.31229,5.07784,0.00466,5.02747,0.00466,2.3698573784999994,-1.03404,1.3358173784999994
2160,NepaliSat-1 (BIRDS-3),4.2,-0.24912,4.52,5.22741,0.12585,5.15415,0.00932,5.26099,0.29831,5.0686800000000005,0.00466,5.02747,0.00466,2.3223602124,-1.0463040000000001,1.2760562124
2165,NepaliSat-1 (BIRDS-3),4.2,-0.2462,4.52,5.22894,0.13051,5.1572,0.00932,5.25946,0.2936499999999999,5.06105,0.00466,5.02595,0.00466,2.3219399123999995,-1.03404,1.2878999123999995
2170,NepaliSat-1 (BIRDS-3),4.2,-0.24327,4.52,5.23504,0.13983,5.16026,0.00932,5.26099,0.2843299999999999,5.05952,0.00466,5.02595,0.00466,2.3229648432999994,-1.021734,1.3012308432999995
2175,NepaliSat-1 (BIRDS-3),4.2,-0.24034,4.52,5.23504,0.14916,5.16484,0.00932,5.26099,0.275,5.06105,0.00466,5.02747,0.00466,2.3227796283999997,-1.009428,1.3133516283999997
2180,NepaliSat-1 (BIRDS-3),4.2,-0.22863,4.52,5.23657,0.1584799999999999,5.16636,0.00932,5.25946,0.26102,5.0656300000000005,0.00466,5.029,0.00466,2.2979073137999997,-0.960246,1.3376613137999995
2185,NepaliSat-1 (BIRDS-3),4.2,-0.23155,4.52,5.23504,0.1631399999999999,5.16941,0.00932,5.25794,0.2470399999999999,5.07173,0.00466,5.03816,0.00466,2.248256911799999,-0.9725100000000001,1.2757469117999989
2190,NepaliSat-1 (BIRDS-3),4.2,-0.23741,4.52,5.23657,0.17712,5.17094,0.00932,5.25946,0.23772,5.07784,0.00466,5.05952,0.00466,2.273213368,-0.9971220000000001,1.276091368
2195,NepaliSat-1 (BIRDS-3),4.2,-0.2256999999999999,4.52,5.241149999999999,0.18178,5.172470000000001,0.00932,5.25488,0.2237299999999999,5.08547,0.00466,5.093100000000001,0.00466,2.224050105999999,-0.9479399999999997,1.2761101059999995
2200,NepaliSat-1 (BIRDS-3),4.2,-0.22277,4.52,5.241149999999999,0.18644,5.17399,0.01398,5.25641,0.21907,5.09158,0.00466,5.13278,0.00466,2.2486596424999994,-0.9356340000000001,1.3130256424999993
2205,NepaliSat-1 (BIRDS-3),4.2,-0.22277,4.52,5.241149999999999,0.19577,5.175520000000001,0.01398,5.250310000000001,0.20975,5.09921,0.00466,5.167890000000001,0.00466,2.2475109136,-0.9356340000000001,1.3118769136000001
2210,NepaliSat-1 (BIRDS-3),4.2,-0.22277,4.52,5.241149999999999,0.19577,5.175520000000001,0.01398,5.250310000000001,0.20975,5.09921,0.00466,5.167890000000001,0.00466,2.2475109136,-0.9356340000000001,1.3118769136000001
2215,NepaliSat-1 (BIRDS-3),4.2,-0.21984,4.52,5.20604,0.21441,5.1572,0.01864,5.21978,0.2237299999999999,5.10684,0.00466,5.17094,0.00932,2.4521696589999995,-0.923328,1.5288416589999994
2220,NepaliSat-1 (BIRDS-3),4.2,-0.21984,4.52,5.20757,0.2237299999999999,5.16026,0.01864,5.21825,0.20975,5.11294,0.00466,5.1801,0.01398,2.4520489183999996,-0.923328,1.5287209183999995
2225,NepaliSat-1 (BIRDS-3),4.2,-0.21398,4.52,5.2670900000000005,0.2237299999999999,5.19231,0.00932,5.265569999999999,0.13983,5.12515,0.00466,5.241149999999999,0.00932,2.0358137449999996,-0.8987160000000001,1.1370977449999995
2230,NepaliSat-1 (BIRDS-3),4.2,-0.2081299999999999,4.52,5.21825,0.23306,5.16636,0.01864,5.22283,0.18644,5.12515,0.00932,5.19536,0.01864,2.430818629,-0.8741459999999996,1.5566726290000004
2235,NepaliSat-1 (BIRDS-3),4.2,-0.2081299999999999,4.52,5.221310000000001,0.2423799999999999,5.16941,0.01864,5.221310000000001,0.1678,5.12668,0.00932,5.2091,0.02797,2.4315139228,-0.8741459999999996,1.5573679228000001
2240,NepaliSat-1 (BIRDS-3),4.2,-0.2081299999999999,4.52,5.26099,0.2423799999999999,5.19383,0.01398,5.25488,0.11653,5.13889,0.00466,5.25488,0.02797,2.131045886999999,-0.8741459999999996,1.2568998869999994
2245,NepaliSat-1 (BIRDS-3),4.2,-0.2052,4.52,5.26862,0.2517,5.19841,0.01398,5.25183,0.03263,5.14194,0.00466,5.26099,0.02797,1.7412639694,-0.86184,0.8794239694
2250,NepaliSat-1 (BIRDS-3),4.2,-0.20227,4.52,5.26862,0.25636,5.2014700000000005,0.01398,5.25336,0.0839,5.14499,0.00466,5.265569999999999,0.03729,2.0844656365,-0.849534,1.2349316365
2255,NepaliSat-1 (BIRDS-3),4.2,-0.2052,4.52,5.27625,0.26102,5.20299,0.01398,5.25641,0.07458,5.1480500000000005,0.00466,5.27167,0.04195,2.0871041024999997,-0.86184,1.2252641024999997
2260,NepaliSat-1 (BIRDS-3),4.2,-0.2081299999999999,4.52,5.2793,0.26568,5.20604,0.01398,5.25488,0.06059,5.14957,0.00466,5.2793,0.04661,2.0638432116,-0.8741459999999996,1.1896972116000004
2265,NepaliSat-1 (BIRDS-3),4.2,-0.19934,4.52,5.28541,0.2703399999999999,5.2091,0.00932,5.25336,0.05127,5.1511000000000005,0.00466,5.28541,0.05127,2.0417334152999995,-0.837228,1.2045054152999994
2270,NepaliSat-1 (BIRDS-3),4.2,-0.19934,4.52,5.291510000000001,0.275,5.21062,0.00932,5.250310000000001,0.03729,5.15415,0.00466,5.29609,0.05593,2.0197409410000002,-0.837228,1.1825129410000002
2275,NepaliSat-1 (BIRDS-3),4.2,-0.1934799999999999,4.52,5.29304,0.27967,5.21062,0.00932,5.250310000000001,0.02797,5.15568,0.00466,5.29762,0.06059,2.0207269104999996,-0.8126159999999997,1.2081109104999999
2280,NepaliSat-1 (BIRDS-3),4.2,-0.18763,4.52,5.30067,0.27967,5.21368,0.00932,5.2442,0.01864,5.15568,0.00466,5.31136,0.06526,1.9994265868999999,-0.788046,1.2113805868999998
2285,NepaliSat-1 (BIRDS-3),4.2,-0.1934799999999999,4.52,5.31136,0.2843299999999999,5.216729999999999,0.00932,5.24267,0.01398,5.158729999999999,0.00466,5.318989999999999,0.06992,2.0280349015999994,-0.8126159999999997,1.2154189015999997
2290,NepaliSat-1 (BIRDS-3),4.2,-0.18763,4.52,5.32662,0.27967,5.21825,0.00932,5.2381,0.00466,5.158729999999999,0.00466,5.3373,0.07458,1.9848349672,-0.788046,1.1967889672
2295,NepaliSat-1 (BIRDS-3),4.2,-0.19056,4.52,5.34341,0.27967,5.221310000000001,0.00932,5.23199,0.00466,5.161779999999999,0.00466,5.347989999999999,0.0792399999999999,2.0152637796999993,-0.8003520000000001,1.214911779699999
2300,NepaliSat-1 (BIRDS-3),4.2,-0.18177,4.52,5.36172,0.275,5.21978,0.00932,5.225890000000001,0.0,5.161779999999999,0.00466,5.3708800000000005,0.0839,1.9977920764000003,-0.763434,1.2343580764000004
2305,NepaliSat-1 (BIRDS-3),4.2,-0.18763,4.52,5.3708800000000005,0.275,5.21978,0.00932,5.21978,0.0,5.161779999999999,0.00466,5.389189999999999,0.0792399999999999,1.9767336599999998,-0.788046,1.1886876599999998
2310,NepaliSat-1 (BIRDS-3),4.2,-0.1846999999999999,4.52,5.3739300000000005,0.2703399999999999,5.21978,0.00932,5.21062,0.0,5.16331,0.00466,5.389189999999999,0.0839,1.9776506513999998,-0.7757399999999995,1.2019106514000004
2315,NepaliSat-1 (BIRDS-3),4.2,-0.1759099999999999,4.52,5.38614,0.26568,5.21825,0.00466,5.2045200000000005,0.0,5.16331,0.00466,5.3998800000000005,0.08856,1.9575811176000002,-0.7388219999999996,1.2187591176000006
2320,NepaliSat-1 (BIRDS-3),4.2,-0.1759099999999999,4.52,5.3998800000000005,0.25636,5.215199999999999,0.00466,5.196890000000001,0.00466,5.16484,0.00466,5.418189999999999,0.09322,1.9619854023999999,-0.7388219999999996,1.2231634024000002
2325,NepaliSat-1 (BIRDS-3),4.2,-0.17006,4.52,5.40598,0.2517,5.21368,0.00932,5.19078,0.0,5.16636,0.00466,5.41972,0.09322,1.9385781995999996,-0.714252,1.2243261995999997
2330,NepaliSat-1 (BIRDS-3),4.2,-0.1641999999999999,4.52,5.424300000000001,0.23306,5.212149999999999,0.00466,5.18468,0.0,5.167890000000001,0.00466,5.448720000000001,0.08856,1.7950969876,-0.6896399999999996,1.1054569876000004
2335,NepaliSat-1 (BIRDS-3),4.2,-0.1759099999999999,4.52,5.344930000000001,0.275,5.2091,0.00466,5.17705,0.0,5.16941,0.00466,5.3708800000000005,0.1211899999999999,2.1691165537999995,-0.7388219999999996,1.4302945537999998
2340,NepaliSat-1 (BIRDS-3),4.2,-0.17006,4.52,5.427350000000001,0.21907,5.2091,0.00932,5.172470000000001,0.00466,5.172470000000001,0.00466,5.4533000000000005,0.09788,1.8194948009,-0.714252,1.1052428009000002
2345,NepaliSat-1 (BIRDS-3),4.2,-0.17884,4.52,5.42888,0.21907,5.20604,0.00466,5.16636,0.0,5.17399,0.00466,5.45482,0.10254,1.7970129242000001,-0.751128,1.0458849242000001
2350,NepaliSat-1 (BIRDS-3),4.2,-0.16127,4.52,5.4304,0.21441,5.20604,0.00466,5.16026,0.0,5.175520000000001,0.00466,5.4563500000000005,0.10721,1.7976854170999998,-0.677334,1.1203514170999997
2355,NepaliSat-1 (BIRDS-3),4.2,-0.16127,4.52,5.36172,0.25636,5.2045200000000005,0.00466,5.15568,0.00466,5.17857,0.00466,5.39072,0.1351699999999999,2.1756048297999993,-0.677334,1.4982708297999991
2360,NepaliSat-1 (BIRDS-3),4.2,-0.16713,4.52,5.41056,0.21907,5.19994,0.00932,5.14957,0.0,5.18162,0.00466,5.442609999999999,0.11653,1.8921285124999998,-0.7019460000000001,1.1901825124999998
2365,NepaliSat-1 (BIRDS-3),4.2,-0.1641999999999999,4.52,5.40904,0.20975,5.19841,0.00932,5.14499,0.0,5.18468,0.00466,5.43498,0.1211899999999999,1.8658211561999993,-0.6896399999999996,1.1761811561999997
2370,NepaliSat-1 (BIRDS-3),4.2,-0.15834,4.52,5.40751,0.20975,5.196890000000001,0.00466,5.137359999999999,0.00466,5.18926,0.00466,5.44109,0.12585,1.8913259556,-0.6650280000000001,1.2262979555999998
2375,NepaliSat-1 (BIRDS-3),4.2,-0.1641999999999999,4.52,5.40446,0.20043,5.19536,0.00466,5.13431,0.00466,5.19078,0.00466,5.43651,0.13051,1.8650601348999998,-0.6896399999999996,1.1754201349000002
2380,NepaliSat-1 (BIRDS-3),4.2,-0.1554199999999999,4.52,5.40446,0.19577,5.19383,0.00932,5.12821,0.0,5.19536,0.00466,5.43651,0.1351699999999999,1.8655010640999996,-0.6527639999999996,1.2127370641000002
2385,NepaliSat-1 (BIRDS-3),4.2,-0.1641999999999999,4.52,5.398350000000001,0.19111,5.19231,0.00466,5.12515,0.0,5.19994,0.00466,5.43498,0.1351699999999999,1.8147528000999995,-0.6896399999999996,1.1251128001
2390,NepaliSat-1 (BIRDS-3),4.2,-0.14956,4.52,5.393770000000001,0.18644,5.18926,0.00466,5.12057,0.00466,5.20299,0.00466,5.43498,0.13983,1.8378774734,-0.628152,1.2097254734
2395,NepaliSat-1 (BIRDS-3),4.2,-0.14956,4.52,5.393770000000001,0.18644,5.18926,0.00466,5.12057,0.00466,5.20299,0.00466,5.43498,0.13983,1.8378774734,-0.628152,1.2097254734
2400,NepaliSat-1 (BIRDS-3),4.2,-0.1466299999999999,4.52,5.38767,0.17246,5.1862,0.00932,5.11142,0.0,5.212149999999999,0.00466,5.42888,0.14449,1.7862004424000002,-0.6158459999999996,1.1703544424000007
2405,NepaliSat-1 (BIRDS-3),4.2,-0.1554199999999999,4.52,5.38156,0.17246,5.1862,0.00932,5.10684,0.00466,5.216729999999999,0.00466,5.42125,0.14916,1.8331807078,-0.6527639999999996,1.1804167078000005
2410,NepaliSat-1 (BIRDS-3),4.2,-0.1466299999999999,4.52,5.38004,0.17246,5.1862,0.00466,5.10379,0.0,5.22283,0.00466,5.413609999999999,0.14916,1.7838418458,-0.6158459999999996,1.1679958458000006
2415,NepaliSat-1 (BIRDS-3),4.2,-0.14077,4.52,5.37241,0.1678,5.1862,0.00466,5.10073,0.00466,5.225890000000001,0.00466,5.41514,0.14916,1.7815024216,-0.591234,1.1902684216
2420,NepaliSat-1 (BIRDS-3),4.2,-0.1466299999999999,4.52,5.36783,0.1631399999999999,5.18926,0.00466,5.09768,0.0,5.23046,0.00466,5.41209,0.1584799999999999,1.7819717045999988,-0.6158459999999996,1.1661257045999993
2425,NepaliSat-1 (BIRDS-3),4.2,-0.1554199999999999,4.52,5.36477,0.1584799999999999,5.19383,0.00466,5.093100000000001,0.0,5.23352,0.00466,5.40598,0.1584799999999999,1.755539910999999,-0.6527639999999996,1.1027759109999993
2430,NepaliSat-1 (BIRDS-3),4.2,-0.1437,4.52,5.35562,0.1538199999999999,5.196890000000001,0.00466,5.088520000000001,0.0,5.2381,0.00466,5.4014,0.1584799999999999,1.7284423937999989,-0.60354,1.124902393799999
2435,NepaliSat-1 (BIRDS-3),4.2,-0.1466299999999999,4.52,5.34951,0.14916,5.2014700000000005,0.00932,5.08547,0.00466,5.23962,0.00466,5.39683,0.1631399999999999,1.7749643775999995,-0.6158459999999996,1.1591183776
2440,NepaliSat-1 (BIRDS-3),4.2,-0.1437,4.52,5.34646,0.1538199999999999,5.20757,0.00932,5.08242,0.0,5.241149999999999,0.00466,5.393770000000001,0.1678,1.8004253945999995,-0.60354,1.1968853945999995
2445,NepaliSat-1 (BIRDS-3),4.2,-0.13785,4.52,5.34188,0.14916,5.21062,0.00932,5.07784,0.00466,5.241149999999999,0.00466,5.38614,0.1678,1.7972385846,-0.57897,1.2182685846
2450,NepaliSat-1 (BIRDS-3),4.2,-0.14077,4.52,5.344930000000001,0.17712,5.21062,0.00932,5.07631,0.0,5.2442,0.00932,5.34951,0.18644,2.0414955684000002,-0.591234,1.4502615684000002
2455,NepaliSat-1 (BIRDS-3),4.2,-0.13785,4.52,5.3373,0.13051,5.21978,0.00466,5.07021,0.0,5.2442,0.00466,5.38614,0.1631399999999999,1.6240280493999995,-0.57897,1.0450580493999995
2460,NepaliSat-1 (BIRDS-3),4.2,-0.13199,4.52,5.3312,0.13051,5.22283,0.00932,5.0656300000000005,0.00466,5.2442,0.00466,5.38156,0.1631399999999999,1.6704431937999995,-0.554358,1.1160851937999996
2465,NepaliSat-1 (BIRDS-3),4.2,-0.1466299999999999,4.52,5.294569999999999,0.1678,5.215199999999999,0.00932,5.06258,0.0,5.23199,0.01398,5.3373,0.19111,2.0301891332,-0.6158459999999996,1.4143431332000005
2470,NepaliSat-1 (BIRDS-3),4.2,-0.13199,4.52,5.32204,0.1211899999999999,5.225890000000001,0.00932,5.058,0.0,5.24573,0.00932,5.3739300000000005,0.1678,1.6443189799999995,-0.554358,1.0899609799999994
2475,NepaliSat-1 (BIRDS-3),4.2,-0.13199,4.52,5.3083,0.13051,5.22436,0.00932,5.05342,0.00466,5.2442,0.00932,5.35562,0.17246,1.7375323746,-0.554358,1.1831743746
2480,NepaliSat-1 (BIRDS-3),4.2,-0.13785,4.52,5.30067,0.12585,5.22283,0.00932,5.04884,0.0,5.2442,0.00932,5.35104,0.17246,1.6874823975,-0.57897,1.1085123975
2485,NepaliSat-1 (BIRDS-3),4.2,-0.13199,4.52,5.29762,0.12585,5.22436,0.00932,5.04579,0.00466,5.24573,0.00932,5.347989999999999,0.17712,1.735036086,-0.554358,1.180678086
2490,NepaliSat-1 (BIRDS-3),4.2,-0.1349199999999999,4.52,5.28846,0.11653,5.22283,0.00932,5.04121,0.0,5.24267,0.01398,5.34341,0.17712,1.6846583252,-0.5666639999999996,1.1179943252000004
2495,NepaliSat-1 (BIRDS-3),4.2,-0.1349199999999999,4.52,5.28541,0.1211899999999999,5.221310000000001,0.00932,5.03816,0.0,5.2442,0.01398,5.3373,0.17246,1.6829861210999995,-0.5666639999999996,1.1163221210999998
2500,NepaliSat-1 (BIRDS-3),4.2,-0.1349199999999999,4.52,5.2793,0.11187,5.221310000000001,0.00932,5.03663,0.0,5.24267,0.01864,5.33272,0.17712,1.6815126353999998,-0.5666639999999996,1.1148486354000002
2505,NepaliSat-1 (BIRDS-3),4.2,-0.12906,4.52,5.27473,0.11187,5.21978,0.00932,5.03663,0.0,5.24573,0.01864,5.3312,0.17712,1.6807749459,-0.5420520000000001,1.1387229459000001
2510,NepaliSat-1 (BIRDS-3),4.2,-0.12906,4.52,5.27167,0.10721,5.21825,0.01398,5.03663,0.0,5.2442,0.01864,5.32967,0.17712,1.6798699141,-0.5420520000000001,1.1378179140999998
2515,NepaliSat-1 (BIRDS-3),4.2,-0.12906,4.52,5.26404,0.10254,5.216729999999999,0.01398,5.03816,0.0,5.24267,0.0233099999999999,5.3205100000000005,0.17246,1.6524863392999993,-0.5420520000000001,1.1104343392999994
2520,NepaliSat-1 (BIRDS-3),4.2,-0.1349199999999999,4.52,5.26099,0.09788,5.21825,0.01398,5.04274,0.00466,5.241149999999999,0.0233099999999999,5.318989999999999,0.17712,1.6756667198999993,-0.5666639999999996,1.1090027198999997
2525,NepaliSat-1 (BIRDS-3),4.2,-0.1232,4.52,5.25641,0.09788,5.21825,0.01398,5.04579,0.00466,5.2381,0.02797,5.31288,0.17246,1.673730869,-0.51744,1.1562908689999998
2530,NepaliSat-1 (BIRDS-3),4.2,-0.11735,4.52,5.250310000000001,0.09322,5.215199999999999,0.01864,5.05189,0.0,5.23504,0.02797,5.30983,0.17712,1.6735463845999998,-0.49287000000000003,1.1806763846
2535,NepaliSat-1 (BIRDS-3),4.2,-0.12906,4.52,5.24573,0.09322,5.21368,0.01864,5.058,0.0,5.23504,0.02797,5.30372,0.17712,1.6720089009999999,-0.5420520000000001,1.129956901
2540,NepaliSat-1 (BIRDS-3),4.2,-0.12028,4.52,5.23962,0.08856,5.21062,0.01864,5.06258,0.0,5.22894,0.03263,5.29915,0.17246,1.6456584252000002,-0.505176,1.1404824252
2545,NepaliSat-1 (BIRDS-3),4.2,-0.12906,4.52,5.23352,0.0839,5.2091,0.01864,5.067159999999999,0.0,5.22283,0.03263,5.29304,0.17246,1.6194485733000001,-0.5420520000000001,1.0773965733000002
2550,NepaliSat-1 (BIRDS-3),4.2,-0.12613,4.52,5.22741,0.0792399999999999,5.20604,0.0233099999999999,5.07021,0.0,5.21978,0.03263,5.28846,0.17246,1.6179419937999988,-0.5297459999999999,1.088195993799999
2555,NepaliSat-1 (BIRDS-3),4.2,-0.12613,4.52,5.22741,0.0792399999999999,5.20604,0.0233099999999999,5.07021,0.0,5.21978,0.03263,5.28846,0.17246,1.6179419937999988,-0.5297459999999999,1.088195993799999
2560,NepaliSat-1 (BIRDS-3),4.2,-0.1232,4.52,5.216729999999999,0.0792399999999999,5.19841,0.0233099999999999,5.07326,0.0,5.20604,0.03263,5.27625,0.17712,1.638951107499999,-0.51744,1.121511107499999
2565,NepaliSat-1 (BIRDS-3),4.2,-0.12613,4.52,5.20757,0.0792399999999999,5.19536,0.02797,5.07479,0.00466,5.19994,0.03263,5.27167,0.17712,1.6850028199999993,-0.5297459999999999,1.1552568199999995
2570,NepaliSat-1 (BIRDS-3),4.2,-0.11442,4.52,5.18315,0.10254,5.167890000000001,0.03263,5.07479,0.00466,5.16941,0.03729,5.241149999999999,0.19577,1.9425842075,-0.480564,1.4620202075
2575,NepaliSat-1 (BIRDS-3),4.2,-0.1232,4.9,5.20299,0.06526,5.19536,0.02797,5.07479,0.0,5.19383,0.02797,5.270149999999999,0.17246,1.5390228407,-0.51744,1.0215828406999998
2580,NepaliSat-1 (BIRDS-3),4.2,-0.1114899999999999,4.52,5.196890000000001,0.06526,5.187729999999999,0.02797,5.07326,0.0,5.1862,0.0233099999999999,5.26404,0.1678,1.4884460834999995,-0.46825799999999956,1.0201880835
2585,NepaliSat-1 (BIRDS-3),4.2,-0.11442,4.9,5.161779999999999,0.09788,5.14957,0.03263,5.0686800000000005,0.00466,5.1480500000000005,0.02797,5.21825,0.20043,1.8867703503000002,-0.480564,1.4062063503000002
2590,NepaliSat-1 (BIRDS-3),4.2,-0.11735,4.52,5.15415,0.09788,5.143470000000001,0.03263,5.0656300000000005,0.00466,5.14042,0.02797,5.2091,0.19577,1.8594885183,-0.49287000000000003,1.3666185183000001
2595,NepaliSat-1 (BIRDS-3),4.2,-0.1232,4.9,5.16941,0.07458,5.161779999999999,0.02797,5.06258,0.00466,5.1572,0.0233099999999999,5.23352,0.17712,1.6006766015999996,-0.51744,1.0832366015999995
2600,NepaliSat-1 (BIRDS-3),4.2,-0.11735,4.9,5.16484,0.07458,5.1572,0.03263,5.058,0.0,5.146520000000001,0.0233099999999999,5.22894,0.18178,1.6239552975999993,-0.49287000000000003,1.1310852975999994
2605,NepaliSat-1 (BIRDS-3),4.2,-0.11442,4.9,5.1572,0.07458,5.14957,0.02797,5.05189,0.0,5.137359999999999,0.01864,5.221310000000001,0.18178,1.5735475711000002,-0.480564,1.0929835711000002
2610,NepaliSat-1 (BIRDS-3),4.2,-0.1114899999999999,4.9,5.1511000000000005,0.07458,5.14194,0.02797,5.04579,0.00466,5.12973,0.01864,5.21825,0.18178,1.5956941334,-0.46825799999999956,1.1274361334000005
2615,NepaliSat-1 (BIRDS-3),4.2,-0.11735,4.9,5.14194,0.0792399999999999,5.13278,0.02797,5.039680000000001,0.00466,5.1190500000000005,0.01864,5.20757,0.18644,1.6408145337999993,-0.49287000000000003,1.1479445337999992
2620,NepaliSat-1 (BIRDS-3),4.2,-0.11442,4.9,5.13889,0.0792399999999999,5.12515,0.02797,5.03205,0.00466,5.10989,0.01864,5.19841,0.19111,1.6627219267999993,-0.480564,1.1821579267999993
2625,NepaliSat-1 (BIRDS-3),4.2,-0.11442,4.9,5.13431,0.07458,5.12363,0.02797,5.02595,0.0,5.10684,0.01398,5.19383,0.18644,1.5659560593,-0.480564,1.0853920593
2630,NepaliSat-1 (BIRDS-3),4.2,-0.10563,4.9,5.12973,0.07458,5.11447,0.0233099999999999,5.01832,0.00466,5.10073,0.01398,5.19078,0.18644,1.5642561588999995,-0.44364600000000004,1.1206101588999995
2635,NepaliSat-1 (BIRDS-3),4.2,-0.10271,4.9,5.12363,0.0792399999999999,5.10684,0.0233099999999999,5.01221,0.00466,5.09158,0.01398,5.1862,0.18644,1.586489196599999,-0.431382,1.155107196599999
2640,NepaliSat-1 (BIRDS-3),4.2,-0.10856,4.9,5.11447,0.0792399999999999,5.09768,0.0233099999999999,5.00305,0.00466,5.083939999999999,0.01398,5.17857,0.18644,1.583977808599999,-0.455952,1.128025808599999
2645,NepaliSat-1 (BIRDS-3),4.2,-0.11442,4.9,5.11142,0.07458,5.09158,0.0233099999999999,4.99695,0.00466,5.07784,0.01398,5.17399,0.18644,1.5588071191999995,-0.480564,1.0782431191999995
2650,NepaliSat-1 (BIRDS-3),4.2,-0.10856,4.9,5.10379,0.07458,5.08089,0.0233099999999999,4.989319999999999,0.00466,5.07326,0.01398,5.16484,0.19111,1.5803031824999993,-0.455952,1.1243511824999994
2655,NepaliSat-1 (BIRDS-3),4.2,-0.10856,4.9,5.10073,0.07458,5.07937,0.01864,4.98474,0.00466,5.0686800000000005,0.01398,5.16636,0.19111,1.5565239946,-0.455952,1.1005719946
2660,NepaliSat-1 (BIRDS-3),4.2,-0.1114899999999999,4.9,5.093100000000001,0.07458,5.07173,0.01864,4.98016,0.0,5.06258,0.01398,5.158729999999999,0.19111,1.5310402039,-0.46825799999999956,1.0627822039000003
2665,NepaliSat-1 (BIRDS-3),4.2,-0.10563,4.9,5.087,0.07458,5.064100000000001,0.01864,4.97558,0.00466,5.058,0.01398,5.15263,0.19111,1.5523994461,-0.44364600000000004,1.1087534461
2670,NepaliSat-1 (BIRDS-3),4.2,-0.10856,4.9,5.08089,0.07458,5.05647,0.01864,4.97405,0.00466,5.05342,0.01398,5.14499,0.19577,1.5742459538999998,-0.455952,1.1182939538999999
2675,NepaliSat-1 (BIRDS-3),4.2,-0.10271,4.9,5.07631,0.07458,5.04884,0.01864,4.971,0.00466,5.04731,0.01398,5.143470000000001,0.19111,1.5493963829,-0.431382,1.1180143829
2680,NepaliSat-1 (BIRDS-3),4.2,-0.10856,4.9,5.07173,0.0792399999999999,5.039680000000001,0.01864,4.96795,0.00466,5.04426,0.01398,5.137359999999999,0.19111,1.5712937917999994,-0.455952,1.1153417917999993
2685,NepaliSat-1 (BIRDS-3),4.2,-0.09392,4.9,5.067159999999999,0.07458,5.03205,0.01398,4.96642,0.00466,5.03816,0.01398,5.13278,0.19577,1.5466781863999999,-0.39446400000000004,1.1522141863999997
2690,NepaliSat-1 (BIRDS-3),4.2,-0.10271,4.9,5.07021,0.06526,5.03816,0.01398,4.964899999999999,0.00466,5.04121,0.01398,5.13889,0.18178,1.4290753554,-0.431382,0.9976933554
2695,NepaliSat-1 (BIRDS-3),4.2,-0.09978,4.9,5.067159999999999,0.06526,5.03205,0.01398,4.96337,0.00466,5.04121,0.01398,5.13278,0.18178,1.427673089,-0.419076,1.008597089
2700,NepaliSat-1 (BIRDS-3),4.2,-0.0968499999999999,4.9,5.01832,0.09322,4.98016,0.01864,4.94505,0.00466,4.99389,0.01864,5.08089,0.2237299999999999,1.8135155350999994,-0.4067699999999996,1.4067455350999998
2705,NepaliSat-1 (BIRDS-3),4.2,-0.0968499999999999,4.9,5.013739999999999,0.09322,4.97558,0.01398,4.942,0.00466,4.989319999999999,0.01864,5.07937,0.2237299999999999,1.7893775460999994,-0.4067699999999996,1.3826075460999998
2710,NepaliSat-1 (BIRDS-3),4.2,-0.09392,4.9,5.00916,0.08856,4.971,0.01398,4.94353,0.00466,4.98321,0.01864,5.07479,0.2283899999999999,1.7880609618999994,-0.39446400000000004,1.3935969618999993
2715,NepaliSat-1 (BIRDS-3),4.2,-0.09392,4.9,5.00916,0.08856,4.971,0.01398,4.94353,0.00466,4.98321,0.01864,5.07479,0.2283899999999999,1.7880609618999994,-0.39446400000000004,1.3935969618999993
2720,NepaliSat-1 (BIRDS-3),4.2,-0.0968499999999999,4.9,5.02747,0.06992,4.98321,0.00932,4.95726,0.00466,5.00305,0.01864,5.09768,0.19577,1.5122947168,-0.4067699999999996,1.1055247168000004
2725,NepaliSat-1 (BIRDS-3),4.2,-0.08514,4.9,5.02442,0.06526,4.97863,0.01398,4.95879,0.00466,5.00153,0.01864,5.093100000000001,0.19577,1.5109075642,-0.35758799999999996,1.1533195642
2730,NepaliSat-1 (BIRDS-3),4.2,-0.09978,4.9,5.01984,0.06526,4.97253,0.00932,4.95574,0.00466,4.99847,0.01864,5.08547,0.19577,1.4857864291,-0.419076,1.0667104291
2735,NepaliSat-1 (BIRDS-3),4.2,-0.09099,4.9,5.01679,0.06526,4.96947,0.01398,4.95574,0.00466,4.99389,0.01864,5.08089,0.20043,1.5314115466999998,-0.382158,1.1492535466999998
2740,NepaliSat-1 (BIRDS-3),4.2,-0.09392,4.9,5.00763,0.06526,4.960319999999999,0.00932,4.95574,0.00932,4.99084,0.01864,5.07784,0.20043,1.5299963418,-0.39446400000000004,1.1355323417999998
2745,NepaliSat-1 (BIRDS-3),4.2,-0.0968499999999999,4.9,5.0,0.06059,4.95116,0.00932,4.95574,0.00932,4.98321,0.01864,5.07173,0.19577,1.4810619245,-0.4067699999999996,1.0742919245000004
2750,NepaliSat-1 (BIRDS-3),4.2,-0.09099,4.9,4.99847,0.06059,4.94505,0.00932,4.95421,0.00932,4.986260000000001,0.01864,5.0686800000000005,0.19111,1.4567377217000002,-0.382158,1.0745797217000002
2755,NepaliSat-1 (BIRDS-3),4.2,-0.09099,4.9,4.99389,0.06059,4.94048,0.00932,4.95116,0.00932,4.98016,0.0233099999999999,5.0656300000000005,0.19577,1.5025557945999997,-0.382158,1.1203977945999997
2760,NepaliSat-1 (BIRDS-3),4.2,-0.0968499999999999,4.9,4.986260000000001,0.06059,4.93437,0.00932,4.95116,0.00932,4.97863,0.0233099999999999,5.058,0.19577,1.5005071582999996,-0.4067699999999996,1.0937371583
2765,NepaliSat-1 (BIRDS-3),4.2,-0.08806,4.9,4.98168,0.05593,4.92521,0.00932,4.95116,0.01398,4.97405,0.0233099999999999,5.05495,0.19111,1.4757421363999996,-0.369852,1.1058901363999996
2770,NepaliSat-1 (BIRDS-3),4.2,-0.09099,4.9,4.98016,0.05593,4.91911,0.00932,4.94811,0.01398,4.97405,0.0233099999999999,5.05189,0.19111,1.4749728351999996,-0.382158,1.0928148351999996
2775,NepaliSat-1 (BIRDS-3),4.2,-0.09392,4.9,4.97558,0.05127,4.91453,0.00932,4.95116,0.01398,4.971,0.02797,5.04426,0.19577,1.4966722732000002,-0.39446400000000004,1.1022082732
2780,NepaliSat-1 (BIRDS-3),4.2,-0.08806,4.9,4.96795,0.05127,4.906899999999999,0.00932,4.94963,0.01864,4.96642,0.02797,5.04426,0.19111,1.4956195037,-0.369852,1.1257675037
2785,NepaliSat-1 (BIRDS-3),4.2,-0.08514,4.9,4.96337,0.05127,4.90079,0.00932,4.94505,0.01864,4.96642,0.02797,5.03816,0.19111,1.4940765997,-0.35758799999999996,1.1364885997
2790,NepaliSat-1 (BIRDS-3),4.2,-0.08806,4.9,4.95879,0.04661,4.89469,0.00932,4.94811,0.01864,4.964899999999999,0.03263,5.035100000000001,0.18644,1.4697292141,-0.369852,1.0998772141
2795,NepaliSat-1 (BIRDS-3),4.2,-0.09099,4.9,4.95421,0.04661,4.891640000000001,0.00932,4.94505,0.0233099999999999,4.9618400000000005,0.03263,5.02747,0.18644,1.4910012743999994,-0.382158,1.1088432743999994
2800,NepaliSat-1 (BIRDS-3),4.2,-0.08806,4.9,4.94658,0.04661,4.88706,0.00932,4.93895,0.0233099999999999,4.95574,0.03263,5.02595,0.18644,1.4899783316999993,-0.369852,1.1201263316999992
2805,NepaliSat-1 (BIRDS-3),4.2,-0.09099,4.9,4.95726,0.03729,4.89011,0.00932,4.95421,0.0233099999999999,4.964899999999999,0.03263,5.03663,0.17246,1.3765365824999996,-0.382158,0.9943785824999996
2810,NepaliSat-1 (BIRDS-3),4.2,-0.07635,4.9,4.95269,0.03729,4.88553,0.00932,4.95116,0.0233099999999999,4.964899999999999,0.03263,5.03053,0.17246,1.3752003800999995,-0.32067,1.0545303800999994
2815,NepaliSat-1 (BIRDS-3),4.2,-0.07928,4.9,4.94505,0.04661,4.601649999999999,0.00932,4.94963,0.03263,4.9618400000000005,0.04195,4.96795,0.2237299999999999,1.7545112268999994,-0.33297600000000005,1.4215352268999992
2820,NepaliSat-1 (BIRDS-3),4.2,-0.07635,4.9,4.88706,0.04661,4.827529999999999,0.00932,4.88706,0.03263,4.8992700000000005,0.03729,4.96795,0.2237299999999999,1.7264164457999995,-0.32067,1.4057464457999995
2825,NepaliSat-1 (BIRDS-3),4.2,-0.08806,5.28,4.87485,0.04195,4.81838,0.00932,4.87332,0.03263,4.88553,0.04195,4.95726,0.23306,1.7687106897999998,-0.369852,1.3988586897999997
2830,NepaliSat-1 (BIRDS-3),4.2,-0.07342,5.28,4.87485,0.04195,4.8199,0.00932,4.8779,0.03263,4.891640000000001,0.04195,4.95421,0.2283899999999999,1.7452836223999997,-0.308364,1.4369196223999996
2835,NepaliSat-1 (BIRDS-3),4.2,-0.08514,5.28,4.906899999999999,0.03263,4.853479999999999,0.00932,4.91911,0.02797,4.93132,0.04195,4.99695,0.18644,1.4814343193,-0.35758799999999996,1.1238463193
2840,NepaliSat-1 (BIRDS-3),4.2,-0.07928,4.9,4.90232,0.02797,4.84585,0.00932,4.911479999999999,0.03263,4.92521,0.04195,4.99084,0.18178,1.4563902595,-0.33297600000000005,1.1234142595
2845,NepaliSat-1 (BIRDS-3),4.2,-0.07928,5.28,4.8992700000000005,0.02797,4.84585,0.00932,4.911479999999999,0.03263,4.92674,0.04195,4.98168,0.17712,1.4314894008999999,-0.33297600000000005,1.0985134009
2850,NepaliSat-1 (BIRDS-3),4.2,-0.0822099999999999,5.28,4.89469,0.02797,4.8428,0.00932,4.90842,0.03263,4.92369,0.04195,4.98016,0.18178,1.4540434001999998,-0.3452819999999996,1.1087614002000001
2855,NepaliSat-1 (BIRDS-3),4.2,-0.08806,5.28,4.88858,0.02797,4.841270000000001,0.00932,4.8992700000000005,0.03263,4.91758,0.04661,4.98016,0.18178,1.4762192876999998,-0.369852,1.1063672876999997
2860,NepaliSat-1 (BIRDS-3),4.2,-0.08806,5.28,4.88553,0.02797,4.83974,0.00932,4.90079,0.03263,4.91453,0.04195,4.97558,0.17712,1.4291066917,-0.369852,1.0592546916999999
2865,NepaliSat-1 (BIRDS-3),4.2,-0.0822099999999999,5.28,4.87943,0.0233099999999999,4.83364,0.00932,4.90079,0.03263,4.90842,0.04661,4.96947,0.17712,1.4276757983999995,-0.3452819999999996,1.0823937983999998
2870,NepaliSat-1 (BIRDS-3),4.2,-0.07928,5.28,4.882479999999999,0.02797,4.832109999999999,0.00932,4.89621,0.03729,4.90995,0.04661,4.96795,0.17712,1.4729539751999998,-0.33297600000000005,1.1399779751999999
2875,NepaliSat-1 (BIRDS-3),4.2,-0.0822099999999999,5.28,4.87485,0.02797,4.83364,0.00932,4.891640000000001,0.03729,4.90842,0.04661,4.96642,0.17246,1.4490985843000002,-0.3452819999999996,1.1038165843000005
2880,NepaliSat-1 (BIRDS-3),4.2,-0.07928,5.28,4.87485,0.0233099999999999,4.832109999999999,0.00932,4.89316,0.03729,4.906899999999999,0.04661,4.9618400000000005,0.17246,1.4255634904999996,-0.33297600000000005,1.0925874904999997
2885,NepaliSat-1 (BIRDS-3),4.2,-0.0822099999999999,5.28,4.87485,0.02797,4.83059,0.00932,4.891640000000001,0.03729,4.90232,0.04661,4.9618400000000005,0.17246,1.4479959705,-0.3452819999999996,1.1027139705000004
2890,NepaliSat-1 (BIRDS-3),4.2,-0.07928,5.28,4.8702700000000005,0.02797,4.832109999999999,0.00932,4.89011,0.03729,4.90385,0.04661,4.95726,0.17246,1.4471064271,-0.33297600000000005,1.1141304271
2895,NepaliSat-1 (BIRDS-3),4.2,-0.0822099999999999,5.28,4.86874,0.02797,4.832109999999999,0.00932,4.88706,0.03729,4.8992700000000005,0.04661,4.95574,0.17246,1.4464742855,-0.3452819999999996,1.1011922855000003
2900,NepaliSat-1 (BIRDS-3),4.2,-0.0822099999999999,5.28,4.8672200000000005,0.02797,4.83516,0.00932,4.884,0.03729,4.89621,0.04661,4.95269,0.1678,1.4225979246999998,-0.3452819999999996,1.0773159247000001
2905,NepaliSat-1 (BIRDS-3),4.2,-0.0822099999999999,5.28,4.86416,0.02797,4.83516,0.00932,4.882479999999999,0.04195,4.89011,0.04661,4.94963,0.1678,1.4444102235,-0.3452819999999996,1.0991282235000004
2910,NepaliSat-1 (BIRDS-3),4.2,-0.07342,5.28,4.86874,0.03263,4.83974,0.00932,4.88095,0.03729,4.89316,0.04661,4.94811,0.1631399999999999,1.4212888414999996,-0.308364,1.1129248414999995
2915,NepaliSat-1 (BIRDS-3),4.2,-0.07928,5.28,4.862640000000001,0.02797,4.84432,0.01398,4.87943,0.03729,4.88858,0.04661,4.94811,0.1584799999999999,1.3977187656999994,-0.33297600000000005,1.0647427656999993
2920,NepaliSat-1 (BIRDS-3),4.2,-0.07342,5.28,4.86111,0.03263,4.8428,0.01398,4.87485,0.03729,4.88858,0.04661,4.94505,0.1538199999999999,1.3966078245999995,-0.308364,1.0882438245999995
2925,NepaliSat-1 (BIRDS-3),4.2,-0.07928,5.28,4.882479999999999,0.02797,4.86569,0.01398,4.89774,0.03729,4.90995,0.04661,4.95574,0.13983,1.3090359300999999,-0.33297600000000005,0.9760599300999998
2930,NepaliSat-1 (BIRDS-3),4.2,-0.07342,5.28,4.882479999999999,0.03263,4.87485,0.01864,4.89469,0.03729,4.90842,0.04661,4.95879,0.1351699999999999,1.3317666169999993,-0.308364,1.0234026169999992
2935,NepaliSat-1 (BIRDS-3),4.2,-0.08514,5.28,4.882479999999999,0.03263,4.87485,0.01864,4.891640000000001,0.03729,4.90537,0.04661,4.95726,0.13051,1.3082030802999998,-0.35758799999999996,0.9506150802999997
2940,NepaliSat-1 (BIRDS-3),4.2,-0.07342,5.28,4.882479999999999,0.03263,4.88095,0.0233099999999999,4.89469,0.03263,4.90537,0.04661,4.95726,0.13051,1.3084152998999994,-0.308364,1.0000512998999993
2945,NepaliSat-1 (BIRDS-3),4.2,-0.07049,5.28,4.82295,0.04195,4.82295,0.0233099999999999,4.832109999999999,0.03729,4.841270000000001,0.05127,4.90232,0.19111,1.6800293869999994,-0.296058,1.3839713869999994
2950,NepaliSat-1 (BIRDS-3),4.2,-0.07049,5.28,4.82143,0.04195,4.82295,0.02797,4.827529999999999,0.03729,4.84432,0.05593,4.90079,0.18644,1.7018215989,-0.296058,1.4057635989000001
2955,NepaliSat-1 (BIRDS-3),4.2,-0.07928,5.28,4.87637,0.04195,4.87943,0.02797,4.884,0.03263,4.90079,0.05127,4.94505,0.13051,1.3970482774,-0.33297600000000005,1.0640722773999998
2960,NepaliSat-1 (BIRDS-3),4.2,-0.07928,5.28,4.8779,0.04195,4.88706,0.03263,4.88553,0.03263,4.90537,0.05593,4.94353,0.13051,1.4430449611,-0.33297600000000005,1.1100689611
2965,NepaliSat-1 (BIRDS-3),4.2,-0.07635,5.28,4.884,0.04195,4.891640000000001,0.03263,4.88553,0.03263,4.906899999999999,0.05593,4.94811,0.12585,1.4210754176,-0.32067,1.1004054176
2970,NepaliSat-1 (BIRDS-3),4.2,-0.07635,5.28,4.88706,0.04661,4.89469,0.03729,4.884,0.02797,4.911479999999999,0.06059,4.95116,0.11653,1.4214595846999998,-0.32067,1.1007895846999998
2975,NepaliSat-1 (BIRDS-3),4.2,-0.07928,5.28,4.89316,0.04661,4.90079,0.04195,4.88706,0.03263,4.913,0.06059,4.95116,0.10721,1.4216156294999998,-0.33297600000000005,1.0886396294999998
2980,NepaliSat-1 (BIRDS-3),4.2,-0.07928,5.28,4.89469,0.04661,4.90385,0.04195,4.89469,0.02797,4.92063,0.06059,4.95574,0.10254,1.377065039,-0.33297600000000005,1.0440890390000002
2985,NepaliSat-1 (BIRDS-3),4.2,-0.07342,5.28,4.90079,0.05127,4.913,0.04661,4.89469,0.02797,4.92521,0.06526,4.95879,0.10254,1.4470564438,-0.308364,1.1386924438
2990,NepaliSat-1 (BIRDS-3),4.2,-0.07928,5.28,4.90842,0.05127,4.91758,0.04661,4.89621,0.02797,4.92827,0.06992,4.95879,0.08856,1.4015451717,-0.33297600000000005,1.0685691717
2995,NepaliSat-1 (BIRDS-3),4.2,-0.07635,5.28,4.90995,0.05593,4.92521,0.05127,4.89774,0.02797,4.93742,0.06992,4.960319999999999,0.0839,1.4255140624,-0.32067,1.1048440624
3000,NepaliSat-1 (BIRDS-3),4.2,-0.07635,5.28,4.916060000000001,0.05593,4.93132,0.05127,4.906899999999999,0.02797,4.93895,0.07458,4.96337,0.07458,1.4035450308000001,-0.32067,1.0828750308000001
3005,NepaliSat-1 (BIRDS-3),4.2,-0.07635,5.28,4.91758,0.05593,4.93742,0.05593,4.911479999999999,0.02797,4.942,0.07458,4.96337,0.06992,1.4041774360000001,-0.32067,1.083507436
3010,NepaliSat-1 (BIRDS-3),4.2,-0.07342,5.28,4.92521,0.06059,4.93895,0.06059,4.91911,0.03263,4.94811,0.07458,4.96642,0.06059,1.4281254452999999,-0.308364,1.1197614452999998
3015,NepaliSat-1 (BIRDS-3),4.2,-0.07342,5.28,4.932840000000001,0.06059,4.94505,0.06059,4.92216,0.03263,4.95421,0.0792399999999999,4.964899999999999,0.05127,1.4062334592999994,-0.308364,1.0978694592999994
3020,NepaliSat-1 (BIRDS-3),4.2,-0.07342,5.28,4.93742,0.06059,4.95574,0.06526,4.93132,0.03263,4.95726,0.0792399999999999,4.971,0.05127,1.4311552941999994,-0.308364,1.1227912941999993
3025,NepaliSat-1 (BIRDS-3),4.2,-0.07635,5.28,4.93437,0.06059,4.95726,0.06526,4.932840000000001,0.03263,4.96337,0.0792399999999999,4.96947,0.03729,1.3620518101999994,-0.32067,1.0413818101999994
3030,NepaliSat-1 (BIRDS-3),4.2,-0.07049,5.28,4.94658,0.06526,4.9618400000000005,0.06992,4.94048,0.03263,4.96795,0.0839,4.96947,0.03729,1.4330760673,-0.296058,1.1370180673
3035,NepaliSat-1 (BIRDS-3),4.2,-0.0675699999999999,5.28,4.94963,0.06526,4.97253,0.06992,4.942,0.03263,4.97253,0.0839,4.96947,0.02797,1.3881409542999998,-0.28379399999999955,1.1043469543000004
3040,NepaliSat-1 (BIRDS-3),4.2,-0.0675699999999999,5.67,4.95421,0.06526,4.98016,0.07458,4.94505,0.03729,4.97863,0.0839,4.971,0.01864,1.3894994889,-0.28379399999999955,1.1057054889000004
3045,NepaliSat-1 (BIRDS-3),4.2,-0.06464,5.67,4.98321,0.07458,5.00916,0.07458,4.97863,0.04195,5.00916,0.0839,4.97863,0.06059,1.6760081988,-0.271488,1.4045201988
3050,NepaliSat-1 (BIRDS-3),4.2,-0.07635,5.67,4.99695,0.06526,5.02289,0.0792399999999999,4.99542,0.03263,5.01984,0.0792399999999999,4.97558,0.00466,1.308073639599999,-0.32067,0.987403639599999
3055,NepaliSat-1 (BIRDS-3),4.2,-0.07635,5.67,5.00916,0.06526,5.03053,0.0792399999999999,4.99542,0.03729,5.03053,0.0792399999999999,4.97405,0.00466,1.333594460799999,-0.32067,1.012924460799999
3060,NepaliSat-1 (BIRDS-3),4.2,-0.07049,5.67,4.916060000000001,0.0792399999999999,4.93895,0.0839,4.90995,0.04195,4.93742,0.08856,4.942,0.04195,1.6544737170999997,-0.296058,1.3584157170999998
3065,NepaliSat-1 (BIRDS-3),4.2,-0.07049,5.67,4.92063,0.0839,4.942,0.08856,4.91758,0.04661,4.942,0.08856,4.942,0.04195,1.7246932008,-0.296058,1.4286352008
3070,NepaliSat-1 (BIRDS-3),4.2,-0.07049,5.67,4.916060000000001,0.0839,4.93895,0.08856,4.911479999999999,0.04195,4.935899999999999,0.08856,4.93895,0.03729,1.6771841815,-0.296058,1.3811261815
3075,NepaliSat-1 (BIRDS-3),4.2,-0.07049,5.67,5.00763,0.06992,5.035100000000001,0.08856,5.00611,0.03729,5.03205,0.0792399999999999,4.960319999999999,0.00466,1.4045745206999993,-0.296058,1.1085165206999994
3080,NepaliSat-1 (BIRDS-3),4.2,-0.07342,5.67,5.01984,0.06992,5.04731,0.09322,5.01832,0.03729,5.04579,0.0792399999999999,4.95726,0.00466,1.4315598349999996,-0.308364,1.1231958349999995
3085,NepaliSat-1 (BIRDS-3),4.2,-0.07342,5.67,5.02595,0.06992,5.05495,0.09322,5.02747,0.03729,5.05495,0.0792399999999999,4.95421,0.00466,1.4337520758999995,-0.308364,1.1253880758999995
3090,NepaliSat-1 (BIRDS-3),4.2,-0.07635,5.67,5.04274,0.06992,5.07173,0.09322,5.03816,0.03729,5.0686800000000005,0.07458,4.94963,0.00466,1.414335468,-0.32067,1.093665468
3095,NepaliSat-1 (BIRDS-3),4.2,-0.06464,5.67,5.05495,0.06992,5.08547,0.09788,5.04884,0.03729,5.07479,0.07458,4.94658,0.00466,1.4410080522,-0.271488,1.1695200522
3100,NepaliSat-1 (BIRDS-3),4.2,-0.0675699999999999,5.67,5.0686800000000005,0.06526,5.09921,0.10254,5.05952,0.03263,5.087,0.07458,4.94353,0.00466,1.4211724976,-0.28379399999999955,1.1373784976000003
3105,NepaliSat-1 (BIRDS-3),4.2,-0.07342,5.67,5.07631,0.06526,5.10226,0.10254,5.07021,0.03263,5.09005,0.07458,4.93895,0.00466,1.4225381193000002,-0.308364,1.1141741193
3110,NepaliSat-1 (BIRDS-3),4.2,-0.07049,5.67,5.08089,0.06526,5.117520000000001,0.10254,5.07173,0.03263,5.10531,0.07458,4.935899999999999,0.00466,1.4255752459,-0.296058,1.1295172459
3115,NepaliSat-1 (BIRDS-3),4.2,-0.06464,5.67,5.08089,0.06526,5.1190500000000005,0.10721,5.07937,0.03729,5.10684,0.06992,4.932840000000001,0.00466,1.4498592264,-0.271488,1.1783712264000001
3120,NepaliSat-1 (BIRDS-3),4.2,-0.06171,5.67,5.09463,0.06059,5.12515,0.11187,5.09158,0.03263,5.12057,0.06992,4.92827,0.00466,1.4291684102,-0.259182,1.1699864102
3125,NepaliSat-1 (BIRDS-3),4.2,-0.06171,5.67,5.10226,0.06059,5.13278,0.11187,5.093100000000001,0.03263,5.1221000000000005,0.07458,4.92674,0.00466,1.4545027114,-0.259182,1.1953207114
3130,NepaliSat-1 (BIRDS-3),4.2,-0.0675699999999999,5.67,5.10379,0.06059,5.137359999999999,0.11187,5.09921,0.03263,5.12668,0.06992,4.92216,0.00466,1.4317370528,-0.28379399999999955,1.1479430528000005
3135,NepaliSat-1 (BIRDS-3),4.2,-0.07049,5.67,5.10684,0.06059,5.14194,0.11187,5.10226,0.03263,5.12821,0.06992,4.92063,0.00466,1.4326335862,-0.296058,1.1365755862
3140,NepaliSat-1 (BIRDS-3),4.2,-0.06171,5.67,5.11294,0.05593,5.1480500000000005,0.11653,5.108359999999999,0.03263,5.13278,0.06992,4.91758,0.00466,1.4343546879,-0.259182,1.1751726879
3145,NepaliSat-1 (BIRDS-3),4.2,-0.07049,5.67,5.11142,0.05593,5.1511000000000005,0.11653,5.10989,0.03263,5.13431,0.06526,4.913,0.00466,1.4108347649000001,-0.296058,1.1147767649000002
3150,NepaliSat-1 (BIRDS-3),4.2,-0.05878,5.67,5.11447,0.05593,5.15415,0.1211899999999999,5.10531,0.03263,5.13584,0.06526,4.90995,0.00466,1.4353152962999995,-0.246876,1.1884392962999994
3155,NepaliSat-1 (BIRDS-3),4.2,-0.05878,5.67,5.1190500000000005,0.05127,5.15568,0.1211899999999999,5.116,0.03263,5.13889,0.06526,4.906899999999999,0.00466,1.4124357480999996,-0.246876,1.1655597480999995
3160,NepaliSat-1 (BIRDS-3),4.2,-0.0675699999999999,5.67,5.12057,0.05127,5.16331,0.1211899999999999,5.11447,0.03263,5.143470000000001,0.06526,4.90385,0.00466,1.4136731120999997,-0.28379399999999955,1.1298791121000002
3165,NepaliSat-1 (BIRDS-3),4.2,-0.05878,5.67,5.14194,0.04195,5.18926,0.1211899999999999,5.137359999999999,0.02797,5.16636,0.06059,4.90232,0.00466,1.3241573251999992,-0.246876,1.077281325199999
3170,NepaliSat-1 (BIRDS-3),4.2,-0.05878,5.67,5.14194,0.04195,5.18926,0.1211899999999999,5.137359999999999,0.02797,5.16636,0.06059,4.90232,0.00466,1.3241573251999992,-0.246876,1.077281325199999
3175,NepaliSat-1 (BIRDS-3),4.2,-0.06464,5.67,5.039680000000001,0.06992,5.07326,0.13983,5.035100000000001,0.04195,5.05952,0.0792399999999999,4.89621,0.00466,1.6967235197999997,-0.271488,1.4252355197999997
3180,NepaliSat-1 (BIRDS-3),4.2,-0.05878,5.67,5.14499,0.03729,5.19078,0.12585,5.13889,0.02797,5.167890000000001,0.05593,4.89316,0.00466,1.3006933066999997,-0.246876,1.0538173066999996
3185,NepaliSat-1 (BIRDS-3),4.2,-0.0675699999999999,5.67,5.13889,0.03729,5.19536,0.12585,5.143470000000001,0.02797,5.16941,0.05593,4.89011,0.00466,1.3012411338999998,-0.28379399999999955,1.0174471339000002
3190,NepaliSat-1 (BIRDS-3),4.2,-0.05878,5.67,5.1221000000000005,0.04195,5.16941,0.1351699999999999,5.12515,0.03263,5.146520000000001,0.06059,4.88858,0.00466,1.4154633187999994,-0.246876,1.1685873187999993
3195,NepaliSat-1 (BIRDS-3),4.2,-0.06171,5.67,5.1190500000000005,0.04195,5.16941,0.1351699999999999,5.1221000000000005,0.03263,5.14194,0.06059,4.88553,0.00466,1.4149441345999993,-0.259182,1.1557621345999993
3200,NepaliSat-1 (BIRDS-3),4.2,-0.06464,5.67,5.116,0.03729,5.172470000000001,0.1351699999999999,5.12668,0.03263,5.14499,0.06059,4.884,0.00466,1.3917163623999995,-0.271488,1.1202283623999996
3205,NepaliSat-1 (BIRDS-3),4.2,-0.06171,6.05,5.1221000000000005,0.03729,5.16941,0.1351699999999999,5.12515,0.03263,5.14194,0.06059,4.882479999999999,0.00466,1.3912884045999994,-0.259182,1.1321064045999993
3210,NepaliSat-1 (BIRDS-3),4.2,-0.05878,6.05,5.12363,0.04195,5.17399,0.1351699999999999,5.12363,0.03263,5.1480500000000005,0.06059,4.87943,0.00466,1.4161470469999993,-0.246876,1.1692710469999992
3215,NepaliSat-1 (BIRDS-3),4.2,-0.05878,6.05,5.12515,0.04195,5.175520000000001,0.13983,5.12668,0.03263,5.14957,0.05593,4.87637,0.00466,1.4167159068000001,-0.246876,1.1698399068
3220,NepaliSat-1 (BIRDS-3),4.2,-0.05878,6.05,5.12363,0.04195,5.175520000000001,0.13983,5.12821,0.03263,5.1480500000000005,0.06059,4.87637,0.00466,1.4406069661,-0.246876,1.1937309661
3225,NepaliSat-1 (BIRDS-3),4.2,-0.06171,6.05,5.12668,0.04195,5.17705,0.13983,5.12821,0.02797,5.14957,0.05593,4.87332,0.00466,1.3931322825,-0.259182,1.1339502825
3230,NepaliSat-1 (BIRDS-3),4.2,-0.0675699999999999,6.05,5.12668,0.04195,5.175520000000001,0.14449,5.12668,0.02797,5.1480500000000005,0.05593,4.8702700000000005,0.00466,1.4168942451000002,-0.28379399999999955,1.1331002451000005
3235,NepaliSat-1 (BIRDS-3),4.2,-0.05585,6.05,5.12668,0.04195,5.1801,0.13983,5.12821,0.02797,5.1511000000000005,0.05593,4.8702700000000005,0.00466,1.3936301239000002,-0.23457,1.1590601239000002
3240,NepaliSat-1 (BIRDS-3),4.2,-0.06171,6.05,5.12668,0.04195,5.175520000000001,0.13983,5.1221000000000005,0.02797,5.1511000000000005,0.05593,4.8672200000000005,0.00466,1.3928045928000001,-0.259182,1.1336225928
3245,NepaliSat-1 (BIRDS-3),4.2,-0.0675699999999999,6.05,5.12668,0.04195,5.17857,0.13983,5.12668,0.02797,5.15415,0.05593,4.86569,0.00466,1.3935226336,-0.28379399999999955,1.1097286336000005
3250,NepaliSat-1 (BIRDS-3),4.2,-0.06171,6.05,5.12973,0.04195,5.1801,0.13983,5.12363,0.02797,5.15568,0.05593,4.86416,0.00466,1.3938576556,-0.259182,1.1346756556
3255,NepaliSat-1 (BIRDS-3),4.2,-0.06171,6.05,5.12973,0.04195,5.17705,0.13983,5.12973,0.0233099999999999,5.14957,0.05593,4.862640000000001,0.00466,1.3693484337999997,-0.259182,1.1101664337999997
3260,NepaliSat-1 (BIRDS-3),4.2,-0.06171,6.05,5.12821,0.04195,5.17857,0.13983,5.12821,0.02797,5.158729999999999,0.05593,4.86111,0.00466,1.3938644278000003,-0.259182,1.1346824278000003
3265,NepaliSat-1 (BIRDS-3),4.2,-0.06464,6.05,5.13584,0.04195,5.175520000000001,0.13983,5.12821,0.02797,5.1572,0.05593,4.85958,0.00466,1.3936653221000002,-0.271488,1.1221773221000002
3270,NepaliSat-1 (BIRDS-3),4.2,-0.06171,6.05,5.13431,0.04661,5.172470000000001,0.13983,5.13126,0.02797,5.1511000000000005,0.05593,4.85806,0.00466,1.4168375940000002,-0.259182,1.1576555940000002
3275,NepaliSat-1 (BIRDS-3),4.2,-0.05878,6.05,5.13126,0.04661,5.175520000000001,0.13983,5.12973,0.02797,5.15263,0.05593,4.856529999999999,0.00466,1.4171575640000003,-0.246876,1.1702815640000002
3280,NepaliSat-1 (BIRDS-3),4.2,-0.06171,6.05,5.13278,0.04661,5.17094,0.13983,5.12821,0.02797,5.14957,0.05593,4.85501,0.00466,1.4163672464,-0.259182,1.1571852463999999
3285,NepaliSat-1 (BIRDS-3),4.2,-0.06171,6.05,5.06105,0.06526,5.09921,0.14916,5.05342,0.03729,5.07937,0.06992,4.853479999999999,0.00466,1.6570910855999998,-0.259182,1.3979090855999998
3290,NepaliSat-1 (BIRDS-3),4.2,-0.05585,6.05,5.06105,0.06526,5.09921,0.14916,5.05647,0.03729,5.07937,0.06992,4.85195,0.00466,1.6571976902999999,-0.23457,1.4226276903
3295,NepaliSat-1 (BIRDS-3),4.2,-0.05,6.05,5.143470000000001,0.03729,5.19231,0.13051,5.143470000000001,0.0233099999999999,5.16941,0.05127,4.85195,0.00466,1.2769883977999994,-0.21000000000000002,1.0669883977999994
3300,NepaliSat-1 (BIRDS-3),4.2,-0.05585,6.05,5.14194,0.03729,5.19078,0.12585,5.143470000000001,0.02797,5.16331,0.05127,4.85043,0.00466,1.2761913689999997,-0.23457,1.0416213689999998
3305,NepaliSat-1 (BIRDS-3),4.2,-0.06171,6.05,5.05342,0.06992,5.087,0.14449,5.04426,0.04195,5.07021,0.06992,4.8489,0.00466,1.6770674206,-0.259182,1.4178854206
3310,NepaliSat-1 (BIRDS-3),4.2,-0.05585,6.05,5.12057,0.05127,5.16331,0.13051,5.11447,0.02797,5.13889,0.05593,4.84737,0.00466,1.3894537997999996,-0.23457,1.1548837997999997
3315,NepaliSat-1 (BIRDS-3),4.2,-0.06171,6.05,5.116,0.05127,5.161779999999999,0.13051,5.10989,0.02797,5.137359999999999,0.05593,4.84737,0.00466,1.3888061400999998,-0.259182,1.1296241400999998
3320,NepaliSat-1 (BIRDS-3),4.2,-0.05878,6.05,5.11447,0.05127,5.15415,0.12585,5.10226,0.02797,5.13278,0.05593,4.84585,0.00466,1.363236913,-0.246876,1.1163609129999998
3325,NepaliSat-1 (BIRDS-3),4.2,-0.05585,6.05,5.10073,0.05593,5.14042,0.12585,5.09768,0.03263,5.12057,0.06059,4.84432,0.00466,1.4313728518000002,-0.23457,1.1968028518000002
3330,NepaliSat-1 (BIRDS-3),4.2,-0.05292,6.05,5.09463,0.05593,5.13126,0.12585,5.09158,0.03263,5.11447,0.06059,4.8428,0.00466,1.4293031675999999,-0.22226400000000002,1.2070391675999999
3335,NepaliSat-1 (BIRDS-3),4.2,-0.06171,6.05,5.09921,0.05593,5.14042,0.12585,5.093100000000001,0.02797,5.1190500000000005,0.06059,4.8428,0.00466,1.4073053668,-0.259182,1.1481233668
3340,NepaliSat-1 (BIRDS-3),4.2,-0.05878,6.05,5.09463,0.05593,5.13431,0.1211899999999999,5.087,0.02797,5.11142,0.06059,4.841270000000001,0.00466,1.3817143307999995,-0.246876,1.1348383307999994
3345,NepaliSat-1 (BIRDS-3),4.2,-0.06171,6.05,5.087,0.05127,5.12363,0.11653,5.07937,0.02797,5.10531,0.06059,4.83974,0.00466,1.3318209941,-0.259182,1.0726389941
3350,NepaliSat-1 (BIRDS-3),4.2,-0.05585,6.05,5.08089,0.06059,5.12057,0.11653,5.07784,0.02797,5.10073,0.06059,4.83974,0.00466,1.3781847510999998,-0.23457,1.1436147510999999
3355,NepaliSat-1 (BIRDS-3),4.2,-0.05292,6.05,5.07479,0.05593,5.116,0.11653,5.07631,0.03263,5.09463,0.06059,4.838220000000001,0.00466,1.3768702169,-0.22226400000000002,1.1546062169
3360,NepaliSat-1 (BIRDS-3),4.2,-0.05585,6.05,5.07173,0.05593,5.11142,0.11187,5.06258,0.03263,5.09158,0.06526,4.83669,0.00466,1.3754838858999998,-0.23457,1.1409138858999999
3365,NepaliSat-1 (BIRDS-3),4.2,-0.05585,6.05,5.07021,0.06059,5.10226,0.11187,5.0686800000000005,0.03263,5.09005,0.06526,4.83669,0.00466,1.3981005169,-0.23457,1.1635305169
3370,NepaliSat-1 (BIRDS-3),4.2,-0.05,6.43,5.06258,0.06059,5.09768,0.10721,5.06258,0.03729,5.08089,0.06526,4.83516,0.00466,1.3961583302000002,-0.21000000000000002,1.1861583302000003
3375,NepaliSat-1 (BIRDS-3),4.2,-0.05585,6.43,5.0656300000000005,0.06059,5.09768,0.10254,5.05647,0.03729,5.07937,0.06526,4.83364,0.00466,1.3722028438,-0.23457,1.1376328438
3380,NepaliSat-1 (BIRDS-3),4.2,-0.05878,6.43,5.06258,0.06059,5.09463,0.10254,5.06258,0.03729,5.08242,0.06526,4.83364,0.00466,1.3721321822,-0.246876,1.1252561822
3385,NepaliSat-1 (BIRDS-3),4.2,-0.05878,6.43,5.058,0.06059,5.083939999999999,0.10254,5.05037,0.04195,5.07784,0.06526,4.832109999999999,0.00466,1.3935319200999998,-0.246876,1.1466559200999997
3390,NepaliSat-1 (BIRDS-3),4.2,-0.05878,6.43,5.05037,0.06059,5.08089,0.09788,5.05952,0.04195,5.067159999999999,0.06526,4.83059,0.00466,1.3687597065,-0.246876,1.1218837064999998
3395,NepaliSat-1 (BIRDS-3),4.2,-0.05585,6.43,5.05189,0.06059,5.08242,0.09322,5.05189,0.04661,5.07479,0.06992,4.83059,0.00466,1.3926856666,-0.23457,1.1581156666
3400,NepaliSat-1 (BIRDS-3),4.2,-0.05292,6.43,5.04884,0.06059,5.07326,0.09322,5.058,0.04661,5.07021,0.06526,4.827529999999999,0.00466,1.3679700872000002,-0.22226400000000002,1.1457060872000002
3405,NepaliSat-1 (BIRDS-3),4.2,-0.05292,6.43,4.90842,0.0839,4.94048,0.09788,4.916060000000001,0.06059,4.93895,0.0792399999999999,4.827529999999999,0.00466,1.6071133835999996,-0.22226400000000002,1.3848493835999995
3410,NepaliSat-1 (BIRDS-3),4.2,-0.05585,6.43,5.0686800000000005,0.10254,5.09921,0.10254,5.07784,0.06526,5.09158,0.08856,4.82601,0.00932,1.8698840170000002,-0.23457,1.6353140170000002
3415,NepaliSat-1 (BIRDS-3),4.2,-0.05,6.43,5.0656300000000005,0.05127,5.09615,0.0792399999999999,5.07631,0.05127,5.08547,0.06059,4.824479999999999,0.00466,1.2544068938999995,-0.21000000000000002,1.0444068938999995
3420,NepaliSat-1 (BIRDS-3),4.2,-0.04707,6.43,5.067159999999999,0.05593,5.09005,0.07458,5.08242,0.05127,5.09158,0.06526,4.824479999999999,0.00466,1.2783564487999999,-0.197694,1.0806624487999998
3425,NepaliSat-1 (BIRDS-3),4.2,-0.04707,6.43,5.067159999999999,0.05593,5.09005,0.07458,5.07479,0.05593,5.08547,0.06059,4.82295,0.00466,1.2774587668,-0.197694,1.0797647667999999
3430,NepaliSat-1 (BIRDS-3),4.2,-0.05,6.43,5.039680000000001,0.06526,5.06258,0.07458,5.04426,0.02797,5.058,0.06992,4.8199,0.00466,1.2236607794,-0.21000000000000002,1.0136607794
3435,NepaliSat-1 (BIRDS-3),4.2,-0.05878,6.43,5.02747,0.06059,5.05189,0.07458,5.04121,0.06526,5.05189,0.06992,4.8199,0.00466,1.3860626108999998,-0.246876,1.1391866108999997
3440,NepaliSat-1 (BIRDS-3),4.2,-0.05,6.43,5.03053,0.06059,5.05342,0.06992,5.04121,0.06526,5.04579,0.06992,4.81838,0.00466,1.3623795912999999,-0.21000000000000002,1.1523795913
3445,NepaliSat-1 (BIRDS-3),4.2,-0.05585,6.43,5.029,0.06059,5.05037,0.06526,5.04426,0.06526,5.04731,0.06992,4.8168500000000005,0.00466,1.3388371000000001,-0.23457,1.1042671000000002
3450,NepaliSat-1 (BIRDS-3),4.2,-0.05292,6.43,5.02442,0.06059,5.04731,0.06526,5.039680000000001,0.06526,5.04731,0.06992,4.8168500000000005,0.00466,1.3380610114000002,-0.22226400000000002,1.1157970114000002
3455,NepaliSat-1 (BIRDS-3),4.2,-0.05585,6.43,5.02442,0.06059,5.04426,0.06526,5.03816,0.06992,5.04579,0.06992,4.8168500000000005,0.00466,1.3611343204,-0.23457,1.1265643204
3460,NepaliSat-1 (BIRDS-3),4.2,-0.05,6.43,5.02289,0.06059,5.03663,0.06059,5.03816,0.07458,5.04426,0.06992,4.81532,0.00466,1.36038634,-0.21000000000000002,1.15038634
3465,NepaliSat-1 (BIRDS-3),4.2,-0.05292,6.43,5.01221,0.06059,5.035100000000001,0.06059,5.03053,0.07458,5.03663,0.06992,4.8138000000000005,0.00466,1.3585369179,-0.22226400000000002,1.1362729179
3470,NepaliSat-1 (BIRDS-3),4.2,-0.04707,6.43,5.02137,0.06059,5.035100000000001,0.06059,5.03816,0.07458,5.04121,0.06992,4.812270000000001,0.00466,1.3599740715000002,-0.197694,1.1622800715000001
3475,NepaliSat-1 (BIRDS-3),4.2,-0.05292,6.43,5.02442,0.06059,5.03663,0.05593,5.035100000000001,0.07458,5.04731,0.06992,4.812270000000001,0.00466,1.3369791751,-0.22226400000000002,1.1147151751
3480,NepaliSat-1 (BIRDS-3),4.2,-0.04414,6.43,5.01832,0.06059,5.04121,0.05593,5.03663,0.07458,5.04426,0.06992,4.80922,0.00466,1.3367523739,-0.185388,1.1513643739
3485,NepaliSat-1 (BIRDS-3),4.2,-0.05,6.43,5.02289,0.06059,5.035100000000001,0.05593,5.035100000000001,0.07458,5.04121,0.06992,4.80922,0.00466,1.3363601745,-0.21000000000000002,1.1263601745
3490,NepaliSat-1 (BIRDS-3),4.2,-0.04707,6.43,5.01984,0.06059,5.03816,0.05127,5.03358,0.07458,5.039680000000001,0.07458,4.80769,0.00466,1.3361261350000002,-0.197694,1.1384321350000002
3495,NepaliSat-1 (BIRDS-3),4.2,-0.04414,6.43,5.010680000000001,0.06526,5.029,0.05127,5.02747,0.07458,5.03205,0.06992,4.80769,0.00466,1.3340272908,-0.185388,1.1486392907999998
3500,NepaliSat-1 (BIRDS-3),4.2,-0.05292,6.43,5.03205,0.06059,5.035100000000001,0.04661,5.04579,0.07458,5.04426,0.07458,4.80617,0.00466,1.3144906017,-0.22226400000000002,1.0922266017
3505,NepaliSat-1 (BIRDS-3),4.2,-0.04707,6.43,5.01221,0.06526,5.02747,0.05127,5.02595,0.07458,5.035100000000001,0.06992,4.80617,0.00466,1.3341415067,-0.197694,1.1364475067
3510,NepaliSat-1 (BIRDS-3),4.2,-0.05585,6.43,5.00763,0.06992,5.01832,0.05127,5.01679,0.07458,5.02747,0.07458,4.80464,0.00466,1.3789132891999998,-0.23457,1.1443432891999998
3515,NepaliSat-1 (BIRDS-3),4.2,-0.04414,6.43,5.013739999999999,0.06992,5.01984,0.04661,5.02289,0.07458,5.029,0.07458,4.80464,0.00466,1.3565950218,-0.185388,1.1712070218
3520,NepaliSat-1 (BIRDS-3),4.2,-0.05585,6.43,5.039680000000001,0.06059,5.05037,0.04661,5.05647,0.06992,5.05647,0.06992,4.803109999999999,0.00466,1.2702312143,-0.23457,1.0356612143000001
3525,NepaliSat-1 (BIRDS-3),4.2,-0.04414,6.82,4.83364,0.09322,4.83974,0.05593,4.8428,0.0792399999999999,4.853479999999999,0.08856,4.79853,0.00466,1.5572073895999994,-0.185388,1.3718193895999993
3530,NepaliSat-1 (BIRDS-3),4.2,-0.04121,6.82,4.81532,0.09322,4.8199,0.05593,4.8199,0.0792399999999999,4.832109999999999,0.08856,4.79701,0.00932,1.5730298081999994,-0.17308199999999999,1.3999478081999994
3535,NepaliSat-1 (BIRDS-3),4.2,-0.04121,6.82,5.02747,0.06526,5.029,0.04661,5.039680000000001,0.06526,5.04579,0.06992,4.80159,0.00466,1.2665609452,-0.17308199999999999,1.0934789452
3540,NepaliSat-1 (BIRDS-3),4.2,-0.05292,6.82,4.803109999999999,0.09788,4.803109999999999,0.05593,4.80617,0.0792399999999999,4.8199,0.08856,4.78938,0.01398,1.6134131362999995,-0.22226400000000002,1.3911491362999995
3545,NepaliSat-1 (BIRDS-3),4.2,-0.04121,6.82,4.784800000000001,0.09322,4.79396,0.05593,4.79396,0.07458,4.80159,0.08856,4.787850000000001,0.01398,1.563861729,-0.17308199999999999,1.3907797290000001
3550,NepaliSat-1 (BIRDS-3),4.2,-0.04707,6.82,4.94811,0.07458,4.95421,0.04661,4.95879,0.06992,4.96642,0.07458,4.79853,0.00466,1.3394211221,-0.197694,1.1417271221
3555,NepaliSat-1 (BIRDS-3),4.2,-0.05,6.82,4.93132,0.07458,4.93437,0.04661,4.92979,0.06992,4.95269,0.06992,4.79701,0.00466,1.3111058995,-0.21000000000000002,1.1011058995
3560,NepaliSat-1 (BIRDS-3),4.2,-0.04707,6.82,4.91911,0.0792399999999999,4.916060000000001,0.04661,4.92674,0.06992,4.92063,0.07458,4.79701,0.00466,1.3527401457999995,-0.197694,1.1550461457999994
3565,NepaliSat-1 (BIRDS-3),4.2,-0.05,6.82,4.89774,0.0792399999999999,4.90385,0.04661,4.90537,0.06526,4.90385,0.07458,4.79548,0.00466,1.3248658820999994,-0.21000000000000002,1.1148658820999995
3570,NepaliSat-1 (BIRDS-3),4.2,-0.04707,6.82,4.87179,0.0792399999999999,4.86569,0.04661,4.87943,0.06992,4.89011,0.07458,4.79396,0.00466,1.3410444534999992,-0.197694,1.1433504534999992
3575,NepaliSat-1 (BIRDS-3),4.2,-0.04414,6.82,4.85043,0.0792399999999999,4.856529999999999,0.04661,4.85195,0.06526,4.86111,0.07458,4.79396,0.00466,1.3122306308999994,-0.185388,1.1268426308999993
3580,NepaliSat-1 (BIRDS-3),4.2,-0.05,6.82,4.82906,0.0792399999999999,4.824479999999999,0.04661,4.832109999999999,0.06526,4.8428,0.07458,4.7909,0.00466,1.3063688437999994,-0.21000000000000002,1.0963688437999994
3585,NepaliSat-1 (BIRDS-3),4.2,-0.04707,6.82,4.81074,0.0792399999999999,4.81074,0.04661,4.8138000000000005,0.06526,4.82295,0.07458,4.787850000000001,0.00466,1.3015872089999994,-0.197694,1.1038932089999993
3590,NepaliSat-1 (BIRDS-3),4.2,-0.04707,6.82,4.80159,0.0792399999999999,4.79853,0.04661,4.79853,0.06059,4.8168500000000005,0.07458,4.78632,0.00932,1.2987295829999996,-0.197694,1.1010355829999996
3595,NepaliSat-1 (BIRDS-3),4.2,-0.04121,6.82,4.78632,0.0792399999999999,4.78632,0.04661,4.7909,0.06059,4.80159,0.07458,4.778689999999999,0.00932,1.2952789759999994,-0.17308199999999999,1.1221969759999995
3600,NepaliSat-1 (BIRDS-3),4.2,-0.04121,6.82,4.78632,0.0792399999999999,4.78632,0.04661,4.7909,0.06059,4.80159,0.07458,4.778689999999999,0.00932,1.2952789759999994,-0.17308199999999999,1.1221969759999995
3605,NepaliSat-1 (BIRDS-3),4.2,-0.05,6.82,4.77259,0.0792399999999999,4.76801,0.03729,4.76954,0.05593,4.784800000000001,0.07458,4.77259,0.0233099999999999,1.2908389535999991,-0.21000000000000002,1.0808389535999992
3610,NepaliSat-1 (BIRDS-3),4.2,-0.05292,6.82,4.76496,0.0792399999999999,4.7558,0.03729,4.7634300000000005,0.05127,4.778689999999999,0.07458,4.77106,0.02797,1.2889815168999994,-0.22226400000000002,1.0667175168999994
3615,NepaliSat-1 (BIRDS-3),4.2,-0.04414,6.82,4.75122,0.0792399999999999,4.74206,0.03729,4.75122,0.05127,4.76496,0.07458,4.76801,0.03263,1.3078640226999996,-0.185388,1.1224760226999995
3620,NepaliSat-1 (BIRDS-3),4.2,-0.04707,6.82,4.74664,0.0792399999999999,4.73596,0.03263,4.74512,0.04661,4.7603800000000005,0.06992,4.7634300000000005,0.03263,1.2401046620999996,-0.197694,1.0424106620999996
3625,NepaliSat-1 (BIRDS-3),4.2,-0.05,6.82,4.73901,0.0792399999999999,4.729850000000001,0.02797,4.73596,0.04661,4.75275,0.07458,4.7603800000000005,0.04195,1.2827141884999995,-0.21000000000000002,1.0727141884999996
3630,NepaliSat-1 (BIRDS-3),4.2,-0.05,6.82,4.73138,0.0792399999999999,4.71459,0.02797,4.73138,0.04661,4.74206,0.07458,4.75733,0.04661,1.3027132413999993,-0.21000000000000002,1.0927132413999994
3635,NepaliSat-1 (BIRDS-3),4.2,-0.03535,6.82,4.72527,0.0792399999999999,4.70238,0.0233099999999999,4.71764,0.04661,4.73291,0.06992,4.75122,0.05127,1.2784521895999992,-0.14847,1.1299821895999993
3640,NepaliSat-1 (BIRDS-3),4.2,-0.03535,6.82,4.65812,0.0792399999999999,4.63828,0.0233099999999999,4.652010000000001,0.04195,4.67491,0.06992,4.7069600000000005,0.11653,1.5477513110999992,-0.14847,1.3992813110999993
3645,NepaliSat-1 (BIRDS-3),4.2,-0.04414,6.82,4.73291,0.07458,4.7069600000000005,0.01864,4.72527,0.03729,4.74512,0.06526,4.758850000000001,0.04661,1.1484000102,-0.185388,0.9630120102
3650,NepaliSat-1 (BIRDS-3),4.2,-0.04414,6.82,4.72222,0.07458,4.6917,0.01864,4.71459,0.03729,4.73901,0.06992,4.68864,0.1351699999999999,1.5805585646999996,-0.185388,1.3951705646999994
3655,NepaliSat-1 (BIRDS-3),4.2,-0.03535,6.82,4.6337,0.07458,4.60317,0.01398,4.6275900000000005,0.03729,4.64896,0.06526,4.69322,0.13983,1.5421405759,-0.14847,1.3936705758999999
3660,NepaliSat-1 (BIRDS-3),4.2,-0.03828,7.2,4.71154,0.07458,4.65965,0.00932,4.70391,0.03263,4.71917,0.06059,4.74206,0.06059,1.1215591001999998,-0.160776,0.9607831001999998
3665,NepaliSat-1 (BIRDS-3),4.2,-0.03243,6.82,4.63217,0.06992,4.57418,0.00932,4.61691,0.03263,4.64896,0.06059,4.68712,0.14449,1.4760849125000002,-0.13620600000000002,1.3398789125000001
3670,NepaliSat-1 (BIRDS-3),4.2,-0.04121,7.2,4.68254,0.06992,4.61233,0.00932,4.66728,0.03263,4.69017,0.06059,4.72527,0.09788,1.2693702867,-0.17308199999999999,1.0962882867000001
3675,NepaliSat-1 (BIRDS-3),4.2,-0.04707,7.2,4.67491,0.06526,4.5986,0.00932,4.66117,0.03263,4.684069999999999,0.06059,4.7207,0.09788,1.245907473,-0.197694,1.048213473
3680,NepaliSat-1 (BIRDS-3),4.2,-0.04707,7.2,4.67033,0.06526,4.59096,0.00932,4.65812,0.02797,4.68254,0.05593,4.71459,0.10721,1.2452067555,-0.197694,1.0475127555
3685,NepaliSat-1 (BIRDS-3),4.2,-0.05,7.2,4.66422,0.06526,4.58486,0.00932,4.65049,0.02797,4.67796,0.05593,4.71917,0.10721,1.2447726162,-0.21000000000000002,1.0347726162
3690,NepaliSat-1 (BIRDS-3),4.2,-0.04707,7.2,4.65965,0.06526,4.58944,0.00932,4.64438,0.02797,4.67338,0.05593,4.7130600000000005,0.10721,1.2434349544,-0.197694,1.0457409544
3695,NepaliSat-1 (BIRDS-3),4.2,-0.04414,7.2,4.65965,0.06526,4.59402,0.00932,4.64896,0.02797,4.67491,0.05593,4.71459,0.11187,1.2658253361999998,-0.185388,1.0804373361999997
3700,NepaliSat-1 (BIRDS-3),4.2,-0.04707,7.2,4.66117,0.06526,4.59402,0.00932,4.64133,0.0233099999999999,4.67338,0.05593,4.7130600000000005,0.11653,1.2657886480999996,-0.197694,1.0680946480999995
3705,NepaliSat-1 (BIRDS-3),4.2,-0.04707,7.2,4.66422,0.06992,4.60012,0.00932,4.64744,0.0233099999999999,4.67033,0.05593,4.7100100000000005,0.11653,1.2873962293999994,-0.197694,1.0897022293999994
3710,NepaliSat-1 (BIRDS-3),4.2,-0.05,7.2,4.66575,0.06992,4.6047,0.00932,4.64133,0.0233099999999999,4.67491,0.05593,4.71459,0.11187,1.2662233458999994,-0.21000000000000002,1.0562233458999994
3715,NepaliSat-1 (BIRDS-3),4.2,-0.04414,7.2,4.66728,0.07458,4.606229999999999,0.00932,4.63675,0.01864,4.67796,0.05127,4.708489999999999,0.11187,1.2440226114999997,-0.185388,1.0586346114999996
3720,NepaliSat-1 (BIRDS-3),4.2,-0.04121,7.2,4.67033,0.07458,4.61386,0.00932,4.64133,0.01864,4.67796,0.05127,4.71612,0.10721,1.2232830122,-0.17308199999999999,1.0502010122
3725,NepaliSat-1 (BIRDS-3),4.2,-0.04121,7.2,4.67033,0.0792399999999999,4.61844,0.00932,4.64133,0.01864,4.67491,0.05127,4.71764,0.10721,1.2450960212999997,-0.17308199999999999,1.0720140212999998
3730,NepaliSat-1 (BIRDS-3),4.2,-0.04707,7.2,4.67949,0.0839,4.62302,0.00932,4.64896,0.01864,4.684069999999999,0.05593,4.72375,0.10254,1.2687057319,-0.197694,1.0710117318999999
3735,NepaliSat-1 (BIRDS-3),4.2,-0.05,7.2,4.68712,0.08856,4.6337,0.00932,4.65049,0.01864,4.68712,0.05593,4.72527,0.09322,1.2476028557999999,-0.21000000000000002,1.0376028558
3740,NepaliSat-1 (BIRDS-3),4.2,-0.04414,7.2,4.6917,0.09788,4.63675,0.01398,4.64744,0.01398,4.69322,0.05593,4.72833,0.08856,1.2702492715999998,-0.185388,1.0848612716
3745,NepaliSat-1 (BIRDS-3),4.2,-0.04121,7.2,4.69475,0.10254,4.63828,0.01398,4.65049,0.01398,4.6917,0.05593,4.7268,0.09322,1.3142957466,-0.17308199999999999,1.1412137466
3750,NepaliSat-1 (BIRDS-3),4.2,-0.04121,7.2,4.69933,0.10254,4.64438,0.01398,4.65354,0.01398,4.69933,0.05593,4.73138,0.08856,1.2936987594999998,-0.17308199999999999,1.1206167594999998
3755,NepaliSat-1 (BIRDS-3),4.2,-0.04707,7.2,4.71154,0.10721,4.65812,0.01398,4.66575,0.01398,4.71154,0.05593,4.73596,0.07458,1.252196235,-0.197694,1.054502235
3760,NepaliSat-1 (BIRDS-3),4.2,-0.04121,7.2,4.66117,0.11653,4.610810000000001,0.01398,4.60928,0.01398,4.66117,0.06059,4.70238,0.12585,1.5462778116,-0.17308199999999999,1.3731958116
3765,NepaliSat-1 (BIRDS-3),4.2,-0.05,7.2,4.74817,0.11653,4.69628,0.01398,4.6917,0.01398,4.74359,0.06059,4.7619,0.04195,1.1717240335999999,-0.21000000000000002,0.9617240335999999
3770,NepaliSat-1 (BIRDS-3),4.2,-0.05,7.2,4.74817,0.11653,4.69628,0.01398,4.6917,0.01398,4.74359,0.06059,4.7619,0.04195,1.1717240335999999,-0.21000000000000002,0.9617240335999999
3775,NepaliSat-1 (BIRDS-3),4.2,-0.04414,7.2,4.681010000000001,0.13051,4.62912,0.01398,4.62912,0.01398,4.67796,0.06526,4.71612,0.10721,1.5512477050999998,-0.185388,1.3658597050999997
3780,NepaliSat-1 (BIRDS-3),4.2,-0.04121,7.2,4.774109999999999,0.13051,4.72222,0.01398,4.71459,0.00932,4.77259,0.06526,4.77106,0.03263,1.2001646216999997,-0.17308199999999999,1.0270826216999998
3785,NepaliSat-1 (BIRDS-3),4.2,-0.04121,7.2,4.77717,0.13051,4.72527,0.01398,4.71612,0.00932,4.77717,0.06526,4.774109999999999,0.0233099999999999,1.1565245879999995,-0.17308199999999999,0.9834425879999995
3790,NepaliSat-1 (BIRDS-3),4.2,-0.04414,7.2,4.76496,0.1351699999999999,4.71154,0.01398,4.69628,0.00932,4.7634300000000005,0.06992,4.76496,0.03263,1.2422559723999993,-0.185388,1.0568679723999992
3795,NepaliSat-1 (BIRDS-3),4.2,-0.04121,7.2,4.76954,0.13983,4.71917,0.01398,4.708489999999999,0.00932,4.77106,0.06992,4.76496,0.02797,1.243650348,-0.17308199999999999,1.0705683480000001
3800,NepaliSat-1 (BIRDS-3),4.2,-0.04121,7.2,4.77717,0.14449,4.72375,0.01864,4.71154,0.00932,4.774109999999999,0.07458,4.77259,0.0233099999999999,1.2895177427999995,-0.17308199999999999,1.1164357427999996
3805,NepaliSat-1 (BIRDS-3),4.2,-0.04121,7.2,4.778689999999999,0.14449,4.73291,0.01398,4.7100100000000005,0.00932,4.784800000000001,0.07458,4.774109999999999,0.01864,1.2463760874999998,-0.17308199999999999,1.0732940874999999
3810,NepaliSat-1 (BIRDS-3),4.2,-0.04414,7.58,4.79548,0.14916,4.74206,0.01864,4.7207,0.00932,4.79243,0.0792399999999999,4.77564,0.01864,1.3164528019999995,-0.185388,1.1310648019999996
3815,NepaliSat-1 (BIRDS-3),4.2,-0.05,7.58,4.803109999999999,0.14916,4.74664,0.01398,4.729850000000001,0.00932,4.79853,0.0792399999999999,4.778689999999999,0.01398,1.2739137201999995,-0.21000000000000002,1.0639137201999995
3820,NepaliSat-1 (BIRDS-3),4.2,-0.04707,7.2,4.81074,0.1538199999999999,4.75275,0.01398,4.734430000000001,0.00932,4.8138000000000005,0.0792399999999999,4.778689999999999,0.00932,1.276539262199999,-0.197694,1.0788452621999989
3825,NepaliSat-1 (BIRDS-3),4.2,-0.04414,7.58,4.81532,0.1538199999999999,4.7619,0.01398,4.74054,0.00932,4.81838,0.0839,4.78022,0.00466,1.2779836243999996,-0.185388,1.0925956243999995
3830,NepaliSat-1 (BIRDS-3),4.2,-0.03828,7.58,4.827529999999999,0.1538199999999999,4.76801,0.01398,4.75275,0.00932,4.827529999999999,0.0839,4.78022,0.00466,1.2808286665999993,-0.160776,1.1200526665999992
3835,NepaliSat-1 (BIRDS-3),4.2,-0.04414,7.58,4.83364,0.1584799999999999,4.76801,0.01398,4.758850000000001,0.00932,4.82295,0.0839,4.78022,0.00466,1.3039658591999994,-0.185388,1.1185778591999993
3840,NepaliSat-1 (BIRDS-3),4.2,-0.05,7.58,4.8428,0.1538199999999999,4.78632,0.01398,4.76801,0.00932,4.84585,0.0839,4.78175,0.00466,1.2851198727999997,-0.21000000000000002,1.0751198727999998
3845,NepaliSat-1 (BIRDS-3),4.2,-0.05,7.58,4.8428,0.1538199999999999,4.784800000000001,0.01398,4.7603800000000005,0.00932,4.8428,0.0839,4.78175,0.00466,1.2847716165999998,-0.21000000000000002,1.0747716165999999
3850,NepaliSat-1 (BIRDS-3),4.2,-0.03828,7.58,4.84585,0.1538199999999999,4.778689999999999,0.01398,4.76648,0.00932,4.83516,0.0839,4.78175,0.00466,1.2845712057999996,-0.160776,1.1237952057999996
3855,NepaliSat-1 (BIRDS-3),4.2,-0.04121,7.58,4.841270000000001,0.1538199999999999,4.78175,0.01398,4.75733,0.00466,4.83516,0.0839,4.78022,0.00466,1.2616479233999995,-0.17308199999999999,1.0885659233999996
3860,NepaliSat-1 (BIRDS-3),4.2,-0.04414,7.58,4.83669,0.1538199999999999,4.76496,0.01398,4.7619,0.00932,4.83364,0.0839,4.77717,0.00466,1.2827787127999994,-0.185388,1.0973907127999993
3865,NepaliSat-1 (BIRDS-3),4.2,-0.03828,7.58,4.8199,0.1538199999999999,4.76801,0.01398,4.749689999999999,0.00932,4.81838,0.0839,4.77717,0.00466,1.2788446027999993,-0.160776,1.1180686027999993
3870,NepaliSat-1 (BIRDS-3),4.2,-0.04707,7.58,4.81532,0.14916,4.74664,0.01398,4.75275,0.00932,4.8138000000000005,0.0839,4.77564,0.00466,1.2550390907999998,-0.197694,1.0573450907999997
3875,NepaliSat-1 (BIRDS-3),4.2,-0.04121,7.58,4.81074,0.14916,4.74817,0.01398,4.734430000000001,0.00932,4.8138000000000005,0.0839,4.77564,0.00466,1.254206585,-0.17308199999999999,1.081124585
3880,NepaliSat-1 (BIRDS-3),4.2,-0.0295,7.58,4.882479999999999,0.13983,4.81532,0.00932,4.80922,0.00932,4.88706,0.0792399999999999,4.78022,0.00466,1.1819443507999992,-0.1239,1.0580443507999993
3885,NepaliSat-1 (BIRDS-3),4.2,-0.0295,7.58,4.85958,0.13983,4.79243,0.00932,4.784800000000001,0.00932,4.862640000000001,0.0792399999999999,4.78022,0.00466,1.1763662737999996,-0.1239,1.0524662737999997
3890,NepaliSat-1 (BIRDS-3),4.2,-0.03535,7.58,4.85501,0.13983,4.78022,0.00932,4.78022,0.00932,4.85195,0.0792399999999999,4.778689999999999,0.00466,1.1747165624999996,-0.14847,1.0262465624999995
3895,NepaliSat-1 (BIRDS-3),4.2,-0.03828,7.58,4.83364,0.13983,4.7634300000000005,0.00932,4.7634300000000005,0.00932,4.83669,0.0792399999999999,4.77717,0.00466,1.1701991441999995,-0.160776,1.0094231441999995
3900,NepaliSat-1 (BIRDS-3),4.2,-0.03828,7.58,4.7100100000000005,0.14449,4.63828,0.01398,4.64438,0.00932,4.7130600000000005,0.0839,4.72833,0.06992,1.5147086885,-0.160776,1.3539326885
3905,NepaliSat-1 (BIRDS-3),4.2,-0.03828,7.58,4.803109999999999,0.1351699999999999,4.72527,0.00932,4.74206,0.00932,4.803109999999999,0.0792399999999999,4.77259,0.00932,1.1625508694999989,-0.160776,1.0017748694999988
3910,NepaliSat-1 (BIRDS-3),4.2,-0.04121,7.58,4.7619,0.13983,4.69322,0.00932,4.7069600000000005,0.00932,4.76801,0.0792399999999999,4.758850000000001,0.0233099999999999,1.2422120604999993,-0.17308199999999999,1.0691300604999994
3915,NepaliSat-1 (BIRDS-3),4.2,-0.03828,7.58,4.7558,0.1351699999999999,4.681010000000001,0.00932,4.70238,0.00932,4.758850000000001,0.07458,4.75733,0.03263,1.2404413916999997,-0.160776,1.0796653916999996
3920,NepaliSat-1 (BIRDS-3),4.2,-0.04121,7.58,4.749689999999999,0.1351699999999999,4.67491,0.00932,4.6917,0.01398,4.7558,0.07458,4.75427,0.02797,1.2388402203999993,-0.17308199999999999,1.0657582203999993
3925,NepaliSat-1 (BIRDS-3),4.2,-0.04414,7.58,4.74817,0.1351699999999999,4.6688,0.00932,4.69017,0.01398,4.75427,0.07458,4.75275,0.04195,1.3048432505999994,-0.185388,1.1194552505999993
3930,NepaliSat-1 (BIRDS-3),4.2,-0.03243,7.58,4.74359,0.13051,4.6565900000000005,0.00932,4.68864,0.01398,4.74512,0.06992,4.74664,0.04195,1.2589328753,-0.13620600000000002,1.1227268753
3935,NepaliSat-1 (BIRDS-3),4.2,-0.03243,7.58,4.73138,0.13051,4.65354,0.00932,4.681010000000001,0.01398,4.73596,0.06992,4.74512,0.04195,1.2565000236000001,-0.13620600000000002,1.1202940236
3940,NepaliSat-1 (BIRDS-3),4.2,-0.03828,7.58,4.7268,0.12585,4.64744,0.00932,4.67491,0.00932,4.729850000000001,0.06526,4.74206,0.04195,1.18935151,-0.160776,1.02857551
3945,NepaliSat-1 (BIRDS-3),4.2,-0.02657,7.58,4.72222,0.13051,4.63828,0.00932,4.66728,0.01398,4.72375,0.06526,4.73596,0.05593,1.2979284439999998,-0.111594,1.1863344439999999
3950,NepaliSat-1 (BIRDS-3),4.2,-0.03535,7.58,4.71764,0.13051,4.63675,0.00932,4.66117,0.01398,4.71459,0.06059,4.73748,0.05127,1.2526244706999998,-0.14847,1.1041544706999997
3955,NepaliSat-1 (BIRDS-3),4.2,-0.02657,7.58,4.71764,0.13051,4.6337,0.00932,4.66728,0.01398,4.71459,0.06059,4.734430000000001,0.05593,1.2745875328,-0.111594,1.1629935328
3960,NepaliSat-1 (BIRDS-3),4.2,-0.0295,7.58,4.7069600000000005,0.12585,4.62454,0.00932,4.6565900000000005,0.00932,4.70238,0.05593,4.7268,0.06059,1.228271973,-0.1239,1.1043719730000001
3965,NepaliSat-1 (BIRDS-3),4.2,-0.03243,7.96,4.70238,0.12585,4.62302,0.00932,4.64744,0.00932,4.69017,0.05127,4.7268,0.05593,1.1830301500999998,-0.13620600000000002,1.0468241500999997
3970,NepaliSat-1 (BIRDS-3),4.2,-0.04121,7.58,4.6978,0.12585,4.61691,0.00932,4.63675,0.00932,4.69017,0.05127,4.72527,0.06526,1.2262983773,-0.17308199999999999,1.0532163773
3975,NepaliSat-1 (BIRDS-3),4.2,-0.04414,7.96,4.69475,0.12585,4.61691,0.00932,4.63523,0.00932,4.68712,0.04661,4.71764,0.06526,1.2034040819,-0.185388,1.0180160819
3980,NepaliSat-1 (BIRDS-3),4.2,-0.03535,7.96,4.6917,0.12585,4.61233,0.00932,4.63523,0.00932,4.681010000000001,0.04195,4.71459,0.07458,1.2246201959,-0.14847,1.0761501959
3985,NepaliSat-1 (BIRDS-3),4.2,-0.03535,7.96,4.68712,0.12585,4.61386,0.00932,4.6275900000000005,0.00932,4.6688,0.04195,4.708489999999999,0.07458,1.2230197102,-0.14847,1.0745497102
3990,NepaliSat-1 (BIRDS-3),4.2,-0.0295,7.96,4.68712,0.12585,4.601649999999999,0.00932,4.62302,0.00932,4.66422,0.03729,4.705430000000001,0.0792399999999999,1.2226350133999995,-0.1239,1.0987350133999996
3995,NepaliSat-1 (BIRDS-3),4.2,-0.03243,7.96,4.67491,0.1211899999999999,4.59554,0.00932,4.61233,0.00932,4.6565900000000005,0.03729,4.70391,0.08856,1.2425922019999995,-0.13620600000000002,1.1063862019999995
4000,NepaliSat-1 (BIRDS-3),4.2,0.0115,7.96,4.69017,0.1211899999999999,4.61691,0.00932,4.630649999999999,0.00932,4.67491,0.03263,4.7130600000000005,0.0792399999999999,1.1805941491999992,0.0483,1.2288941491999992
4005,NepaliSat-1 (BIRDS-3),4.2,-0.01193,7.96,4.64896,0.12585,4.56654,0.00932,4.58486,0.00932,4.62149,0.03263,4.681010000000001,0.11653,1.3666399779999998,-0.050106,1.3165339779999998
4010,NepaliSat-1 (BIRDS-3),4.2,-0.02071,7.96,4.64591,0.1211899999999999,4.57112,0.00932,4.575699999999999,0.00932,4.62302,0.03263,4.67643,0.11187,1.3222875619999996,-0.086982,1.2353055619999997
4015,NepaliSat-1 (BIRDS-3),4.2,-0.00607,7.96,4.67491,0.11653,4.60928,0.00932,4.61233,0.00932,4.652010000000001,0.02797,4.70238,0.0839,1.1553590692,-0.025494,1.1298650692
4020,NepaliSat-1 (BIRDS-3),4.2,0.00564,7.96,4.63675,0.11653,4.58486,0.00932,4.575699999999999,0.00932,4.61691,0.03263,4.68559,0.1211899999999999,1.3441933220999995,0.023688,1.3678813220999995
4025,NepaliSat-1 (BIRDS-3),4.2,-0.04121,7.96,4.6398,0.11653,4.58486,0.00932,4.575699999999999,0.00932,4.61538,0.02797,4.67491,0.10254,1.2345097632,-0.17308199999999999,1.0614277632
4030,NepaliSat-1 (BIRDS-3),4.2,-0.0295,7.96,4.64133,0.11187,4.581810000000001,0.00932,4.572649999999999,0.00932,4.61996,0.02797,4.67949,0.10721,1.2354535584000002,-0.1239,1.1115535584000003
4035,NepaliSat-1 (BIRDS-3),4.2,-0.03243,7.96,4.63523,0.11187,4.57875,0.00932,4.5696,0.00932,4.61844,0.02797,4.67796,0.10721,1.2345076605,-0.13620600000000002,1.0983016605
4040,NepaliSat-1 (BIRDS-3),4.2,-0.02071,7.96,4.64133,0.10721,4.58028,0.01398,4.57418,0.00932,4.61233,0.02797,4.67491,0.09788,1.1908477222,-0.086982,1.1038657222000001
4045,NepaliSat-1 (BIRDS-3),4.2,-0.02364,7.96,4.63675,0.10254,4.581810000000001,0.01398,4.57875,0.00466,4.60928,0.0233099999999999,4.681010000000001,0.10254,1.1482761059999995,-0.09928800000000002,1.0489881059999995
4050,NepaliSat-1 (BIRDS-3),4.2,-0.01778,7.96,4.63828,0.09788,4.59096,0.01398,4.57112,0.00932,4.61233,0.0233099999999999,4.67338,0.09322,1.1039452014999995,-0.074676,1.0292692014999996
4055,NepaliSat-1 (BIRDS-3),4.17,-0.009,7.96,4.62912,0.09788,4.59402,0.01398,4.575699999999999,0.00932,4.60775,0.0233099999999999,4.67949,0.09788,1.1254033228999996,-0.037529999999999994,1.0878733228999995
4060,NepaliSat-1 (BIRDS-3),4.2,-0.00607,7.96,4.6337,0.09788,4.58333,0.01398,4.5650200000000005,0.00932,4.606229999999999,0.0233099999999999,4.67186,0.09788,1.1248203738999993,-0.025494,1.0993263738999994
4065,NepaliSat-1 (BIRDS-3),4.2,-0.0002099999999999,7.96,4.63675,0.0839,4.57875,0.01398,4.56349,0.00466,4.61691,0.0233099999999999,4.67186,0.08856,0.9956602070999996,-0.00088199999999958,0.9947782071
4070,NepaliSat-1 (BIRDS-3),4.17,0.0115,7.96,4.62302,0.0839,4.58333,0.01398,4.57112,0.00932,4.60775,0.0233099999999999,4.67338,0.0839,0.9940524042999996,0.047955,1.0420074042999996
4075,NepaliSat-1 (BIRDS-3),4.17,0.01736,7.96,4.6337,0.0792399999999999,4.58333,0.01398,4.57418,0.00932,4.61386,0.0233099999999999,4.66422,0.10254,1.0596988943999992,0.0723912,1.1320900943999992
4080,NepaliSat-1 (BIRDS-3),4.17,0.02321,7.96,4.62607,0.07458,4.58944,0.01398,4.5650200000000005,0.00932,4.61386,0.0233099999999999,4.67491,0.08856,0.9732777643999995,0.0967857,1.0700634643999996
4085,NepaliSat-1 (BIRDS-3),4.17,0.032,7.96,4.61538,0.06992,4.58791,0.01398,4.5696,0.00466,4.60928,0.0233099999999999,4.67033,0.09322,0.9509511667999995,0.13344,1.0843911667999995
4090,NepaliSat-1 (BIRDS-3),4.17,0.032,7.96,4.63217,0.06059,4.59402,0.01398,4.56807,0.00932,4.5986,0.0233099999999999,4.66422,0.08856,0.9077186814999996,0.13344,1.0411586814999996
4095,NepaliSat-1 (BIRDS-3),4.17,0.04078,7.96,4.61233,0.05593,4.58486,0.01398,4.5696,0.00932,4.610810000000001,0.0233099999999999,4.6627,0.09788,0.9285156887999996,0.17005259999999997,1.0985682887999995
4100,NepaliSat-1 (BIRDS-3),4.17,0.04957,7.96,4.61996,0.04661,4.59402,0.01398,4.572649999999999,0.00932,4.60317,0.0233099999999999,4.67643,0.09322,0.8654145304999995,0.2067069,1.0721214304999995
4105,NepaliSat-1 (BIRDS-3),4.17,0.05543,7.96,4.61691,0.04195,4.59096,0.01864,4.56807,0.00932,4.60928,0.0233099999999999,4.66728,0.08856,0.8426059148999996,0.2311431,1.0737490148999995
4110,NepaliSat-1 (BIRDS-3),4.17,0.0642099999999999,7.96,4.60928,0.03729,4.58333,0.01864,4.57112,0.00932,4.60317,0.0233099999999999,4.67949,0.08856,0.8216316878999996,0.2677556999999996,1.0893873878999991
4115,NepaliSat-1 (BIRDS-3),4.17,0.0788499999999999,7.96,4.58944,0.03263,4.59554,0.01864,4.581810000000001,0.00932,4.61996,0.0233099999999999,4.66728,0.08856,0.7991423463999995,0.3288044999999996,1.127946846399999
4120,NepaliSat-1 (BIRDS-3),4.17,0.09935,7.96,4.59249,0.0233099999999999,4.58486,0.01864,4.5619700000000005,0.00932,4.61233,0.0233099999999999,4.6688,0.08856,0.7560126329999991,0.4142895,1.170302132999999
4125,NepaliSat-1 (BIRDS-3),4.17,0.10814,7.96,4.59096,0.01864,4.59554,0.01864,4.5650200000000005,0.00932,4.61538,0.02797,4.6688,0.08856,0.7563434529999999,0.4509438,1.207287253
4130,NepaliSat-1 (BIRDS-3),4.15,0.14328,7.96,4.581810000000001,0.01398,4.59096,0.01864,4.56807,0.00932,4.60928,0.0233099999999999,4.6688,0.0839,0.6913582473999995,0.594612,1.2859702473999994
4135,NepaliSat-1 (BIRDS-3),4.17,0.11985,7.96,4.577229999999999,0.00932,4.59402,0.01864,4.57875,0.00932,4.60775,0.0233099999999999,4.67338,0.0792399999999999,0.648691550099999,0.4997745,1.148466050099999
4140,NepaliSat-1 (BIRDS-3),4.15,0.12278,7.96,4.56654,0.00932,4.59554,0.01864,4.56349,0.00932,4.62149,0.0233099999999999,4.6565900000000005,0.0792399999999999,0.6474678686999991,0.509537,1.1570048686999992
4145,NepaliSat-1 (BIRDS-3),4.17,0.09935,7.96,4.56349,0.00932,4.60775,0.01864,4.572649999999999,0.00932,4.60317,0.0233099999999999,4.6627,0.07458,0.6260813434999994,0.4142895,1.0403708434999994
4150,NepaliSat-1 (BIRDS-3),4.17,0.09935,7.96,4.5619700000000005,0.00932,4.59554,0.01864,4.57418,0.00932,4.61233,0.0233099999999999,4.65965,0.07458,0.6258398928999995,0.4142895,1.0401293928999995
4155,NepaliSat-1 (BIRDS-3),4.17,0.09642,7.96,4.56807,0.00932,4.60317,0.0233099999999999,4.575699999999999,0.00932,4.60928,0.0233099999999999,4.6627,0.07458,0.647706311899999,0.4020714,1.0497777118999991
4160,NepaliSat-1 (BIRDS-3),4.17,0.0934899999999999,7.96,4.55281,0.00466,4.61538,0.02797,4.57112,0.00932,4.606229999999999,0.0233099999999999,4.6627,0.06992,0.6262983168999995,0.3898532999999996,1.016151616899999
4165,NepaliSat-1 (BIRDS-3),4.15,0.09057,7.96,4.551279999999999,0.00932,4.61844,0.03263,4.577229999999999,0.00932,4.61691,0.0233099999999999,4.66117,0.06992,0.6693065888999995,0.3758655,1.0451720888999996
4170,NepaliSat-1 (BIRDS-3),4.15,0.0934899999999999,7.96,4.55281,0.00466,4.6275900000000005,0.04195,4.586390000000001,0.00932,4.61996,0.0233099999999999,4.66422,0.06526,0.6701669146999996,0.38798349999999965,1.0581504146999992
4175,NepaliSat-1 (BIRDS-3),4.17,0.08764,7.96,4.55433,0.00466,4.63675,0.05127,4.577229999999999,0.00932,4.61538,0.02797,4.66422,0.06059,0.7133064023,0.3654588,1.0787652023
4180,NepaliSat-1 (BIRDS-3),4.17,0.08178,8.35,4.551279999999999,0.00466,4.62912,0.05593,4.55891,0.00932,4.61691,0.02797,4.66422,0.06059,0.7343447501,0.3410226,1.0753673501
4185,NepaliSat-1 (BIRDS-3),4.15,0.0788499999999999,7.96,4.5619700000000005,0.00466,4.6398,0.06526,4.581810000000001,0.00932,4.61386,0.0233099999999999,4.652010000000001,0.05593,0.7344905932999996,0.3272274999999996,1.0617180932999992
4190,NepaliSat-1 (BIRDS-3),4.17,0.073,8.35,4.55281,0.00466,4.65812,0.07458,4.57418,0.00932,4.61386,0.02797,4.65354,0.05127,0.7788867018,0.30440999999999996,1.0832967018
4195,NepaliSat-1 (BIRDS-3),4.17,0.06714,8.35,4.55891,0.00466,4.64591,0.0839,4.581810000000001,0.00932,4.60775,0.02797,4.6565900000000005,0.04661,0.7996612662,0.2799738,1.0796350662
4200,NepaliSat-1 (BIRDS-3),4.17,0.06128,7.96,4.55891,0.00466,4.655069999999999,0.08856,4.57418,0.00932,4.5986,0.0233099999999999,4.64744,0.04195,0.7782823513999996,0.2555376,1.0338199513999995
4205,NepaliSat-1 (BIRDS-3),4.17,0.05835,8.35,4.55586,0.00466,4.652010000000001,0.10254,4.5696,0.00932,4.61844,0.02797,4.65049,0.03729,0.8434306239000001,0.2433195,1.0867501239000001
4210,NepaliSat-1 (BIRDS-3),4.17,0.06128,8.35,4.557390000000001,0.00466,4.64744,0.11187,4.57418,0.00932,4.601649999999999,0.02797,4.64286,0.03263,0.8639825801,0.2555376,1.1195201800999999
4215,NepaliSat-1 (BIRDS-3),4.15,0.06128,8.35,4.55891,0.00466,4.6565900000000005,0.1211899999999999,4.56654,0.00932,4.62149,0.02797,4.64438,0.02797,0.8873031993999996,0.25431200000000004,1.1416151993999997
4220,NepaliSat-1 (BIRDS-3),4.17,0.04957,8.35,4.55281,0.00466,4.66117,0.13051,4.57112,0.00932,4.6047,0.02797,4.62912,0.01864,0.8872284854999999,0.2067069,1.0939353854999998
4225,NepaliSat-1 (BIRDS-3),4.17,0.04664,8.35,4.548229999999999,0.00466,4.66728,0.1351699999999999,4.57418,0.00932,4.61844,0.02797,4.62302,0.01398,0.8885099333999995,0.1944888,1.0829987333999995
4230,NepaliSat-1 (BIRDS-3),4.17,0.04371,7.96,4.54976,0.00466,4.67033,0.14449,4.57418,0.00932,4.62302,0.02797,4.61996,0.00932,0.9110131175,0.18227069999999998,1.0932838175
4235,NepaliSat-1 (BIRDS-3),4.17,0.02029,8.35,4.55281,0.00466,4.67186,0.1538199999999999,4.575699999999999,0.00932,4.61691,0.02797,4.610810000000001,0.00466,0.9331084710999994,0.0846093,1.0177177710999994
4240,NepaliSat-1 (BIRDS-3),4.15,0.0525,8.35,4.54518,0.00466,4.66422,0.1678,4.58028,0.00932,4.61538,0.02797,4.586390000000001,0.00466,0.9969896204,0.217875,1.2148646204
4245,NepaliSat-1 (BIRDS-3),4.17,0.00564,8.35,4.55433,0.00466,4.66575,0.1678,4.581810000000001,0.00932,4.62302,0.02797,4.54518,0.00466,0.9973249052000001,0.0235188,1.0208437052000001
4250,NepaliSat-1 (BIRDS-3),4.17,0.06128,8.35,4.5467,0.00466,4.67186,0.17712,4.575699999999999,0.00932,4.63675,0.02797,4.49023,0.00466,1.0419273585,0.2555376,1.2974649585
4255,NepaliSat-1 (BIRDS-3),4.15,0.0788499999999999,8.35,4.5467,0.00466,4.68254,0.18644,4.58333,0.00932,4.6275900000000005,0.02797,4.42002,0.00466,1.0869480007,0.3272274999999996,1.4141755006999996
4260,NepaliSat-1 (BIRDS-3),4.17,-0.01778,8.35,4.54976,0.00466,4.67643,0.19577,4.57418,0.00932,4.6275900000000005,0.02797,4.31319,0.00466,1.1288710979999996,-0.0741426,1.0547284979999996
4265,NepaliSat-1 (BIRDS-3),4.17,0.00564,8.35,4.54365,0.00466,4.66422,0.20043,4.58944,0.00932,4.606229999999999,0.02797,4.12698,0.00466,1.1468645843,0.0235188,1.1703833843
4270,NepaliSat-1 (BIRDS-3),4.17,-0.00314,8.35,4.548229999999999,0.00466,4.67491,0.20509,4.577229999999999,0.00932,4.62607,0.02797,3.85379,0.00466,1.1699816666,-0.0130938,1.1568878666
4275,NepaliSat-1 (BIRDS-3),4.17,-0.02071,8.35,4.557390000000001,0.00466,4.67186,0.21441,4.577229999999999,0.00932,4.61691,0.02797,2.98993,0.00466,1.2086587700999998,-0.0863607,1.1222980700999998
4280,NepaliSat-1 (BIRDS-3),4.17,-0.02364,8.35,4.55281,0.00466,4.68254,0.2237299999999999,4.57875,0.00932,4.6275900000000005,0.03263,1.7384000000000002,0.00466,1.2706139244999997,-0.09857880000000001,1.1720351244999996
4285,NepaliSat-1 (BIRDS-3),4.17,-0.0295,8.35,4.54212,0.00466,4.67491,0.2283899999999999,4.58028,0.00932,4.61233,0.03263,1.52015,0.00466,1.2891414105999996,-0.12301499999999999,1.1661264105999996
4290,NepaliSat-1 (BIRDS-3),4.17,-0.04707,8.35,4.54212,0.00466,4.67033,0.23772,4.58944,0.00932,4.62912,0.03263,1.43162,0.00466,1.3318902424,-0.1962819,1.1356083424
4295,NepaliSat-1 (BIRDS-3),4.17,-0.05292,8.35,4.5406,0.00466,4.67491,0.2423799999999999,4.58791,0.00932,4.62149,0.03729,1.41026,0.00466,1.3759303766999993,-0.2206764,1.1552539766999992
4300,NepaliSat-1 (BIRDS-3),4.17,-0.07342,8.35,4.5406,0.00466,4.69322,0.2470399999999999,4.586390000000001,0.00932,4.64896,0.04195,1.39957,0.00466,1.4248632877999994,-0.3061614,1.1187018877999995
4305,NepaliSat-1 (BIRDS-3),4.2,-0.0822099999999999,8.35,4.54365,0.00466,4.68864,0.25636,4.59554,0.00932,4.65049,0.04661,1.39499,0.00466,1.4892435845,-0.3452819999999996,1.1439615845000004
4310,NepaliSat-1 (BIRDS-3),4.17,-0.0968499999999999,8.35,4.54212,0.00466,4.67796,0.26568,4.59554,0.00932,4.6565900000000005,0.05127,1.39347,0.00466,1.5520740643000002,-0.40386449999999957,1.1482095643000005
4315,NepaliSat-1 (BIRDS-3),4.17,-0.10856,8.35,4.52686,0.00466,4.69017,0.2703399999999999,4.58791,0.00932,4.65965,0.06059,1.39652,0.00466,1.6206310232999994,-0.4526952,1.1679358232999995
4320,NepaliSat-1 (BIRDS-3),4.2,-0.12906,8.35,4.532970000000001,0.00466,4.68559,0.275,4.572649999999999,0.00932,4.65354,0.06992,1.40415,0.00466,1.6841968440000001,-0.5420520000000001,1.1421448440000002
4325,NepaliSat-1 (BIRDS-3),4.2,-0.1437,8.35,4.62454,0.0,4.7909,0.2843299999999999,4.67796,0.00932,4.75427,0.07458,1.41789,0.00466,1.7669760081999994,-0.60354,1.1634360081999995
4330,NepaliSat-1 (BIRDS-3),4.2,-0.1349199999999999,8.35,4.64133,0.0,4.97405,0.275,4.85806,0.00466,4.93895,0.06526,1.43315,0.00466,1.7194966656000004,-0.5666639999999996,1.1528326656000007
4335,NepaliSat-1 (BIRDS-3),4.2,-0.12613,8.35,4.63523,0.0,5.05342,0.26568,4.92369,0.00466,5.02137,0.06059,1.45147,0.00466,1.6765456795,-0.5297459999999999,1.1467996795
4340,NepaliSat-1 (BIRDS-3),4.2,-0.12613,8.35,4.63523,0.0,5.05342,0.26568,4.92369,0.00466,5.02137,0.06059,1.45147,0.00466,1.6765456795,-0.5297459999999999,1.1467996795
4345,NepaliSat-1 (BIRDS-3),4.2,-0.11735,8.35,4.61844,0.0,5.12363,0.25636,4.96337,0.00466,5.088520000000001,0.06059,1.49725,0.00466,1.6519137028000002,-0.49287000000000003,1.1590437028
4350,NepaliSat-1 (BIRDS-3),4.2,-0.1114899999999999,8.35,4.60928,0.0,5.15568,0.2517,4.96795,0.0,5.11447,0.06059,1.52015,0.00466,1.6146542922999998,-0.46825799999999956,1.1463962923000002
4355,NepaliSat-1 (BIRDS-3),4.2,-0.1114899999999999,8.35,4.60317,0.0,5.19078,0.23306,4.97253,0.00466,5.15415,0.05593,1.53999,0.00466,1.5283831395,-0.46825799999999956,1.0601251395000004
4360,NepaliSat-1 (BIRDS-3),4.2,-0.09978,8.35,4.59554,0.0,5.20604,0.2283899999999999,4.97405,0.00466,5.167890000000001,0.05593,1.56288,0.00466,1.5085096570999998,-0.419076,1.0894336570999998
4365,NepaliSat-1 (BIRDS-3),4.2,-0.0968499999999999,8.35,4.586390000000001,0.0,5.117520000000001,0.2703399999999999,4.95421,0.00466,5.088520000000001,0.0839,1.5812,0.00466,1.8408521954,-0.4067699999999996,1.4340821954000003
4370,NepaliSat-1 (BIRDS-3),4.2,-0.09978,8.35,4.575699999999999,0.0,5.13584,0.2703399999999999,4.96337,0.00466,5.10531,0.0839,1.60256,0.00466,1.8473557283999995,-0.419076,1.4282797283999995
4375,NepaliSat-1 (BIRDS-3),4.2,-0.09978,8.35,4.575699999999999,0.0,5.13584,0.2703399999999999,4.96337,0.00466,5.10531,0.0839,1.60256,0.00466,1.8473557283999995,-0.419076,1.4282797283999995
4380,NepaliSat-1 (BIRDS-3),4.2,-0.09099,8.35,4.557390000000001,0.0,5.1572,0.26102,4.96795,0.0,5.12668,0.08856,1.6514000000000002,0.00466,1.8078466487999998,-0.382158,1.4256886487999998
4385,NepaliSat-1 (BIRDS-3),4.2,-0.08514,8.35,4.548229999999999,0.0,5.21978,0.21907,4.971,0.00466,5.187729999999999,0.06526,1.68651,0.00466,1.5130724610000001,-0.35758799999999996,1.1554844610000001
4390,NepaliSat-1 (BIRDS-3),4.2,-0.07928,8.35,4.53907,0.0,5.212149999999999,0.21907,4.96947,0.0,5.1862,0.06992,1.7094,0.00466,1.5124106084999998,-0.33297600000000005,1.1794346084999998
4395,NepaliSat-1 (BIRDS-3),4.2,-0.0822099999999999,8.35,4.52534,0.0,5.216729999999999,0.21441,4.96795,0.0,5.19078,0.07458,1.72009,0.00466,1.5136630710999999,-0.3452819999999996,1.1683810711000002
4400,NepaliSat-1 (BIRDS-3),4.2,-0.07635,8.35,4.51465,0.0,5.221310000000001,0.21441,4.96642,0.0,5.19383,0.07458,1.71856,0.00466,1.5148654081,-0.32067,1.1941954081
4405,NepaliSat-1 (BIRDS-3),4.2,-0.07928,8.35,4.503970000000001,0.0,5.21978,0.20975,4.9618400000000005,0.0,5.19383,0.07458,1.70788,0.00466,1.4901634172,-0.33297600000000005,1.1571874171999998
4410,NepaliSat-1 (BIRDS-3),4.2,-0.07635,8.35,4.48871,0.0,5.225890000000001,0.19577,4.95879,0.0,5.19841,0.07458,1.68498,0.00466,1.4186219099000001,-0.32067,1.0979519099000001
4415,NepaliSat-1 (BIRDS-3),4.2,-0.07342,8.35,4.47497,0.0,5.221310000000001,0.19577,4.95421,0.0,5.196890000000001,0.07458,1.65751,0.00466,1.4174839115,-0.308364,1.1091199114999999
4420,NepaliSat-1 (BIRDS-3),4.2,-0.07049,8.35,4.45665,0.0,5.22283,0.19111,4.94963,0.00466,5.19994,0.0792399999999999,1.62241,0.00466,1.4408039932999994,-0.296058,1.1447459932999995
4425,NepaliSat-1 (BIRDS-3),4.2,-0.06171,8.35,4.43834,0.0,5.22283,0.19577,4.94353,0.00466,5.19994,0.0839,1.60867,0.00466,1.4892816470999999,-0.259182,1.2300996470999999
4430,NepaliSat-1 (BIRDS-3),4.2,-0.0675699999999999,8.35,4.42155,0.0,5.221310000000001,0.19111,4.94048,0.0,5.19994,0.0792399999999999,1.59951,0.00466,1.4173415162999996,-0.28379399999999955,1.1335475163000002
4435,NepaliSat-1 (BIRDS-3),4.2,-0.06464,8.35,4.400180000000001,0.0,5.21825,0.18178,4.93437,0.0,5.19383,0.0839,1.58578,0.00466,1.3917255568000002,-0.271488,1.1202375568000003
4440,NepaliSat-1 (BIRDS-3),4.2,-0.06464,8.35,4.3757600000000005,0.0,5.215199999999999,0.18178,4.92827,0.0,5.19536,0.08856,1.57051,0.00466,1.4154387141999998,-0.271488,1.1439507141999998
4445,NepaliSat-1 (BIRDS-3),4.2,-0.05878,8.35,4.3544,0.0,5.21062,0.17712,4.92216,0.0,5.19078,0.08856,1.5598299999999998,0.00466,1.389869299,-0.246876,1.1429932989999998
4450,NepaliSat-1 (BIRDS-3),4.2,-0.05878,8.35,4.32845,0.0,5.20757,0.17712,4.91758,0.0,5.19231,0.09322,1.54762,0.00466,1.4136038458,-0.246876,1.1667278457999999
4455,NepaliSat-1 (BIRDS-3),4.2,-0.05878,8.35,4.29792,0.0,5.20757,0.17712,4.90995,0.0,5.19078,0.09322,1.53388,0.00466,1.4133971908,-0.246876,1.1665211908
4460,NepaliSat-1 (BIRDS-3),4.2,-0.05,8.35,4.2597700000000005,0.0,5.2014700000000005,0.1678,4.90232,0.00466,5.187729999999999,0.09322,1.51862,0.00466,1.386328437,-0.21000000000000002,1.176328437
4465,NepaliSat-1 (BIRDS-3),4.2,-0.05292,8.35,4.21856,0.0,5.19994,0.1584799999999999,4.89621,0.00466,5.18468,0.09788,1.50641,0.00466,1.3613991787999993,-0.22226400000000002,1.1391351787999993
4470,NepaliSat-1 (BIRDS-3),4.2,-0.05292,8.35,4.17125,0.0,5.19536,0.1584799999999999,4.88858,0.0,5.18315,0.10254,1.4926700000000002,0.00466,1.3617966959999994,-0.22226400000000002,1.1395326959999994
4475,NepaliSat-1 (BIRDS-3),4.2,-0.04707,8.35,4.1239300000000005,0.0,5.20299,0.14449,4.882479999999999,0.0,5.19231,0.09322,1.48352,0.00466,1.2427203665000002,-0.197694,1.0450263665000001
4480,NepaliSat-1 (BIRDS-3),4.2,-0.04121,8.35,4.05067,0.0,5.15415,0.18644,4.87332,0.00466,5.1480500000000005,0.12585,1.47131,0.00466,1.6383877942999998,-0.17308199999999999,1.4653057942999999
4485,NepaliSat-1 (BIRDS-3),4.2,-0.04707,8.35,3.97131,0.0,5.19383,0.1351699999999999,4.86569,0.00466,5.18315,0.09788,1.46368,0.00466,1.2388715872999998,-0.197694,1.0411775872999998
4490,NepaliSat-1 (BIRDS-3),4.2,-0.04707,8.35,3.87363,0.0,5.19078,0.1351699999999999,4.85958,0.00466,5.18468,0.10254,1.45604,0.00466,1.2627056089999995,-0.197694,1.0650116089999995
4495,NepaliSat-1 (BIRDS-3),4.2,-0.04707,8.35,3.721,0.0,5.18468,0.12585,4.85501,0.00466,5.18315,0.10721,1.44994,0.00466,1.2375585565,-0.197694,1.0398645565
4500,NepaliSat-1 (BIRDS-3),4.2,-0.04707,8.35,3.5119,0.0,5.16941,0.13051,4.8489,0.0,5.16484,0.11187,1.44383,0.00466,1.2591785976999996,-0.197694,1.0614845976999996
4505,NepaliSat-1 (BIRDS-3),4.2,-0.05,8.35,3.28144,0.0,5.16636,0.13051,4.84432,0.00466,5.161779999999999,0.1211899999999999,1.43926,0.00466,1.3290992445999994,-0.21000000000000002,1.1190992445999994
4510,NepaliSat-1 (BIRDS-3),4.2,-0.04707,8.35,3.05098,0.0,5.16331,0.13051,4.83974,0.00466,5.161779999999999,0.1211899999999999,1.43468,0.00466,1.3286585034999994,-0.197694,1.1309645034999993
4515,NepaliSat-1 (BIRDS-3),4.2,-0.03828,8.35,2.81441,0.0,5.15568,0.13051,4.838220000000001,0.00466,5.1572,0.1211899999999999,1.4301,0.00466,1.3270792359999994,-0.160776,1.1663032359999994
4520,NepaliSat-1 (BIRDS-3),4.2,-0.04414,8.35,2.558,0.0,5.15415,0.12585,4.83364,0.00466,5.15263,0.12585,1.42705,0.00466,1.3262830783999997,-0.185388,1.1408950783999998
4525,NepaliSat-1 (BIRDS-3),4.2,-0.04121,8.35,2.27564,0.0,5.1480500000000005,0.1211899999999999,4.83364,0.00466,5.14957,0.13051,1.42399,0.00466,1.3251231159999997,-0.17308199999999999,1.1520411159999997
4530,NepaliSat-1 (BIRDS-3),4.2,-0.04121,8.35,2.08181,0.0,5.14194,0.1211899999999999,4.832109999999999,0.0,5.146520000000001,0.13051,1.42094,0.00466,1.3014456141999995,-0.17308199999999999,1.1283636141999995
4535,NepaliSat-1 (BIRDS-3),4.2,-0.04121,8.35,2.08181,0.0,5.14194,0.1211899999999999,4.832109999999999,0.0,5.146520000000001,0.13051,1.42094,0.00466,1.3014456141999995,-0.17308199999999999,1.1283636141999995
4540,NepaliSat-1 (BIRDS-3),4.2,-0.04121,8.35,1.70482,0.0,5.13584,0.11187,4.83364,0.0,5.143470000000001,0.1351699999999999,1.4133099999999998,0.00466,1.2763752852999997,-0.17308199999999999,1.1032932852999997
4545,NepaliSat-1 (BIRDS-3),4.2,-0.03535,8.35,1.55678,0.0,5.13126,0.11187,4.8428,0.00466,5.13584,0.13983,1.41026,0.00466,1.321317823,-0.14847,1.1728478230000001
4550,NepaliSat-1 (BIRDS-3),4.2,-0.03535,8.35,1.55678,0.0,5.13126,0.11187,4.8428,0.00466,5.13584,0.13983,1.41026,0.00466,1.321317823,-0.14847,1.1728478230000001
4555,NepaliSat-1 (BIRDS-3),4.2,-0.03243,8.35,1.4911500000000002,0.0,5.1221000000000005,0.11187,5.010680000000001,0.00466,5.12821,0.1351699999999999,1.4072,0.00466,1.2960967934999996,-0.13620600000000002,1.1598907934999996
4560,NepaliSat-1 (BIRDS-3),4.2,-0.03828,8.35,1.46673,0.0,5.1190500000000005,0.10721,5.04579,0.00932,5.12363,0.13983,1.40568,0.00466,1.3188277650000002,-0.160776,1.1580517650000002
4565,NepaliSat-1 (BIRDS-3),4.2,-0.03535,8.35,1.44383,0.0,5.116,0.10254,5.064100000000001,0.01864,5.12515,0.1351699999999999,1.40568,0.00466,1.3183064582999995,-0.14847,1.1698364582999994
4570,NepaliSat-1 (BIRDS-3),4.2,-0.03243,8.35,1.42399,0.0,5.117520000000001,0.09322,5.07631,0.02797,5.12668,0.13051,1.40415,0.00466,1.2946659509,-0.13620600000000002,1.1584599509
4575,NepaliSat-1 (BIRDS-3),4.2,-0.03828,8.35,1.40568,0.0,5.117520000000001,0.0839,5.09005,0.03729,5.12668,0.12585,1.40415,0.00466,1.2709039095,-0.160776,1.1101279095
4580,NepaliSat-1 (BIRDS-3),4.2,-0.03535,8.35,1.39042,0.0,5.117520000000001,0.0839,5.09921,0.05127,5.13126,0.1211899999999999,1.40263,0.00466,1.3191900798999996,-0.14847,1.1707200798999997
4585,NepaliSat-1 (BIRDS-3),4.2,-0.03243,8.35,1.37668,0.0,5.116,0.07458,5.10684,0.06059,5.12821,0.11187,1.40263,0.00466,1.2712038240999999,-0.13620600000000002,1.1349978240999998
4590,NepaliSat-1 (BIRDS-3),4.2,-0.03828,8.35,1.366,0.0,5.12515,0.05593,5.12515,0.07458,5.13889,0.09788,1.40263,0.00466,1.1784141354999997,-0.160776,1.0176381354999997
4595,NepaliSat-1 (BIRDS-3),4.2,-0.03535,8.35,1.35531,0.0,5.12668,0.04661,5.083939999999999,0.0839,5.143470000000001,0.08856,1.40263,0.00466,1.1275390798,-0.14847,0.9790690798
4600,NepaliSat-1 (BIRDS-3),4.2,-0.02657,8.35,1.3461500000000002,0.0,5.09463,0.0792399999999999,5.09463,0.10254,5.10226,0.11653,1.4011,0.00466,1.5271973251999997,-0.111594,1.4156033251999998
4605,NepaliSat-1 (BIRDS-3),4.2,-0.03535,8.35,1.33852,0.0,5.093100000000001,0.07458,5.09768,0.11653,5.10226,0.11653,1.4011,0.00466,1.5749715322,-0.14847,1.4265015322
4610,NepaliSat-1 (BIRDS-3),4.2,-0.0295,8.35,1.3324200000000002,0.0,5.093100000000001,0.06992,5.10226,0.12585,5.10684,0.10721,1.4011,0.00466,1.5522624154,-0.1239,1.4283624154
4615,NepaliSat-1 (BIRDS-3),4.2,-0.0295,8.35,1.32631,0.0,5.09463,0.02797,5.108359999999999,0.1351699999999999,5.10684,0.06526,1.39957,0.00466,1.1727881968999996,-0.1239,1.0488881968999997
4620,NepaliSat-1 (BIRDS-3),4.2,-0.0295,8.35,1.32173,0.0,5.11447,0.03729,5.1511000000000005,0.14916,5.137359999999999,0.06992,1.4011,0.00466,1.3247899994999999,-0.1239,1.2008899995
4625,NepaliSat-1 (BIRDS-3),4.2,-0.03535,8.35,1.31716,0.0,5.11447,0.02797,5.15263,0.1584799999999999,5.137359999999999,0.06059,1.39957,0.00466,1.2774351668999995,-0.14847,1.1289651668999996
4630,NepaliSat-1 (BIRDS-3),4.2,-0.03243,8.35,1.3140999999999998,0.0,5.10989,0.02797,5.158729999999999,0.1678,5.13889,0.05593,1.39805,0.00466,1.3024915479999999,-0.13620600000000002,1.1662855479999998
4635,NepaliSat-1 (BIRDS-3),4.2,-0.03535,8.35,1.31105,0.0,5.11142,0.01864,5.158729999999999,0.17712,5.13584,0.04661,1.39805,0.00466,1.2548875417999998,-0.14847,1.1064175418
4640,NepaliSat-1 (BIRDS-3),4.2,-0.03535,8.35,1.308,0.0,5.108359999999999,0.01864,5.172470000000001,0.18644,5.13584,0.04195,1.39499,0.00466,1.2815242786,-0.14847,1.1330542786
4645,NepaliSat-1 (BIRDS-3),4.2,-0.0295,8.35,1.30647,0.0,5.10531,0.01398,5.17705,0.19577,5.137359999999999,0.03729,1.39499,0.00466,1.2829561201000002,-0.1239,1.1590561201000003
4650,NepaliSat-1 (BIRDS-3),4.2,-0.02657,8.35,1.30495,0.0,5.10226,0.01398,5.1801,0.20043,5.137359999999999,0.03263,1.39194,0.00466,1.283695535,-0.111594,1.1721015350000001
4655,NepaliSat-1 (BIRDS-3),4.2,-0.03535,8.35,1.30189,0.0,5.10226,0.01398,5.18926,0.20975,5.137359999999999,0.02797,1.3888900000000002,0.00466,1.3099410664,-0.14847,1.1614710663999999
4660,NepaliSat-1 (BIRDS-3),4.2,-0.03535,8.35,1.30189,0.0,5.10226,0.01398,5.18926,0.20975,5.137359999999999,0.02797,1.3888900000000002,0.00466,1.3099410664,-0.14847,1.1614710663999999
4665,NepaliSat-1 (BIRDS-3),4.2,-0.02364,8.35,1.29884,0.0,5.09615,0.00932,5.19994,0.21907,5.13584,0.01864,1.38584,0.00466,1.2888370457999998,-0.09928800000000002,1.1895490457999998
4670,NepaliSat-1 (BIRDS-3),4.2,-0.02657,8.35,1.30189,0.0,5.093100000000001,0.00932,5.20604,0.2237299999999999,5.137359999999999,0.01398,1.38431,0.00466,1.2904861985999994,-0.111594,1.1788921985999994
4675,NepaliSat-1 (BIRDS-3),4.2,-0.02657,8.35,1.30342,0.0,5.088520000000001,0.00932,5.216729999999999,0.2237299999999999,5.13584,0.00932,1.38431,0.00466,1.2688809226999993,-0.111594,1.1572869226999993
4680,NepaliSat-1 (BIRDS-3),4.2,-0.02657,8.35,1.30189,0.0,5.087,0.00932,5.22741,0.2283899999999999,5.13278,0.00932,1.38278,0.00466,1.2955802742999996,-0.111594,1.1839862742999996
4685,NepaliSat-1 (BIRDS-3),4.2,-0.02657,8.35,1.30189,0.0,5.08242,0.00932,5.225890000000001,0.2283899999999999,5.12973,0.00932,1.37973,0.00466,1.2951477968999996,-0.111594,1.1835537968999996
4690,NepaliSat-1 (BIRDS-3),4.2,-0.02657,8.35,1.30189,0.0,5.07784,0.00932,5.23504,0.2283899999999999,5.12668,0.00932,1.37821,0.00466,1.2971593705999993,-0.111594,1.1855653705999993
4695,NepaliSat-1 (BIRDS-3),4.2,-0.0295,8.35,1.3003699999999998,0.0,5.07479,0.00932,5.2442,0.2283899999999999,5.12515,0.00932,1.37668,0.00466,1.2992016075999995,-0.1239,1.1753016075999996
4700,NepaliSat-1 (BIRDS-3),4.2,-0.0295,8.35,1.3003699999999998,0.0,5.07021,0.00466,5.24725,0.2283899999999999,5.1221000000000005,0.00466,1.37363,0.00466,1.2523167078999995,-0.1239,1.1284167078999996
4705,NepaliSat-1 (BIRDS-3),4.2,-0.02657,8.35,1.3003699999999998,0.0,5.0656300000000005,0.00932,5.23962,0.23306,5.117520000000001,0.00466,1.3721,0.00466,1.2985991380000002,-0.111594,1.1870051380000002
4710,NepaliSat-1 (BIRDS-3),4.2,-0.02071,8.35,1.3003699999999998,0.0,5.05952,0.00932,5.167890000000001,0.2703399999999999,5.10226,0.0233099999999999,1.3705699999999998,0.00466,1.5695626457999992,-0.086982,1.4825806457999993
4715,NepaliSat-1 (BIRDS-3),4.2,-0.02364,8.35,1.29884,0.0,5.05647,0.00932,5.16636,0.275,5.10073,0.01864,1.36905,0.00466,1.5693326806,-0.09928800000000002,1.4700446806
4720,NepaliSat-1 (BIRDS-3),4.2,-0.02071,8.35,1.3003699999999998,0.0,5.05189,0.00932,5.167890000000001,0.275,5.09921,0.01864,1.36752,0.00466,1.5696752824000002,-0.086982,1.4826932824
4725,NepaliSat-1 (BIRDS-3),4.2,-0.02071,8.35,1.3003699999999998,0.0,5.04884,0.00466,5.2670900000000005,0.20509,5.10989,0.00466,1.366,0.00466,1.1339327299000002,-0.086982,1.0469507299000003
4730,NepaliSat-1 (BIRDS-3),4.2,-0.01193,8.35,1.30189,0.0,5.04274,0.00466,5.270149999999999,0.20975,5.108359999999999,0.00466,1.36447,0.00466,1.1590765186999998,-0.050106,1.1089705186999999
4735,NepaliSat-1 (BIRDS-3),4.2,-0.01193,8.35,1.30189,0.0,5.04274,0.00466,5.270149999999999,0.20975,5.108359999999999,0.00466,1.36447,0.00466,1.1590765186999998,-0.050106,1.1089705186999999
4740,NepaliSat-1 (BIRDS-3),4.2,-0.01778,8.35,1.30189,0.0,5.03205,0.00466,5.23352,0.23306,5.10226,0.00466,1.36294,0.00466,1.2733013562,-0.074676,1.1986253562
4745,NepaliSat-1 (BIRDS-3),4.2,-0.02657,8.35,1.30189,0.0,5.02595,0.00466,5.23352,0.2283899999999999,5.10073,0.00466,1.36142,0.00466,1.2488181787999995,-0.111594,1.1372241787999995
4750,NepaliSat-1 (BIRDS-3),4.2,-0.01778,8.35,1.30189,0.0,5.01984,0.00466,5.23046,0.23306,5.09768,0.00466,1.35989,0.00466,1.2724957381999997,-0.074676,1.1978197381999998
4755,NepaliSat-1 (BIRDS-3),4.2,-0.01778,8.35,1.30189,0.0,5.01221,0.00466,5.22436,0.23306,5.09463,0.00466,1.3583599999999998,0.00466,1.2710171735999998,-0.074676,1.1963411735999998
4760,NepaliSat-1 (BIRDS-3),4.2,-0.02364,8.35,1.30189,0.0,5.00458,0.00466,5.221310000000001,0.2283899999999999,5.093100000000001,0.00466,1.3583599999999998,0.00466,1.2458801372999995,-0.09928800000000002,1.1465921372999994
4765,NepaliSat-1 (BIRDS-3),4.2,-0.02071,8.35,1.30342,0.0,4.99542,0.00466,5.21368,0.2283899999999999,5.09005,0.00466,1.3583599999999998,0.00466,1.2440806229999994,-0.086982,1.1570986229999995
4770,NepaliSat-1 (BIRDS-3),4.2,-0.01778,8.35,1.30342,0.0,4.98474,0.00466,5.2091,0.23306,5.087,0.00466,1.3568399999999998,0.00466,1.2672900288,-0.074676,1.1926140288
4775,NepaliSat-1 (BIRDS-3),4.2,-0.02071,8.35,1.30342,0.0,4.97558,0.00466,5.20604,0.2283899999999999,5.083939999999999,0.00466,1.3568399999999998,0.00466,1.2422077131999993,-0.086982,1.1552257131999992
4780,NepaliSat-1 (BIRDS-3),4.2,-0.02364,8.35,1.30647,0.0,4.96337,0.00466,5.19841,0.23306,5.08089,0.00466,1.3568399999999998,0.00466,1.2646705606,-0.09928800000000002,1.1653825606
4785,NepaliSat-1 (BIRDS-3),4.2,-0.01778,8.35,1.308,0.0,4.94963,0.00466,5.19231,0.2283899999999999,5.07784,0.00466,1.3568399999999998,0.00466,1.2389225654999994,-0.074676,1.1642465654999994
4790,NepaliSat-1 (BIRDS-3),4.2,-0.01778,8.35,1.308,0.0,4.93437,0.00466,5.18315,0.2283899999999999,5.07326,0.00466,1.3568399999999998,0.00466,1.2367380586999994,-0.074676,1.1620620586999995
4795,NepaliSat-1 (BIRDS-3),4.2,-0.02364,8.73,1.308,0.0,4.916060000000001,0.00466,5.1801,0.23306,5.0686800000000005,0.00466,1.35531,0.00466,1.260118739,-0.09928800000000002,1.160830739
4800,NepaliSat-1 (BIRDS-3),4.2,-0.02071,8.35,1.31105,0.0,4.89316,0.00466,5.175520000000001,0.2283899999999999,5.064100000000001,0.00466,1.35531,0.00466,1.2347535889999994,-0.086982,1.1477715889999995
4805,NepaliSat-1 (BIRDS-3),4.2,-0.01485,8.35,1.31105,0.0,4.87179,0.00466,5.16941,0.2283899999999999,5.058,0.00466,1.35379,0.00466,1.2332230326999996,-0.06237,1.1708530326999995
4810,NepaliSat-1 (BIRDS-3),4.2,-0.01485,8.35,1.3140999999999998,0.0,4.8428,0.00932,5.16484,0.2283899999999999,5.05342,0.00932,1.35531,0.00466,1.2781463225999996,-0.06237,1.2157763225999996
4815,NepaliSat-1 (BIRDS-3),4.2,-0.01778,8.35,1.31563,0.0,4.80769,0.00466,5.1572,0.2283899999999999,5.04579,0.00466,1.35531,0.00466,1.2300858693999992,-0.074676,1.1554098693999992
4820,NepaliSat-1 (BIRDS-3),4.2,-0.02071,8.35,1.31868,0.0,4.76648,0.00466,5.1511000000000005,0.2283899999999999,5.03816,0.00466,1.35531,0.00466,1.2284650959999996,-0.086982,1.1414830959999995
4825,NepaliSat-1 (BIRDS-3),4.2,-0.01485,8.35,1.32326,0.0,4.71917,0.00466,5.137359999999999,0.2283899999999999,5.03053,0.00466,1.35531,0.00466,1.225070996999999,-0.06237,1.162700996999999
4830,NepaliSat-1 (BIRDS-3),4.2,-0.01485,8.35,1.32937,0.0,4.6565900000000005,0.00466,5.07021,0.27967,5.0,0.01864,1.35379,0.00466,1.5391940015,-0.06237,1.4768240015
4835,NepaliSat-1 (BIRDS-3),4.2,-0.02071,8.73,1.33089,0.0,4.557390000000001,0.00466,5.10073,0.21441,4.98321,0.00466,1.35379,0.00466,1.1444153767000003,-0.086982,1.0574333767000001
4840,NepaliSat-1 (BIRDS-3),4.17,0.0788499999999999,8.35,1.31563,0.0,4.34219,0.00466,4.6688,0.18644,4.630649999999999,0.04661,1.34768,0.00466,1.1128004626999999,0.3288044999999996,1.4416049626999996
4845,NepaliSat-1 (BIRDS-3),4.2,0.16085,8.73,1.308,0.0,3.84921,0.00466,4.31624,0.05593,4.67643,0.00466,1.3461500000000002,0.00466,0.2874098446,0.67557,0.9629798446
4850,NepaliSat-1 (BIRDS-3),4.15,0.26627,8.73,1.29731,0.0,1.42705,0.00932,4.56349,0.00932,4.24145,0.00466,1.3446300000000002,0.00466,0.08186296559999999,1.1050205000000002,1.1868834656000002
4855,NepaliSat-1 (BIRDS-3),4.15,0.23406,8.73,1.29274,0.0,1.33852,0.00932,2.10623,0.0,1.34768,0.00466,1.34158,0.00466,0.025006958000000003,0.971349,0.996355958
4860,NepaliSat-1 (BIRDS-3),4.15,0.23113,8.73,1.29121,0.0,1.33547,0.00932,1.60409,0.00466,1.30342,0.00466,1.34158,0.00466,0.0322473398,0.9591895000000001,0.9914368398000002
4865,NepaliSat-1 (BIRDS-3),4.15,0.23113,8.35,1.29121,0.0,1.33394,0.00932,1.54762,0.0,1.28816,0.00466,1.34005,0.00466,0.024679779399999997,0.9591895000000001,0.9838692794000001
4870,NepaliSat-1 (BIRDS-3),4.15,0.23698,8.73,1.29121,0.0,1.33394,0.00932,1.51557,0.0,1.28053,0.00466,1.34158,0.00466,0.0246513534,0.9834670000000001,1.0081183534
4875,NepaliSat-1 (BIRDS-3),4.15,0.23113,8.73,1.2896800000000002,0.0,1.3324200000000002,0.00932,1.48962,0.0,1.27442,0.00466,1.34005,0.00466,0.024601584600000004,0.9591895000000001,0.9837910846000002
4880,NepaliSat-1 (BIRDS-3),4.15,0.23113,8.73,1.28816,0.0,1.3324200000000002,0.00932,1.46825,0.0,1.26984,0.00466,1.34005,0.00466,0.024580241800000003,0.9591895000000001,0.9837697418000001
4885,NepaliSat-1 (BIRDS-3),4.15,0.2282,8.73,1.28816,0.0,1.33089,0.00932,1.44994,0.0,1.26526,0.00466,1.34158,0.00466,0.0245517692,0.94703,0.9715817692000001
4890,NepaliSat-1 (BIRDS-3),4.15,0.23406,8.73,1.28816,0.0,1.3324200000000002,0.00932,1.43315,0.0,1.26374,0.00466,1.34005,0.00466,0.0245518158,0.971349,0.9959008158
4895,NepaliSat-1 (BIRDS-3),4.15,0.23406,8.73,1.2866300000000002,0.0,1.33089,0.00932,1.41941,0.0,1.26221,0.00466,1.34158,0.00466,0.0245375562,0.971349,0.9958865562
4900,NepaliSat-1 (BIRDS-3),4.15,0.23113,8.73,1.2866300000000002,0.0,1.33089,0.00932,1.41026,0.0,1.26068,0.00466,1.34005,0.00466,0.024523296599999998,0.9591895000000001,0.9837127966000001
4905,NepaliSat-1 (BIRDS-3),4.12,0.23113,8.73,1.2866300000000002,0.0,1.33089,0.00932,1.39805,0.0,1.25916,0.00466,1.34158,0.00466,0.024523343200000002,0.9522556,0.9767789432
4910,NepaliSat-1 (BIRDS-3),4.15,0.22527,8.35,1.2851,0.0,1.32937,0.00932,1.3888900000000002,0.0,1.25763,0.00466,1.34158,0.00466,0.024502047000000002,0.9348705,0.9593725470000001
4915,NepaliSat-1 (BIRDS-3),4.12,0.22527,8.73,1.2851,0.0,1.33089,0.00932,1.38126,0.0,1.25763,0.00466,1.34005,0.00466,0.0245090836,0.9281124000000001,0.9526214836000001
4920,NepaliSat-1 (BIRDS-3),4.12,0.22527,8.73,1.28358,0.0,1.33089,0.00932,1.37515,0.0,1.25916,0.00466,1.33852,0.00466,0.024509083600000002,0.9281124000000001,0.9526214836000001
4925,NepaliSat-1 (BIRDS-3),4.12,0.22527,8.73,1.28358,0.0,1.33089,0.00932,1.3705699999999998,0.0,1.25916,0.00466,1.34005,0.00466,0.0245162134,0.9281124000000001,0.9526286134
4930,NepaliSat-1 (BIRDS-3),4.12,0.2282,8.73,1.28358,0.0,1.33089,0.00932,1.366,0.0,1.25916,0.00466,1.33852,0.00466,0.024509083600000002,0.940184,0.9646930836000001
4935,NepaliSat-1 (BIRDS-3),4.12,0.23113,8.73,1.28358,0.0,1.33089,0.00932,1.36447,0.0,1.26068,0.00466,1.34005,0.00466,0.024523296599999998,0.9522556,0.9767788966
4940,NepaliSat-1 (BIRDS-3),4.12,0.2282,8.73,1.28358,0.0,1.33089,0.00932,1.36142,0.00466,1.25916,0.00466,1.33852,0.00466,0.030853300800000004,0.940184,0.9710373008000001
4945,NepaliSat-1 (BIRDS-3),4.12,0.23406,8.73,1.28205,0.0,1.33089,0.00932,1.35989,0.0,1.25916,0.00466,1.33852,0.00466,0.024509083600000002,0.9643271999999999,0.9888362836
4950,NepaliSat-1 (BIRDS-3),4.12,0.29848,8.73,1.28205,0.0,1.3324200000000002,0.00932,1.3568399999999998,0.0,1.26068,0.00466,1.33852,0.00466,0.024530426400000003,1.2297376000000002,1.2542680264000001
4955,NepaliSat-1 (BIRDS-3),4.12,0.25455,8.73,1.28205,0.0,1.3324200000000002,0.00932,1.35531,0.00466,1.26068,0.00466,1.33852,0.00466,0.030846171000000002,1.048746,1.079592171
4960,NepaliSat-1 (BIRDS-3),4.12,0.20477,8.73,1.28205,0.0,1.33089,0.00932,1.35531,0.0,1.26068,0.00466,1.33852,0.00466,0.0245161668,0.8436524000000001,0.8681685668000001
4965,NepaliSat-1 (BIRDS-3),4.1,0.23698,8.73,1.28053,0.0,1.3324200000000002,0.00932,1.35379,0.0,1.26068,0.00466,1.33852,0.00466,0.024530426400000003,0.9716179999999999,0.9961484263999999
4970,NepaliSat-1 (BIRDS-3),4.1,0.24577,8.73,1.28205,0.0,1.3324200000000002,0.00932,1.35226,0.0,1.26068,0.00466,1.337,0.00466,0.024523343200000002,1.0076569999999998,1.0321803431999999
4975,NepaliSat-1 (BIRDS-3),4.12,0.23113,8.73,1.28053,0.0,1.33089,0.00932,1.35226,0.0,1.26221,0.00466,1.337,0.00466,0.0245162134,0.9522556,0.9767718134
4980,NepaliSat-1 (BIRDS-3),4.12,0.23698,8.73,1.28053,0.0,1.33089,0.00932,1.35073,0.0,1.26221,0.00466,1.337,0.00466,0.0245162134,0.9763576,1.0008738134000001
4985,NepaliSat-1 (BIRDS-3),4.1,0.23113,8.73,1.28053,0.0,1.33089,0.00932,1.35226,0.0,1.26221,0.00466,1.337,0.00466,0.0245162134,0.947633,0.9721492133999999
4990,NepaliSat-1 (BIRDS-3),4.12,0.2282,8.73,1.28053,0.0,1.3324200000000002,0.00932,1.35073,0.0,1.26221,0.00466,1.337,0.00466,0.024530473000000004,0.940184,0.964714473
4995,NepaliSat-1 (BIRDS-3),4.1,0.23113,8.73,1.28053,0.0,1.33089,0.00932,1.35226,0.00466,1.26221,0.00466,1.337,0.00466,0.030817745,0.947633,0.978450745
5000,NepaliSat-1 (BIRDS-3),4.1,0.2282,8.73,1.279,0.0,1.3324200000000002,0.00932,1.35073,0.00466,1.26221,0.00466,1.33547,0.00466,0.030817745000000004,0.9356199999999999,0.9664377449999999
5005,NepaliSat-1 (BIRDS-3),4.1,0.23406,8.73,1.279,0.0,1.3324200000000002,0.00932,1.35226,0.0,1.26221,0.00466,1.337,0.00466,0.024530473000000004,0.9596459999999999,0.9841764729999999
5010,NepaliSat-1 (BIRDS-3),4.1,0.23113,8.73,1.28053,0.0,1.3324200000000002,0.00932,1.35073,0.0,1.26221,0.00466,1.33547,0.00466,0.024523343200000002,0.947633,0.9721563432
5015,NepaliSat-1 (BIRDS-3),4.1,0.23113,8.73,1.28053,0.0,1.3324200000000002,0.00932,1.35073,0.0,1.26221,0.00466,1.33547,0.00466,0.024523343200000002,0.947633,0.9721563432
5020,NepaliSat-1 (BIRDS-3),4.1,0.23698,8.73,1.279,0.0,1.3324200000000002,0.00932,1.35073,0.0,1.26221,0.00466,1.33547,0.00466,0.024523343200000002,0.9716179999999999,0.9961413431999999
5025,NepaliSat-1 (BIRDS-3),4.1,0.23113,8.73,1.27747,0.0,1.3324200000000002,0.00932,1.35226,0.0,1.26374,0.00466,1.33547,0.00466,0.024530473,0.947633,0.972163473
5030,NepaliSat-1 (BIRDS-3),4.1,0.23113,8.73,1.27747,0.0,1.3324200000000002,0.00932,1.35073,0.0,1.26221,0.00466,1.33547,0.00466,0.024523343200000002,0.947633,0.9721563432
5035,NepaliSat-1 (BIRDS-3),4.1,0.24284,8.73,1.27747,0.0,1.3324200000000002,0.00932,1.35073,0.0,1.26221,0.00466,1.33547,0.00466,0.024523343200000002,0.9956439999999999,1.0201673431999998
5040,NepaliSat-1 (BIRDS-3),4.1,0.24284,8.73,1.27747,0.0,1.3324200000000002,0.00932,1.35073,0.0,1.26221,0.00466,1.33547,0.00466,0.024523343200000002,0.9956439999999999,1.0201673431999998
5045,NepaliSat-1 (BIRDS-3),4.1,0.23406,8.73,1.27747,0.0,1.33089,0.00932,1.35073,0.0,1.26221,0.00466,1.33394,0.00466,0.0245019538,0.9596459999999999,0.9841479537999999
5050,NepaliSat-1 (BIRDS-3),4.1,0.23406,8.73,1.27747,0.0,1.3324200000000002,0.00932,1.35073,0.0,1.26221,0.00466,1.33547,0.00466,0.024523343200000002,0.9596459999999999,0.9841693431999999
5055,NepaliSat-1 (BIRDS-3),4.1,0.23406,8.73,1.27747,0.0,1.3324200000000002,0.00932,1.35073,0.0,1.26221,0.00466,1.33394,0.00466,0.024516213400000004,0.9596459999999999,0.9841622133999999
5060,NepaliSat-1 (BIRDS-3),4.1,0.23698,8.73,1.27595,0.0,1.33089,0.00932,1.35073,0.0,1.26068,0.00466,1.33394,0.00466,0.024494824,0.9716179999999999,0.9961128239999999
5065,NepaliSat-1 (BIRDS-3),4.1,0.2106299999999999,8.73,1.27747,0.0,1.33089,0.00932,1.35073,0.0,1.26221,0.00466,1.33394,0.00466,0.0245019538,0.8635829999999995,0.8880849537999995
5070,NepaliSat-1 (BIRDS-3),4.07,0.30434,8.73,1.27595,0.0,1.33089,0.00932,1.35073,0.0,1.26221,0.00466,1.3324200000000002,0.00466,0.024494870600000003,1.2386638,1.2631586706000002
5075,NepaliSat-1 (BIRDS-3),4.1,0.2077,8.73,1.27595,0.0,1.33089,0.00466,1.35226,0.0,1.26068,0.00466,1.33394,0.00466,0.0182928766,0.8515699999999999,0.8698628766
5080,NepaliSat-1 (BIRDS-3),4.07,0.30726,8.73,1.27595,0.0,1.33089,0.00932,1.35226,0.0,1.26221,0.00466,1.3324200000000002,0.00466,0.024494870600000003,1.2505481999999999,1.2750430706
5085,NepaliSat-1 (BIRDS-3),4.1,0.30434,8.73,1.27595,0.0,1.33089,0.00932,1.35226,0.0,1.26221,0.00466,1.3324200000000002,0.00466,0.024494870600000003,1.2477939999999998,1.2722888706
5090,NepaliSat-1 (BIRDS-3),4.1,0.26627,8.73,1.27595,0.0,1.33089,0.00932,1.35073,0.0,1.26221,0.00466,1.33394,0.00466,0.0245019538,1.091707,1.1162089538
5095,NepaliSat-1 (BIRDS-3),4.07,0.24284,8.73,1.27442,0.0,1.33089,0.00932,1.35226,0.00466,1.26221,0.00466,1.3324200000000002,0.00466,0.030796402200000003,0.9883588000000001,1.0191552022
5100,NepaliSat-1 (BIRDS-3),4.07,0.23113,8.73,1.27442,0.0,1.33089,0.00932,1.35226,0.0,1.26068,0.00466,1.3324200000000002,0.00466,0.024487740799999998,0.9406991000000001,0.9651868408000002
5105,NepaliSat-1 (BIRDS-3),4.07,0.23406,8.73,1.27442,0.0,1.33089,0.00932,1.35226,0.00466,1.26068,0.00466,1.3324200000000002,0.00466,0.030789272399999998,0.9526242,0.9834134724
5110,NepaliSat-1 (BIRDS-3),4.07,0.23406,8.73,1.27442,0.0,1.33089,0.00932,1.35073,0.0,1.26068,0.00466,1.3324200000000002,0.00466,0.024487740799999998,0.9526242,0.9771119408000001
5115,NepaliSat-1 (BIRDS-3),4.07,0.23698,8.73,1.27442,0.0,1.33089,0.00466,1.35073,0.0,1.26068,0.00466,1.3324200000000002,0.00466,0.0182857934,0.9645086,0.9827943934000001
5120,NepaliSat-1 (BIRDS-3),4.07,0.23698,8.73,1.27442,0.0,1.32937,0.00932,1.35226,0.0,1.26068,0.00466,1.33089,0.00466,0.024466444599999998,0.9645086,0.9889750446000001
5125,NepaliSat-1 (BIRDS-3),4.07,0.23406,8.73,1.27442,0.0,1.32937,0.00932,1.35073,0.00466,1.26068,0.00466,1.33089,0.00466,0.0307608464,0.9526242,0.9833850464
5130,NepaliSat-1 (BIRDS-3),4.07,0.2399099999999999,8.73,1.27289,0.0,1.32937,0.00932,1.35073,0.0,1.26068,0.00466,1.33089,0.00466,0.024466444599999998,0.9764336999999996,1.0009001445999997
5135,NepaliSat-1 (BIRDS-3),4.07,0.24284,8.73,1.27289,0.0,1.32937,0.00932,1.35073,0.0,1.26068,0.00466,1.33089,0.00466,0.024466444599999998,0.9883588000000001,1.0128252446000001
5140,NepaliSat-1 (BIRDS-3),4.07,0.23406,8.73,1.27289,0.0,1.32937,0.00932,1.35073,0.0,1.25916,0.00466,1.33089,0.00466,0.024459361399999997,0.9526242,0.9770835614000001
5145,NepaliSat-1 (BIRDS-3),4.07,0.23698,8.73,1.27289,0.0,1.32937,0.00932,1.35073,0.0,1.26068,0.00466,1.32937,0.00466,0.0244593614,0.9645086,0.9889679614000001
5150,NepaliSat-1 (BIRDS-3),4.07,0.23698,8.73,1.27289,0.0,1.32937,0.00932,1.35073,0.0,1.26068,0.00466,1.32937,0.00466,0.0244593614,0.9645086,0.9889679614000001
5155,NepaliSat-1 (BIRDS-3),4.07,0.23113,8.73,1.27289,0.0,1.32937,0.00932,1.35073,0.00466,1.26068,0.00466,1.33089,0.00466,0.0307608464,0.9406991000000001,0.9714599464000001
5160,NepaliSat-1 (BIRDS-3),4.07,0.23406,8.73,1.27289,0.0,1.32937,0.00932,1.35073,0.0,1.25916,0.00466,1.33089,0.00466,0.024459361399999997,0.9526242,0.9770835614000001
5165,NepaliSat-1 (BIRDS-3),4.07,0.23113,8.73,1.27137,0.0,1.32784,0.00932,1.34921,0.00466,1.26068,0.00466,1.32937,0.00466,0.030732420400000002,0.9406991000000001,0.9714315204000001
5170,NepaliSat-1 (BIRDS-3),4.07,0.23406,8.73,1.27137,0.0,1.32784,0.00932,1.35073,0.0,1.25916,0.00466,1.32937,0.00466,0.0244380186,0.9526242,0.9770622186
5175,NepaliSat-1 (BIRDS-3),4.07,0.23113,8.73,1.27137,0.0,1.32784,0.00932,1.35073,0.0,1.25916,0.00466,1.32937,0.00466,0.0244380186,0.9406991000000001,0.9651371186000002
5180,NepaliSat-1 (BIRDS-3),4.07,0.23698,8.73,1.27137,0.0,1.32784,0.00932,1.35073,0.0,1.25916,0.00466,1.32937,0.00466,0.0244380186,0.9645086,0.9889466186
5185,NepaliSat-1 (BIRDS-3),4.07,0.21649,8.73,1.27137,0.0,1.32784,0.00932,1.35073,0.0,1.25916,0.00466,1.32784,0.00466,0.024430888799999998,0.8811143,0.9055451888
5190,NepaliSat-1 (BIRDS-3),4.07,0.20477,8.73,1.27137,0.0,1.32784,0.00932,1.34921,0.0,1.25916,0.00466,1.32784,0.00466,0.024430888799999998,0.8334139,0.8578447888
5195,NepaliSat-1 (BIRDS-3),4.04,0.25455,8.73,1.26984,0.0,1.32784,0.00932,1.35073,0.0,1.25916,0.00466,1.32784,0.00466,0.024430888799999998,1.028382,1.0528128888
5200,NepaliSat-1 (BIRDS-3),4.07,0.23113,8.73,1.27137,0.0,1.32784,0.00932,1.35073,0.0,1.25763,0.00466,1.32784,0.00466,0.024423758999999996,0.9406991000000001,0.9651228590000002
5205,NepaliSat-1 (BIRDS-3),4.04,0.29262,8.73,1.26984,0.0,1.32784,0.00932,1.34921,0.00466,1.25916,0.00466,1.32784,0.00466,0.0307182074,1.1821848,1.2129030074
5210,NepaliSat-1 (BIRDS-3),4.04,0.30141,8.73,1.27137,0.0,1.32784,0.00932,1.34921,0.0,1.25916,0.00466,1.32631,0.00466,0.024423759,1.2176964000000001,1.2421201590000002
5215,NepaliSat-1 (BIRDS-3),4.07,0.23406,8.73,1.26984,0.0,1.32631,0.00932,1.35073,0.00466,1.25763,0.00466,1.32784,0.00466,0.0307039012,0.9526242,0.9833281012
5220,NepaliSat-1 (BIRDS-3),4.07,0.23698,8.73,1.26984,0.0,1.32631,0.00932,1.34921,0.00466,1.25763,0.00466,1.32631,0.00466,0.030689688200000002,0.9645086,0.9951982882
5225,NepaliSat-1 (BIRDS-3),4.07,0.24284,8.73,1.26832,0.0,1.32631,0.00932,1.34921,0.00466,1.25763,0.00466,1.32784,0.00466,0.030696818,0.9883588000000001,1.019055618
5230,NepaliSat-1 (BIRDS-3),4.04,0.23406,8.73,1.26984,0.0,1.32631,0.00932,1.34921,0.0,1.25763,0.00466,1.32784,0.00466,0.0244094994,0.9456024,0.9700118994
5235,NepaliSat-1 (BIRDS-3),4.04,0.2399099999999999,8.73,1.26984,0.0,1.32631,0.00932,1.34921,0.00466,1.25763,0.00466,1.32631,0.00466,0.030689688200000002,0.9692363999999996,0.9999260881999995
5240,NepaliSat-1 (BIRDS-3),4.04,0.23113,8.73,1.26984,0.0,1.32784,0.00932,1.34921,0.0,1.25763,0.00466,1.32631,0.00466,0.024416629199999998,0.9337652,0.9581818292
5245,NepaliSat-1 (BIRDS-3),4.04,0.24284,8.73,1.26832,0.0,1.32631,0.00932,1.34921,0.0,1.25763,0.00466,1.32631,0.00466,0.0244023696,0.9810736,1.0054759696
5250,NepaliSat-1 (BIRDS-3),4.04,0.23113,8.73,1.26832,0.0,1.32631,0.00932,1.34921,0.0,1.25763,0.00466,1.32631,0.00466,0.0244023696,0.9337652,0.9581675695999999
5255,NepaliSat-1 (BIRDS-3),4.04,0.23406,8.73,1.26984,0.0,1.32631,0.00932,1.34921,0.00466,1.25763,0.00466,1.32631,0.00466,0.030689688200000002,0.9456024,0.9762920881999999
5260,NepaliSat-1 (BIRDS-3),4.04,0.23113,8.73,1.26984,0.0,1.32631,0.00466,1.34921,0.0,1.25763,0.00466,1.32631,0.00466,0.018221765,0.9337652,0.9519869649999999
5265,NepaliSat-1 (BIRDS-3),4.04,0.2399099999999999,8.73,1.26832,0.0,1.32631,0.00932,1.34921,0.0,1.2561099999999998,0.00466,1.32479,0.00466,0.0243882032,0.9692363999999996,0.9936246031999996
5270,NepaliSat-1 (BIRDS-3),4.04,0.23698,8.73,1.26832,0.0,1.32479,0.00932,1.34921,0.0,1.2561099999999998,0.00466,1.32479,0.00466,0.0243740368,0.9573992,0.9817732368000001
5275,NepaliSat-1 (BIRDS-3),4.04,0.2399099999999999,8.73,1.26832,0.0,1.32479,0.00932,1.34921,0.00466,1.2561099999999998,0.00466,1.32631,0.00466,0.0306684386,0.9692363999999996,0.9999048385999996
5280,NepaliSat-1 (BIRDS-3),4.04,0.23406,8.73,1.26832,0.0,1.32631,0.00932,1.34768,0.0,1.25763,0.00466,1.32631,0.00466,0.0244023696,0.9456024,0.9700047695999999
5285,NepaliSat-1 (BIRDS-3),4.04,0.2399099999999999,8.73,1.26832,0.0,1.32479,0.00932,1.34921,0.0,1.2561099999999998,0.00466,1.32479,0.00466,0.0243740368,0.9692363999999996,0.9936104367999996
5290,NepaliSat-1 (BIRDS-3),4.04,0.23113,8.73,1.26832,0.0,1.32479,0.00932,1.34768,0.0,1.2561099999999998,0.00466,1.32479,0.00466,0.0243740368,0.9337652,0.9581392367999999
5295,NepaliSat-1 (BIRDS-3),4.04,0.2399099999999999,8.73,1.26679,0.0,1.32479,0.00932,1.34921,0.0,1.2561099999999998,0.00466,1.32479,0.00466,0.0243740368,0.9692363999999996,0.9936104367999996
5300,NepaliSat-1 (BIRDS-3),4.04,0.23698,8.73,1.26832,0.0,1.32479,0.00932,1.34921,0.0,1.2561099999999998,0.00466,1.32479,0.00466,0.0243740368,0.9573992,0.9817732368000001
5305,NepaliSat-1 (BIRDS-3),4.04,0.2106299999999999,8.73,1.26832,0.0,1.32479,0.00932,1.34768,0.0,1.2561099999999998,0.00466,1.32479,0.00466,0.0243740368,0.8509451999999996,0.8753192367999996
5310,NepaliSat-1 (BIRDS-3),4.04,0.25748,8.73,1.26679,0.0,1.32479,0.00932,1.34768,0.0,1.2561099999999998,0.00466,1.32479,0.00466,0.0243740368,1.0402192,1.0645932368
5315,NepaliSat-1 (BIRDS-3),4.04,0.25455,8.73,1.26679,0.0,1.32479,0.00932,1.34768,0.0,1.25458,0.00466,1.32326,0.00466,0.024359777200000002,1.028382,1.0527417771999998
5320,NepaliSat-1 (BIRDS-3),4.04,0.21649,8.73,1.26832,0.0,1.32479,0.00932,1.34768,0.00466,1.25458,0.00466,1.32479,0.00466,0.0306470958,0.8746195999999999,0.9052666958
5325,NepaliSat-1 (BIRDS-3),4.04,0.21356,8.73,1.26679,0.0,1.32326,0.00932,1.34768,0.0,1.2561099999999998,0.00466,1.32479,0.00466,0.024359777200000002,0.8627824000000001,0.8871421772000001
5330,NepaliSat-1 (BIRDS-3),4.04,0.2633399999999999,8.73,1.26679,0.0,1.32479,0.00932,1.34768,0.0,1.25458,0.00466,1.32326,0.00466,0.024359777200000002,1.0638935999999997,1.0882533771999996
5335,NepaliSat-1 (BIRDS-3),4.04,0.24284,8.73,1.26679,0.0,1.32326,0.00932,1.34768,0.00466,1.25458,0.00466,1.32479,0.00466,0.0306328362,0.9810736,1.0117064362
5340,NepaliSat-1 (BIRDS-3),4.04,0.2399099999999999,8.73,1.26679,0.0,1.32326,0.00932,1.34768,0.00466,1.25458,0.00466,1.32326,0.00466,0.0306257064,0.9692363999999996,0.9998621063999995
5345,NepaliSat-1 (BIRDS-3),4.04,0.23698,8.73,1.26679,0.0,1.32326,0.00932,1.34768,0.0,1.25305,0.00466,1.32326,0.00466,0.024338387800000003,0.9573992,0.9817375878
5350,NepaliSat-1 (BIRDS-3),4.04,0.23698,8.73,1.26526,0.0,1.32326,0.00932,1.34768,0.0,1.25458,0.00466,1.32326,0.00466,0.0243455176,0.9573992,0.9817447176
5355,NepaliSat-1 (BIRDS-3),4.04,0.24284,8.73,1.26679,0.0,1.32326,0.00932,1.34768,0.00466,1.25458,0.00466,1.32326,0.00466,0.0306257064,0.9810736,1.0116993064
5360,NepaliSat-1 (BIRDS-3),4.04,0.24284,8.73,1.26679,0.0,1.32326,0.00932,1.34768,0.00466,1.25458,0.00466,1.32326,0.00466,0.0306257064,0.9810736,1.0116993064
5365,NepaliSat-1 (BIRDS-3),4.04,0.23406,8.73,1.26679,0.0,1.32326,0.00932,1.34768,0.0,1.25458,0.00466,1.32326,0.00466,0.0243455176,0.9456024,0.9699479176
5370,NepaliSat-1 (BIRDS-3),4.04,0.2399099999999999,8.73,1.26526,0.0,1.32479,0.00932,1.3461500000000002,0.00466,1.25305,0.00466,1.32326,0.00466,0.0306257064,0.9692363999999996,0.9998621063999995
5375,NepaliSat-1 (BIRDS-3),4.04,0.23698,8.73,1.26526,0.0,1.32326,0.00932,1.34768,0.0,1.25305,0.00466,1.32326,0.00466,0.024338387800000003,0.9573992,0.9817375878
5380,NepaliSat-1 (BIRDS-3),4.04,0.2399099999999999,8.73,1.26526,0.0,1.32326,0.00932,1.34768,0.00466,1.25305,0.00466,1.32326,0.00466,0.030618576600000003,0.9692363999999996,0.9998549765999996
5385,NepaliSat-1 (BIRDS-3),4.04,0.23698,8.73,1.26526,0.0,1.32173,0.00932,1.3461500000000002,0.0,1.25305,0.00466,1.32326,0.00466,0.024324128200000003,0.9573992,0.9817233282
5390,NepaliSat-1 (BIRDS-3),4.04,0.24284,8.73,1.26526,0.0,1.32326,0.00932,1.3461500000000002,0.0,1.25305,0.00466,1.32326,0.00466,0.024338387800000003,0.9810736,1.0054119878
5395,NepaliSat-1 (BIRDS-3),4.02,0.23698,8.73,1.26526,0.0,1.32173,0.00932,1.3461500000000002,0.0,1.25305,0.00466,1.32173,0.00466,0.0243169984,0.9526595999999998,0.9769765983999998
