uid,filename,test_id,sn,test_pressure,test_mode,vl1,vl2,vl3,anomalous,anomaly_code,cumulated_throughput,cumulated_on_time,cumulated_pulses
1,00001_001_SN01_24bars_ssf.csv,1,1,24.0,ssf,True,True,False,False,0.0,0.0,0.0,0.0
2,00002_002_SN01_21bars_ssf.csv,2,1,21.0,ssf,True,True,False,False,0.0,0.4517174714847628,0.0833333333333333,1.0
3,00003_003_SN01_18bars_ssf.csv,3,1,18.0,ssf,True,True,False,False,0.0,0.8422679007004166,0.1666666666666666,2.0
4,00004_004_SN01_15bars_ssf.csv,4,1,15.0,ssf,True,True,False,False,0.0,1.1747245171280722,0.25,3.0
5,00005_005_SN01_12bars_ssf.csv,5,1,12.0,ssf,True,True,False,False,0.0,1.452586321816706,0.3333333333333333,4.0
6,00006_006_SN01_9bars_ssf.csv,6,1,9.0,ssf,True,True,False,False,0.0,1.6796458419281015,0.4166666666666666,5.0
7,00007_007_SN01_24bars_health_check.csv,7,1,24.0,health_check,True,True,False,False,0.0,1.8603221621755248,0.4999999999999999,6.0
8,00008_008_SN01_21bars_health_check.csv,8,1,21.0,health_check,True,True,False,False,0.0,1.9892189507107256,0.5253749999999999,189.0
9,00009_009_SN01_18bars_health_check.csv,9,1,18.0,health_check,True,True,False,False,0.0,2.10073190834415,0.55075,372.0
10,00010_010_SN01_15bars_health_check.csv,10,1,15.0,health_check,True,True,False,False,0.0,2.195540434261809,0.576125,555.0
11,00011_011_SN01_12bars_health_check.csv,11,1,12.0,health_check,True,True,False,False,0.0,2.2746577168603177,0.6015,738.0
12,00012_012_SN01_9bars_health_check.csv,12,1,9.0,health_check,True,True,False,False,0.0,2.339128398147321,0.6268750000000001,921.0
13,00013_013_SN01_24bars_ramp1.csv,13,1,24.0,ramp1,True,True,False,False,0.0,2.390370213899099,0.6522500000000001,1104.0
14,00014_014_SN01_24bars_ramp2.csv,14,1,24.0,ramp2,True,True,False,False,0.0,2.517545596618461,0.6775277777777778,1286.0
15,00015_015_SN01_24bars_ramp3.csv,15,1,24.0,ramp3,True,True,False,False,0.0,2.5443027421232967,0.6828055555555557,1324.0
16,00016_016_SN01_24bars_ramp4.csv,16,1,24.0,ramp4,True,True,False,False,0.0,2.7050216797604234,0.7133611111111112,1343.0
17,00017_017_SN01_24bars_onmod.csv,17,1,24.0,onmod,True,True,False,False,0.0,3.29628999263489,0.8264166666666668,1416.0
18,00018_018_SN01_24bars_offmod.csv,18,1,24.0,offmod,True,True,False,False,0.0,3.4012575424381883,0.8482222222222223,2216.0
19,00019_019_SN01_24bars_random_short.csv,19,1,24.0,random_short,True,True,False,False,0.0,4.457029106650397,1.0593333333333337,3016.0
20,00020_020_SN01_24bars_random_long.csv,20,1,24.0,random_long,True,True,False,False,0.0,4.651049595062184,1.0995138888888891,3316.0
21,00021_021_SN01_24bars_random_mixed.csv,21,1,24.0,random_mixed,True,True,False,False,0.0,5.521479652625757,1.2711805555555558,3412.0
23,00023_023_SN01_21bars_ramp2.csv,23,1,21.0,ramp2,True,True,False,False,0.0,5.820643048846183,1.335338888888889,3694.0
24,00024_024_SN01_21bars_ramp3.csv,24,1,21.0,ramp3,True,True,False,False,0.0,5.8428211635461205,1.3406166666666668,3732.0
25,00025_025_SN01_21bars_ramp4.csv,25,1,21.0,ramp4,True,True,False,False,0.0,5.976233098219084,1.3711722222222222,3751.0
26,00026_026_SN01_21bars_onmod.csv,26,1,21.0,onmod,True,False,False,False,0.0,6.467875894789719,1.4842277777777777,3824.0
28,00028_028_SN01_21bars_random_short.csv,28,1,21.0,random_short,True,True,False,False,0.0,7.432967533379434,1.7176638888888889,5424.0
29,00029_029_SN01_21bars_random_long.csv,29,1,21.0,random_long,True,True,False,False,0.0,7.596599551421656,1.7584027777777775,5724.0
30,00030_030_SN01_21bars_random_mixed.csv,30,1,21.0,random_mixed,True,True,False,False,0.0,8.160434183333415,1.891458333333333,5819.0
31,00031_031_SN01_18bars_ramp1.csv,31,1,18.0,ramp1,True,True,False,False,0.0,8.365885434086175,1.9407138888888888,5919.0
32,00032_032_SN01_18bars_ramp2.csv,32,1,18.0,ramp2,True,True,False,False,0.0,8.45234566335654,1.9659916666666664,6101.0
33,00033_033_SN01_18bars_ramp3.csv,33,1,18.0,ramp3,True,True,False,False,0.0,8.470450227853997,1.971269444444444,6139.0
34,00034_034_SN01_18bars_ramp4.csv,34,1,18.0,ramp4,True,True,False,False,0.0,8.580158287371992,2.001825,6158.0
36,00036_036_SN01_18bars_offmod.csv,36,1,18.0,offmod,True,True,False,False,0.0,9.05562334613617,2.1367416666666665,7031.0
37,00037_037_SN01_18bars_random_short.csv,37,1,18.0,random_short,True,True,False,False,0.0,9.777992514909618,2.347852777777778,7831.0
38,00038_038_SN01_18bars_random_long.csv,38,1,18.0,random_long,True,True,False,False,0.0,9.910688830552685,2.388025,8131.0
39,00039_039_SN01_18bars_random_mixed.csv,39,1,18.0,random_mixed,True,True,False,False,0.0,10.34184515954078,2.5113583333333334,8226.0
40,00040_040_SN01_24bars_ssf.csv,40,1,24.0,ssf,True,True,False,False,0.0,10.500374305646096,2.557366666666667,8326.0
41,00041_041_SN01_21bars_ssf.csv,41,1,21.0,ssf,True,True,False,False,0.0,10.892123731997758,2.6407000000000003,8327.0
42,00042_042_SN01_18bars_ssf.csv,42,1,18.0,ssf,True,True,False,False,0.0,11.230924758672966,2.7240333333333338,8328.0
43,00043_043_SN01_15bars_ssf.csv,43,1,15.0,ssf,True,True,False,False,0.0,11.519510679737968,2.8073666666666672,8329.0
44,00044_044_SN01_12bars_ssf.csv,44,1,12.0,ssf,True,True,False,False,0.0,11.76078993767696,2.8907000000000007,8330.0
45,00045_045_SN01_9bars_ssf.csv,45,1,9.0,ssf,True,True,False,False,0.0,11.95801461284677,2.974033333333334,8331.0
46,00046_046_SN01_24bars_health_check.csv,46,1,24.0,health_check,True,True,False,False,0.0,12.115014356755209,3.057366666666668,8332.0
47,00047_047_SN01_21bars_health_check.csv,47,1,21.0,health_check,True,True,False,False,0.0,12.22701343947658,3.082741666666668,8515.0
48,00048_048_SN01_18bars_health_check.csv,48,1,18.0,health_check,True,True,False,False,0.0,12.323677759146378,3.1081166666666675,8698.0
49,00049_049_SN01_15bars_health_check.csv,49,1,15.0,health_check,True,True,False,False,0.0,12.405903470059318,3.1334916666666675,8881.0
52,00052_052_SN01_15bars_ramp1.csv,52,1,15.0,ramp1,True,True,False,False,0.0,12.57512231909422,3.2096166666666672,9430.0
53,00053_053_SN01_15bars_ramp2.csv,53,1,15.0,ramp2,True,True,False,False,0.0,12.643197738095257,3.234894444444445,9612.0
54,00054_054_SN01_15bars_ramp3.csv,54,1,15.0,ramp3,True,True,False,False,0.0,12.657451479644116,3.2401722222222227,9650.0
55,00055_055_SN01_15bars_ramp4.csv,55,1,15.0,ramp4,True,True,False,False,0.0,12.744423499898112,3.270727777777778,9669.0
56,00056_056_SN01_15bars_onmod.csv,56,1,15.0,onmod,True,False,False,False,0.0,13.064618471370723,3.3837833333333336,9742.0
57,00057_057_SN01_15bars_offmod.csv,57,1,15.0,offmod,True,True,False,False,0.0,13.121283310384952,3.4057861111111114,10542.0
58,00058_058_SN01_15bars_random_short.csv,58,1,15.0,random_short,True,True,False,False,0.0,13.691694233271296,3.616897222222223,11342.0
59,00059_059_SN01_15bars_random_long.csv,59,1,15.0,random_long,True,True,False,False,0.0,13.79871279428445,3.657886111111112,11642.0
60,00060_060_SN01_15bars_random_mixed.csv,60,1,15.0,random_mixed,True,True,False,False,0.0,14.196659719206018,3.801219444444445,11743.0
61,00061_061_SN01_12bars_ramp1.csv,61,1,12.0,ramp1,True,True,False,False,0.0,14.287150150244695,3.834536111111112,11843.0
62,00062_062_SN01_12bars_ramp2.csv,62,1,12.0,ramp2,True,True,False,False,0.0,14.341237879842405,3.8598138888888895,12025.0
63,00063_063_SN01_12bars_ramp3.csv,63,1,12.0,ramp3,True,True,False,False,0.0,14.352562630443456,3.8650916666666673,12063.0
64,00064_064_SN01_12bars_ramp4.csv,64,1,12.0,ramp4,True,True,False,False,0.0,14.421744512163691,3.895647222222223,12082.0
65,00065_065_SN01_12bars_onmod.csv,65,1,12.0,onmod,True,False,False,False,0.0,14.6768123645323,4.008702777777779,12155.0
66,00066_066_SN01_12bars_offmod.csv,66,1,12.0,offmod,True,True,False,False,0.0,14.721811034903082,4.0305694444444455,12955.0
67,00067_067_SN01_12bars_random_short.csv,67,1,12.0,random_short,True,True,False,False,0.0,15.17613603305924,4.241680555555557,13755.0
70,00070_070_SN01_9bars_ramp1.csv,70,1,9.0,ramp1,True,True,False,False,0.0,15.649896869805152,4.45856388888889,14251.0
71,00071_071_SN01_9bars_ramp2.csv,71,1,9.0,ramp2,True,True,False,False,0.0,15.691812460395088,4.4838416666666685,14433.0
72,00072_072_SN01_9bars_ramp3.csv,72,1,9.0,ramp3,True,True,False,False,0.0,15.70061480661638,4.489119444444446,14471.0
73,00073_073_SN01_9bars_ramp4.csv,73,1,9.0,ramp4,True,True,False,False,0.0,15.754443659297127,4.519675000000002,14490.0
74,00074_074_SN01_9bars_onmod.csv,74,1,9.0,onmod,True,False,False,False,0.0,15.95289945768399,4.632730555555558,14563.0
75,00075_075_SN01_9bars_offmod.csv,75,1,9.0,offmod,True,True,False,False,0.0,15.988233373831015,4.6547388888888905,15363.0
76,00076_076_SN01_9bars_random_short.csv,76,1,9.0,random_short,True,True,False,False,0.0,16.34108536764365,4.865850000000002,16163.0
78,00078_078_SN01_9bars_random_mixed.csv,78,1,9.0,random_mixed,True,True,False,False,0.0,16.642364499426947,5.042755555555558,16558.0
79,00079_079_SN01_24bars_ssf.csv,79,1,24.0,ssf,True,True,False,False,0.0,16.701326198882736,5.077547222222225,16658.0
80,00080_080_SN01_21bars_ssf.csv,80,1,21.0,ssf,True,True,False,False,0.0,17.056054918445575,5.160880555555558,16659.0
81,00081_081_SN01_18bars_ssf.csv,81,1,18.0,ssf,True,True,False,False,0.0,17.363036787079192,5.244213888888891,16660.0
82,00082_082_SN01_15bars_ssf.csv,82,1,15.0,ssf,True,True,False,False,0.0,17.624440810598397,5.327547222222224,16661.0
83,00083_083_SN01_12bars_ssf.csv,83,1,12.0,ssf,True,True,False,False,0.0,17.84308641529309,5.410880555555557,16662.0
84,00084_084_SN01_9bars_ssf.csv,84,1,9.0,ssf,True,True,False,False,0.0,18.02184419796456,5.49421388888889,16663.0
85,00085_085_SN01_24bars_health_check.csv,85,1,24.0,health_check,True,True,False,False,0.0,18.164175223024504,5.577547222222223,16664.0
86,00086_086_SN01_21bars_health_check.csv,86,1,21.0,health_check,True,True,False,False,0.0,18.265424999468472,5.602922222222223,16847.0
87,00087_087_SN01_18bars_health_check.csv,87,1,18.0,health_check,True,True,False,False,0.0,18.353038448364025,5.628297222222224,17030.0
88,00088_088_SN01_15bars_health_check.csv,88,1,15.0,health_check,True,True,False,False,0.0,18.427499872557924,5.653672222222224,17213.0
89,00089_089_SN01_12bars_health_check.csv,89,1,12.0,health_check,True,True,False,False,0.0,18.48971347312001,5.679047222222224,17396.0
90,00090_090_SN01_9bars_health_check.csv,90,1,9.0,health_check,True,True,False,False,0.0,18.54056172272196,5.704422222222225,17579.0
91,00091_091_SN01_7bars_ssf.csv,91,1,7.0,ssf,True,True,False,False,0.0,18.580972365090684,5.729797222222225,17762.0
92,00092_092_SN01_5bars_ssf.csv,92,1,5.0,ssf,True,True,False,False,0.0,18.70020814758054,5.813130555555558,17763.0
93,00093_093_SN01_7bars_health_check.csv,93,1,7.0,health_check,True,True,False,False,0.0,18.800072470155698,5.896463888888891,17764.0
94,00094_094_SN01_5bars_health_check.csv,94,1,5.0,health_check,True,True,False,False,0.0,18.834203219935056,5.921838888888892,17947.0
95,00095_095_SN01_7bars_ramp1.csv,95,1,7.0,ramp1,True,True,False,False,0.0,18.862547133342343,5.947213888888892,18130.0
96,00096_096_SN01_7bars_ramp2.csv,96,1,7.0,ramp2,True,True,False,False,0.0,18.896169892915783,5.97249166666667,18312.0
97,00097_097_SN01_7bars_ramp3.csv,97,1,7.0,ramp3,True,True,False,False,0.0,18.90324056433435,5.977769444444448,18350.0
98,00098_098_SN01_7bars_ramp4.csv,98,1,7.0,ramp4,True,True,False,False,0.0,18.946560357165826,6.008325000000004,18369.0
99,00099_099_SN01_7bars_onmod.csv,99,1,7.0,onmod,True,False,False,False,0.0,19.1064710505104,6.121380555555559,18442.0
100,00100_100_SN01_7bars_offmod.csv,100,1,7.0,offmod,True,True,False,False,0.0,19.134982508480743,6.143158333333337,19242.0
101,00101_101_SN01_7bars_random_short.csv,101,1,7.0,random_short,True,True,False,False,0.0,19.418898751395627,6.354269444444448,20042.0
102,00102_102_SN01_7bars_random_long.csv,102,1,7.0,random_long,True,True,False,False,0.0,19.47067172283377,6.394108333333337,20342.0
103,00103_103_SN01_7bars_random_mixed.csv,103,1,7.0,random_mixed,True,True,False,False,0.0,19.67071418349517,6.537441666666671,20448.0
104,00104_104_SN01_5bars_ramp1.csv,104,1,5.0,ramp1,True,True,False,False,0.0,19.71362280612041,6.569036111111115,20548.0
105,00105_105_SN01_5bars_ramp2.csv,105,1,5.0,ramp2,True,True,False,False,0.0,19.74104417052474,6.594313888888893,20730.0
106,00106_106_SN01_5bars_ramp3.csv,106,1,5.0,ramp3,True,True,False,False,0.0,19.74682686974429,6.599591666666671,20768.0
107,00107_107_SN01_5bars_ramp4.csv,107,1,5.0,ramp4,True,True,False,False,0.0,19.782470133286463,6.630147222222226,20787.0
108,00108_108_SN01_5bars_onmod.csv,108,1,5.0,onmod,True,False,False,False,0.0,19.91399955218152,6.743202777777782,20860.0
109,00109_109_SN01_5bars_offmod.csv,109,1,5.0,offmod,True,True,False,False,0.0,19.93833387918668,6.765688888888893,21660.0
110,00110_110_SN01_5bars_random_short.csv,110,1,5.0,random_short,True,True,False,False,0.0,20.171085817969164,6.976800000000004,22460.0
111,00111_111_SN01_5bars_random_long.csv,111,1,5.0,random_long,True,True,False,False,0.0,20.213812903922964,7.016875000000004,22760.0
112,00112_112_SN01_5bars_random_mixed.csv,112,1,5.0,random_mixed,True,True,False,False,0.0,20.375136037848225,7.157152777777782,22853.0
113,00113_001_SN02_24bars_ssf.csv,1,2,24.0,ssf,True,True,False,False,0.0,0.0,0.0,0.0
114,00114_002_SN02_21bars_ssf.csv,2,2,21.0,ssf,True,True,False,False,0.0,0.4250980210481418,0.0833333333333333,1.0
115,00115_003_SN02_18bars_ssf.csv,3,2,18.0,ssf,True,True,False,False,0.0,0.7923168754110597,0.1666666666666666,2.0
116,00116_004_SN02_15bars_ssf.csv,4,2,15.0,ssf,True,True,False,False,0.0,1.104860331424388,0.25,3.0
117,00117_005_SN02_12bars_ssf.csv,5,2,12.0,ssf,True,True,False,False,0.0,1.3657542247167815,0.3333333333333333,4.0
118,00118_006_SN02_9bars_ssf.csv,6,2,9.0,ssf,True,True,False,False,0.0,1.5784438411392006,0.4166666666666666,5.0
119,00119_007_SN02_24bars_health_check.csv,7,2,24.0,health_check,True,True,False,False,0.0,1.7472372232367612,0.4999999999999999,6.0
120,00120_008_SN02_21bars_health_check.csv,8,2,21.0,health_check,True,True,False,False,0.0,1.8690911720097427,0.5253749999999999,189.0
122,00122_010_SN02_15bars_health_check.csv,10,2,15.0,health_check,True,True,False,False,0.0,2.06368027560904,0.576125,555.0
123,00123_011_SN02_12bars_health_check.csv,11,2,12.0,health_check,True,True,False,False,0.0,2.138280951363246,0.6015,738.0
124,00124_012_SN02_9bars_health_check.csv,12,2,9.0,health_check,True,True,False,False,0.0,2.199097854469346,0.6268750000000001,921.0
125,00125_013_SN02_24bars_ramp1.csv,13,2,24.0,ramp1,True,True,False,False,0.0,2.247377859747224,0.6522500000000001,1104.0
126,00126_014_SN02_24bars_ramp2.csv,14,2,24.0,ramp2,True,True,False,False,0.0,2.3671745295685858,0.6775277777777778,1286.0
127,00127_015_SN02_24bars_ramp3.csv,15,2,24.0,ramp3,True,True,False,False,0.0,2.392353010164181,0.6828055555555557,1324.0
129,00129_017_SN02_24bars_onmod.csv,17,2,24.0,onmod,True,False,False,False,0.0,3.100401915628826,0.8264166666666668,1416.0
131,00131_019_SN02_24bars_random_short.csv,19,2,24.0,random_short,True,True,False,False,0.0,4.197534460772377,1.0593333333333337,3016.0
132,00132_020_SN02_24bars_random_long.csv,20,2,24.0,random_long,True,True,False,False,0.0,4.380214443792395,1.0995138888888891,3316.0
133,00133_021_SN02_24bars_random_mixed.csv,21,2,24.0,random_mixed,True,True,False,False,0.0,5.201374354760046,1.2711805555555558,3412.0
134,00134_022_SN02_21bars_ramp1.csv,22,2,21.0,ramp1,True,True,False,False,0.0,5.384207847502148,1.3100611111111111,3512.0
135,00135_023_SN02_21bars_ramp2.csv,23,2,21.0,ramp2,True,True,False,False,0.0,5.483340248830413,1.335338888888889,3694.0
136,00136_024_SN02_21bars_ramp3.csv,24,2,21.0,ramp3,True,True,False,False,0.0,5.504185514021811,1.3406166666666668,3732.0
137,00137_025_SN02_21bars_ramp4.csv,25,2,21.0,ramp4,True,True,False,False,0.0,5.629810614458631,1.3711722222222222,3751.0
138,00138_026_SN02_21bars_onmod.csv,26,2,21.0,onmod,True,False,False,False,0.0,6.092490519758989,1.4842277777777777,3824.0
139,00139_027_SN02_21bars_offmod.csv,27,2,21.0,offmod,True,True,False,False,0.0,6.178669116903764,1.5065527777777776,4624.0
140,00140_028_SN02_21bars_random_short.csv,28,2,21.0,random_short,True,True,False,False,0.0,7.00425876636967,1.7176638888888889,5424.0
141,00141_029_SN02_21bars_random_long.csv,29,2,21.0,random_long,True,True,False,False,0.0,7.15870603766532,1.7584027777777775,5724.0
142,00142_030_SN02_21bars_random_mixed.csv,30,2,21.0,random_mixed,True,True,False,False,0.0,7.689453437755168,1.891458333333333,5819.0
143,00143_031_SN02_18bars_ramp1.csv,31,2,18.0,ramp1,True,True,False,False,0.0,7.883468122980988,1.9407138888888888,5919.0
145,00145_033_SN02_18bars_ramp3.csv,33,2,18.0,ramp3,True,True,False,False,0.0,7.940708096475246,1.971269444444444,6139.0
146,00146_034_SN02_18bars_ramp4.csv,34,2,18.0,ramp4,True,True,False,False,0.0,8.044128101597575,2.001825,6158.0
147,00147_035_SN02_18bars_onmod.csv,35,2,18.0,onmod,True,False,False,False,0.0,8.425045331550981,2.114880555555555,6231.0
148,00148_036_SN02_18bars_offmod.csv,36,2,18.0,offmod,True,True,False,False,0.0,8.494131271853632,2.1367416666666665,7031.0
149,00149_037_SN02_18bars_random_short.csv,37,2,18.0,random_short,True,True,False,False,0.0,9.17462158183634,2.347852777777778,7831.0
150,00150_038_SN02_18bars_random_long.csv,38,2,18.0,random_long,True,True,False,False,0.0,9.299703770610916,2.388025,8131.0
151,00151_039_SN02_18bars_random_mixed.csv,39,2,18.0,random_mixed,True,True,False,False,0.0,9.70602443020544,2.5113583333333334,8226.0
152,00152_040_SN02_24bars_ssf.csv,40,2,24.0,ssf,True,True,False,False,0.0,9.855765627584477,2.557366666666667,8326.0
153,00153_041_SN02_21bars_ssf.csv,41,2,21.0,ssf,True,True,False,False,0.0,10.224886229582562,2.6407000000000003,8327.0
154,00154_042_SN02_18bars_ssf.csv,42,2,18.0,ssf,True,True,False,False,0.0,10.54397496576463,2.7240333333333338,8328.0
155,00155_043_SN02_15bars_ssf.csv,43,2,15.0,ssf,True,True,False,False,0.0,10.815531893433551,2.8073666666666672,8329.0
156,00156_044_SN02_12bars_ssf.csv,44,2,12.0,ssf,True,True,False,False,0.0,11.042359533722934,2.8907000000000007,8330.0
157,00157_045_SN02_9bars_ssf.csv,45,2,9.0,ssf,True,True,False,False,0.0,11.227340620529445,2.974033333333334,8331.0
158,00158_046_SN02_24bars_health_check.csv,46,2,24.0,health_check,True,True,False,False,0.0,11.374246099825452,3.057366666666668,8332.0
159,00159_047_SN02_21bars_health_check.csv,47,2,21.0,health_check,True,True,False,False,0.0,11.47969358835774,3.082741666666668,8515.0
160,00160_048_SN02_18bars_health_check.csv,48,2,18.0,health_check,True,True,False,False,0.0,11.571219842905988,3.1081166666666675,8698.0
161,00161_049_SN02_15bars_health_check.csv,49,2,15.0,health_check,True,True,False,False,0.0,11.649072693607932,3.1334916666666675,8881.0
164,00164_052_SN02_15bars_ramp1.csv,52,2,15.0,ramp1,True,True,False,False,0.0,11.808939905034356,3.2096166666666672,9430.0
165,00165_053_SN02_15bars_ramp2.csv,53,2,15.0,ramp2,True,True,False,False,0.0,11.87305641274585,3.234894444444445,9612.0
166,00166_054_SN02_15bars_ramp3.csv,54,2,15.0,ramp3,True,True,False,False,0.0,11.886462947538435,3.2401722222222227,9650.0
167,00167_055_SN02_15bars_ramp4.csv,55,2,15.0,ramp4,True,True,False,False,0.0,11.968223340005803,3.270727777777778,9669.0
169,00169_057_SN02_15bars_offmod.csv,57,2,15.0,offmod,True,True,False,False,0.0,12.324134500448723,3.4057861111111114,10542.0
170,00170_058_SN02_15bars_random_short.csv,58,2,15.0,random_short,True,True,False,False,0.0,12.861110431950149,3.616897222222223,11342.0
171,00171_059_SN02_15bars_random_long.csv,59,2,15.0,random_long,True,True,False,False,0.0,12.962206672611636,3.657886111111112,11642.0
172,00172_060_SN02_15bars_random_mixed.csv,60,2,15.0,random_mixed,True,True,False,False,0.0,13.336773460615232,3.801219444444445,11743.0
173,00173_061_SN02_12bars_ramp1.csv,61,2,12.0,ramp1,True,True,False,False,0.0,13.422009185643937,3.834536111111112,11843.0
174,00174_062_SN02_12bars_ramp2.csv,62,2,12.0,ramp2,True,True,False,False,0.0,13.472855333111555,3.8598138888888895,12025.0
175,00175_063_SN02_12bars_ramp3.csv,63,2,12.0,ramp3,True,True,False,False,0.0,13.483583911551072,3.8650916666666673,12063.0
176,00176_064_SN02_12bars_ramp4.csv,64,2,12.0,ramp4,True,True,False,False,0.0,13.548527783986463,3.895647222222223,12082.0
177,00177_065_SN02_12bars_onmod.csv,65,2,12.0,onmod,True,False,False,False,0.0,13.78821011541967,4.008702777777779,12155.0
178,00178_066_SN02_12bars_offmod.csv,66,2,12.0,offmod,True,True,False,False,0.0,13.83167765269788,4.0305694444444455,12955.0
179,00179_067_SN02_12bars_random_short.csv,67,2,12.0,random_short,True,True,False,False,0.0,14.25910503652612,4.241680555555557,13755.0
180,00180_068_SN02_12bars_random_long.csv,68,2,12.0,random_long,True,True,False,False,0.0,14.338970196115612,4.282366666666668,14055.0
181,00181_069_SN02_12bars_random_mixed.csv,69,2,12.0,random_mixed,True,True,False,False,0.0,14.644910450800417,4.429033333333335,14151.0
182,00182_070_SN02_9bars_ramp1.csv,70,2,9.0,ramp1,True,True,False,False,0.0,14.70505528800843,4.45856388888889,14251.0
183,00183_071_SN02_9bars_ramp2.csv,71,2,9.0,ramp2,True,True,False,False,0.0,14.744317694098417,4.4838416666666685,14433.0
184,00184_072_SN02_9bars_ramp3.csv,72,2,9.0,ramp3,True,True,False,False,0.0,14.75256966855222,4.489119444444446,14471.0
185,00185_073_SN02_9bars_ramp4.csv,73,2,9.0,ramp4,True,True,False,False,0.0,14.802979411523722,4.519675000000002,14490.0
186,00186_074_SN02_9bars_onmod.csv,74,2,9.0,onmod,True,False,False,False,0.0,14.98893318275544,4.632730555555558,14563.0
187,00187_075_SN02_9bars_offmod.csv,75,2,9.0,offmod,True,True,False,False,0.0,15.023023190465766,4.6547388888888905,15363.0
188,00188_076_SN02_9bars_random_short.csv,76,2,9.0,random_short,True,True,False,False,0.0,15.354151511455742,4.865850000000002,16163.0
190,00190_078_SN02_9bars_random_mixed.csv,78,2,9.0,random_mixed,True,True,False,False,0.0,15.654468087146563,5.042755555555558,16558.0
191,00191_079_SN02_24bars_ssf.csv,79,2,24.0,ssf,True,True,False,False,0.0,15.70978511514549,5.077547222222225,16658.0
192,00192_080_SN02_21bars_ssf.csv,80,2,21.0,ssf,True,True,False,False,0.0,16.044414251779326,5.160880555555558,16659.0
193,00193_081_SN02_18bars_ssf.csv,81,2,18.0,ssf,True,True,False,False,0.0,16.33373369517735,5.244213888888891,16660.0
194,00194_082_SN02_15bars_ssf.csv,82,2,15.0,ssf,True,True,False,False,0.0,16.58006494210443,5.327547222222224,16661.0
195,00195_083_SN02_12bars_ssf.csv,83,2,12.0,ssf,True,True,False,False,0.0,16.78574162895214,5.410880555555557,16662.0
196,00196_084_SN02_9bars_ssf.csv,84,2,9.0,ssf,True,True,False,False,0.0,16.953611630362012,5.49421388888889,16663.0
197,00197_085_SN02_24bars_health_check.csv,85,2,24.0,health_check,True,True,False,False,0.0,17.086892546509315,5.577547222222223,16664.0
198,00198_086_SN02_21bars_health_check.csv,86,2,21.0,health_check,True,True,False,False,0.0,17.18275955510211,5.602922222222223,16847.0
199,00199_087_SN02_18bars_health_check.csv,87,2,18.0,health_check,True,True,False,False,0.0,17.265704597901827,5.628297222222224,17030.0
200,00200_088_SN02_15bars_health_check.csv,88,2,15.0,health_check,True,True,False,False,0.0,17.336224807147975,5.653672222222224,17213.0
202,00202_090_SN02_9bars_health_check.csv,90,2,9.0,health_check,True,True,False,False,0.0,17.44321182826358,5.704422222222225,17579.0
203,00203_091_SN02_7bars_ssf.csv,91,2,7.0,ssf,True,True,False,False,0.0,17.48142247881037,5.729797222222225,17762.0
204,00204_092_SN02_5bars_ssf.csv,92,2,5.0,ssf,True,True,False,False,0.0,17.592809507287747,5.813130555555558,17763.0
205,00205_093_SN02_7bars_health_check.csv,93,2,7.0,health_check,True,True,False,False,0.0,17.68580176733651,5.896463888888891,17764.0
206,00206_094_SN02_5bars_health_check.csv,94,2,5.0,health_check,True,True,False,False,0.0,17.71781972850264,5.921838888888892,17947.0
209,00209_097_SN02_7bars_ramp3.csv,97,2,7.0,ramp3,True,True,False,False,0.0,17.779416059864822,5.977769444444448,18350.0
210,00210_098_SN02_7bars_ramp4.csv,98,2,7.0,ramp4,True,True,False,False,0.0,17.819981023456258,6.008325000000004,18369.0
211,00211_099_SN02_7bars_onmod.csv,99,2,7.0,onmod,True,False,False,False,0.0,17.96954676993312,6.121380555555559,18442.0
212,00212_100_SN02_7bars_offmod.csv,100,2,7.0,offmod,True,True,False,False,0.0,17.99705232405039,6.143158333333337,19242.0
213,00213_101_SN02_7bars_random_short.csv,101,2,7.0,random_short,True,True,False,False,0.0,18.263282612568283,6.354269444444448,20042.0
214,00214_102_SN02_7bars_random_long.csv,102,2,7.0,random_long,True,True,False,False,0.0,18.312011650533574,6.394108333333337,20342.0
215,00215_103_SN02_7bars_random_mixed.csv,103,2,7.0,random_mixed,True,True,False,False,0.0,18.498978833704665,6.537441666666671,20448.0
216,00216_104_SN02_5bars_ramp1.csv,104,2,5.0,ramp1,True,True,False,False,0.0,18.539233743465083,6.569036111111115,20548.0
217,00217_105_SN02_5bars_ramp2.csv,105,2,5.0,ramp2,True,True,False,False,0.0,18.56487751504708,6.594313888888893,20730.0
218,00218_106_SN02_5bars_ramp3.csv,106,2,5.0,ramp3,True,True,False,False,0.0,18.570275014909463,6.599591666666671,20768.0
219,00219_107_SN02_5bars_ramp4.csv,107,2,5.0,ramp4,True,True,False,False,0.0,18.603533654641986,6.630147222222226,20787.0
220,00220_108_SN02_5bars_onmod.csv,108,2,5.0,onmod,True,False,False,False,0.0,18.726114660995183,6.743202777777782,20860.0
221,00221_109_SN02_5bars_offmod.csv,109,2,5.0,offmod,True,True,False,False,0.0,18.749568800003875,6.765688888888893,21660.0
222,00222_110_SN02_5bars_random_short.csv,110,2,5.0,random_short,True,True,False,False,0.0,18.96719422654236,6.976800000000004,22460.0
223,00223_111_SN02_5bars_random_long.csv,111,2,5.0,random_long,True,True,False,False,0.0,19.00725755620972,7.016875000000004,22760.0
226,00226_002_SN03_21bars_ssf.csv,2,3,21.0,ssf,True,True,False,False,0.0,0.0394147928975346,0.0833333333333333,1.0
227,00227_003_SN03_18bars_ssf.csv,3,3,18.0,ssf,True,True,False,False,0.0,0.4698093133504121,0.1666666666666666,2.0
228,00228_004_SN03_15bars_ssf.csv,4,3,15.0,ssf,True,True,False,False,0.0,0.8340536027337038,0.25,3.0
229,00229_005_SN03_12bars_ssf.csv,5,3,12.0,ssf,True,True,False,False,0.0,1.1360126718136732,0.3333333333333333,4.0
230,00230_006_SN03_9bars_ssf.csv,6,3,9.0,ssf,True,True,False,False,0.0,1.3803657588063107,0.4166666666666666,5.0
231,00231_007_SN03_24bars_health_check.csv,7,3,24.0,health_check,True,True,False,False,0.0,1.5719956550793242,0.4999999999999999,6.0
232,00232_008_SN03_21bars_health_check.csv,8,3,21.0,health_check,True,True,False,False,0.0,1.714308798013831,0.5253749999999999,189.0
234,00234_010_SN03_15bars_health_check.csv,10,3,15.0,health_check,True,True,False,False,0.0,1.941392525995391,0.576125,555.0
235,00235_011_SN03_12bars_health_check.csv,11,3,12.0,health_check,True,True,False,False,0.0,2.0273884019785,0.6015,738.0
236,00236_012_SN03_9bars_health_check.csv,12,3,9.0,health_check,True,True,False,False,0.0,2.096861359909181,0.6268750000000001,921.0
237,00237_013_SN03_24bars_ramp1.csv,13,3,24.0,ramp1,True,True,False,False,0.0,2.1511555126515773,0.6522500000000001,1104.0
238,00238_014_SN03_24bars_ramp2.csv,14,3,24.0,ramp2,True,True,False,False,0.0,2.291733765782083,0.6775277777777778,1286.0
239,00239_015_SN03_24bars_ramp3.csv,15,3,24.0,ramp3,True,True,False,False,0.0,2.321146551097055,0.6828055555555557,1324.0
240,00240_016_SN03_24bars_ramp4.csv,16,3,24.0,ramp4,True,True,False,False,0.0,2.498723333217432,0.7133611111111112,1343.0
241,00241_017_SN03_24bars_onmod.csv,17,3,24.0,onmod,True,True,False,False,0.0,3.151806376320609,0.8264166666666668,1416.0
242,00242_018_SN03_24bars_offmod.csv,18,3,24.0,offmod,True,True,False,False,0.0,3.2677726596470054,0.8482222222222223,2216.0
243,00243_019_SN03_24bars_random_short.csv,19,3,24.0,random_short,True,True,False,False,0.0,4.433368328271996,1.0593333333333337,3016.0
244,00244_020_SN03_24bars_random_long.csv,20,3,24.0,random_long,True,True,False,False,0.0,4.647589781166701,1.0995138888888891,3316.0
245,00245_021_SN03_24bars_random_mixed.csv,21,3,24.0,random_mixed,True,True,False,False,0.0,5.6076370310196575,1.2711805555555558,3412.0
246,00246_022_SN03_21bars_ramp1.csv,22,3,21.0,ramp1,True,True,False,False,0.0,5.821380288966196,1.3100611111111111,3512.0
247,00247_023_SN03_21bars_ramp2.csv,23,3,21.0,ramp2,True,True,False,False,0.0,5.936829565430384,1.335338888888889,3694.0
248,00248_024_SN03_21bars_ramp3.csv,24,3,21.0,ramp3,True,True,False,False,0.0,5.961023855591426,1.3406166666666668,3732.0
249,00249_025_SN03_21bars_ramp4.csv,25,3,21.0,ramp4,True,True,False,False,0.0,6.107160571643007,1.3711722222222222,3751.0
250,00250_026_SN03_21bars_onmod.csv,26,3,21.0,onmod,True,False,False,False,0.0,6.645670963940919,1.4842277777777777,3824.0
251,00251_027_SN03_21bars_offmod.csv,27,3,21.0,offmod,True,True,False,False,0.0,6.743369830884573,1.5065527777777776,4624.0
252,00252_028_SN03_21bars_random_short.csv,28,3,21.0,random_short,True,True,False,False,0.0,7.702780866586274,1.7176638888888889,5424.0
253,00253_029_SN03_21bars_random_long.csv,29,3,21.0,random_long,True,True,False,False,0.0,7.881908341233942,1.7584027777777775,5724.0
255,00255_031_SN03_18bars_ramp1.csv,31,3,18.0,ramp1,True,True,False,False,0.0,8.72327812821565,1.9407138888888888,5919.0
256,00256_032_SN03_18bars_ramp2.csv,32,3,18.0,ramp2,True,True,False,False,0.0,8.817213665187682,1.9659916666666664,6101.0
257,00257_033_SN03_18bars_ramp3.csv,33,3,18.0,ramp3,True,True,False,False,0.0,8.836916347581536,1.971269444444444,6139.0
258,00258_034_SN03_18bars_ramp4.csv,34,3,18.0,ramp4,True,True,False,False,0.0,8.956226275761846,2.001825,6158.0
259,00259_035_SN03_18bars_onmod.csv,35,3,18.0,onmod,True,False,False,False,0.0,9.39588198223078,2.114880555555555,6231.0
260,00260_036_SN03_18bars_offmod.csv,36,3,18.0,offmod,True,True,False,False,0.0,9.47365229263524,2.1367416666666665,7031.0
261,00261_037_SN03_18bars_random_short.csv,37,3,18.0,random_short,True,True,False,False,0.0,10.258889567093128,2.347852777777778,7831.0
262,00262_038_SN03_18bars_random_long.csv,38,3,18.0,random_long,True,True,False,False,0.0,10.403085378301782,2.388025,8131.0
264,00264_040_SN03_24bars_ssf.csv,40,3,24.0,ssf,True,True,False,False,0.0,10.904702880073796,2.557366666666667,8326.0
265,00265_041_SN03_21bars_ssf.csv,41,3,21.0,ssf,True,True,False,False,0.0,11.333960646651118,2.6407000000000003,8327.0
266,00266_042_SN03_18bars_ssf.csv,42,3,18.0,ssf,True,True,False,False,0.0,11.70341948306414,2.7240333333333338,8328.0
267,00267_043_SN03_15bars_ssf.csv,43,3,15.0,ssf,True,True,False,False,0.0,12.016228945536213,2.8073666666666672,8329.0
269,00269_045_SN03_9bars_ssf.csv,45,3,9.0,ssf,True,True,False,False,0.0,12.456059794121582,2.974033333333334,8331.0
270,00270_046_SN03_24bars_health_check.csv,46,3,24.0,health_check,True,True,False,False,0.0,12.620846128745605,3.057366666666668,8332.0
271,00271_047_SN03_21bars_health_check.csv,47,3,21.0,health_check,True,True,False,False,0.0,12.74331331551821,3.082741666666668,8515.0
272,00272_048_SN03_18bars_health_check.csv,48,3,18.0,health_check,True,True,False,False,0.0,12.84903651102897,3.1081166666666675,8698.0
273,00273_049_SN03_15bars_health_check.csv,49,3,15.0,health_check,True,True,False,False,0.0,12.938030530252982,3.1334916666666675,8881.0
274,00274_050_SN03_12bars_health_check.csv,50,3,12.0,health_check,True,True,False,False,0.0,13.0118593770071,3.158866666666668,9064.0
275,00275_051_SN03_9bars_health_check.csv,51,3,9.0,health_check,True,True,False,False,0.0,13.071416483621856,3.1842416666666677,9247.0
276,00276_052_SN03_15bars_ramp1.csv,52,3,15.0,ramp1,True,True,False,False,0.0,13.118162107562664,3.2096166666666672,9430.0
277,00277_053_SN03_15bars_ramp2.csv,53,3,15.0,ramp2,True,True,False,False,0.0,13.191400234033996,3.234894444444445,9612.0
278,00278_054_SN03_15bars_ramp3.csv,54,3,15.0,ramp3,True,True,False,False,0.0,13.206710949068457,3.2401722222222227,9650.0
279,00279_055_SN03_15bars_ramp4.csv,55,3,15.0,ramp4,True,True,False,False,0.0,13.299904626420238,3.270727777777778,9669.0
280,00280_056_SN03_15bars_onmod.csv,56,3,15.0,onmod,True,False,False,False,0.0,13.64402886088333,3.3837833333333336,9742.0
281,00281_057_SN03_15bars_offmod.csv,57,3,15.0,offmod,True,True,False,False,0.0,13.704822584189076,3.4057861111111114,10542.0
283,00283_059_SN03_15bars_random_long.csv,59,3,15.0,random_long,True,True,False,False,0.0,14.432922391677485,3.657886111111112,11642.0
284,00284_060_SN03_15bars_random_mixed.csv,60,3,15.0,random_mixed,True,True,False,False,0.0,14.859939196803037,3.801219444444445,11743.0
285,00285_061_SN03_12bars_ramp1.csv,61,3,12.0,ramp1,True,True,False,False,0.0,14.95704385448265,3.834536111111112,11843.0
286,00286_062_SN03_12bars_ramp2.csv,62,3,12.0,ramp2,True,True,False,False,0.0,15.01446029409073,3.8598138888888895,12025.0
287,00287_063_SN03_12bars_ramp3.csv,63,3,12.0,ramp3,True,True,False,False,0.0,15.026561259128728,3.8650916666666673,12063.0
288,00288_064_SN03_12bars_ramp4.csv,64,3,12.0,ramp4,True,True,False,False,0.0,15.099992216871724,3.895647222222223,12082.0
289,00289_065_SN03_12bars_onmod.csv,65,3,12.0,onmod,True,False,False,False,0.0,15.370996639130144,4.008702777777779,12155.0
290,00290_066_SN03_12bars_offmod.csv,66,3,12.0,offmod,True,True,False,False,0.0,15.41873144407595,4.0305694444444455,12955.0
291,00291_067_SN03_12bars_random_short.csv,67,3,12.0,random_short,True,True,False,False,0.0,15.901130994508064,4.241680555555557,13755.0
292,00292_068_SN03_12bars_random_long.csv,68,3,12.0,random_long,True,True,False,False,0.0,15.990966648666856,4.282366666666668,14055.0
293,00293_069_SN03_12bars_random_mixed.csv,69,3,12.0,random_mixed,True,True,False,False,0.0,16.336465998209206,4.429033333333335,14151.0
294,00294_070_SN03_9bars_ramp1.csv,70,3,9.0,ramp1,True,True,False,False,0.0,16.40418623002878,4.45856388888889,14251.0
296,00296_072_SN03_9bars_ramp3.csv,72,3,9.0,ramp3,True,True,False,False,0.0,16.457239486263642,4.489119444444446,14471.0
297,00297_073_SN03_9bars_ramp4.csv,73,3,9.0,ramp4,True,True,False,False,0.0,16.513515228760237,4.519675000000002,14490.0
299,00299_075_SN03_9bars_offmod.csv,75,3,9.0,offmod,True,True,False,False,0.0,16.758956045251782,4.6547388888888905,15363.0
300,00300_076_SN03_9bars_random_short.csv,76,3,9.0,random_short,True,True,False,False,0.0,17.128200532382998,4.865850000000002,16163.0
301,00301_077_SN03_9bars_random_long.csv,77,3,9.0,random_long,True,True,False,False,0.0,17.198058707799916,4.907200000000002,16463.0
302,00302_078_SN03_9bars_random_mixed.csv,78,3,9.0,random_mixed,True,True,False,False,0.0,17.443385297445104,5.042755555555558,16558.0
303,00303_079_SN03_24bars_ssf.csv,79,3,24.0,ssf,True,True,False,False,0.0,17.50488777651148,5.077547222222225,16658.0
304,00304_080_SN03_21bars_ssf.csv,80,3,21.0,ssf,True,True,False,False,0.0,17.89175212444733,5.160880555555558,16659.0
305,00305_081_SN03_18bars_ssf.csv,81,3,18.0,ssf,True,True,False,False,0.0,18.22480619653521,5.244213888888891,16660.0
306,00306_082_SN03_15bars_ssf.csv,82,3,15.0,ssf,True,True,False,False,0.0,18.506845468518524,5.327547222222224,16661.0
307,00307_083_SN03_12bars_ssf.csv,83,3,12.0,ssf,True,True,False,False,0.0,18.740930351164515,5.410880555555557,16662.0
308,00308_084_SN03_9bars_ssf.csv,84,3,9.0,ssf,True,True,False,False,0.0,18.930342959526417,5.49421388888889,16663.0
309,00309_085_SN03_24bars_health_check.csv,85,3,24.0,health_check,True,True,False,False,0.0,19.079059453751924,5.577547222222223,16664.0
310,00310_086_SN03_21bars_health_check.csv,86,3,21.0,health_check,True,True,False,False,0.0,19.18966101515793,5.602922222222223,16847.0
311,00311_087_SN03_18bars_health_check.csv,87,3,18.0,health_check,True,True,False,False,0.0,19.284874095836635,5.628297222222224,17030.0
312,00312_088_SN03_15bars_health_check.csv,88,3,15.0,health_check,True,True,False,False,0.0,19.365193426480403,5.653672222222224,17213.0
313,00313_089_SN03_12bars_health_check.csv,89,3,12.0,health_check,True,True,False,False,0.0,19.43172126929005,5.679047222222224,17396.0
314,00314_090_SN03_9bars_health_check.csv,90,3,9.0,health_check,True,True,False,False,0.0,19.485597571291184,5.704422222222225,17579.0
315,00315_091_SN03_7bars_ssf.csv,91,3,7.0,ssf,True,True,False,False,0.0,19.52773928227024,5.729797222222225,17762.0
317,00317_093_SN03_7bars_health_check.csv,93,3,7.0,health_check,True,True,False,False,0.0,19.70886251987657,5.896463888888891,17764.0
318,00318_094_SN03_5bars_health_check.csv,94,3,5.0,health_check,True,True,False,False,0.0,19.74389839495703,5.921838888888892,17947.0
319,00319_095_SN03_7bars_ramp1.csv,95,3,7.0,ramp1,True,True,False,False,0.0,19.772768582036235,5.947213888888892,18130.0
320,00320_096_SN03_7bars_ramp2.csv,96,3,7.0,ramp2,True,True,False,False,0.0,19.80747414821192,5.97249166666667,18312.0
321,00321_097_SN03_7bars_ramp3.csv,97,3,7.0,ramp3,True,True,False,False,0.0,19.814800709061323,5.977769444444448,18350.0
322,00322_098_SN03_7bars_ramp4.csv,98,3,7.0,ramp4,True,True,False,False,0.0,19.85948429878169,6.008325000000004,18369.0
323,00323_099_SN03_7bars_onmod.csv,99,3,7.0,onmod,True,False,False,False,0.0,20.02456263370039,6.121380555555559,18442.0
324,00324_100_SN03_7bars_offmod.csv,100,3,7.0,offmod,True,True,False,False,0.0,20.053894387885556,6.143158333333337,19242.0
325,00325_101_SN03_7bars_random_short.csv,101,3,7.0,random_short,True,True,False,False,0.0,20.347063973079678,6.354269444444448,20042.0
326,00326_102_SN03_7bars_random_long.csv,102,3,7.0,random_long,True,True,False,False,0.0,20.400533745662088,6.394108333333337,20342.0
327,00327_103_SN03_7bars_random_mixed.csv,103,3,7.0,random_mixed,True,True,False,False,0.0,20.60684862951449,6.537441666666671,20448.0
328,00328_104_SN03_5bars_ramp1.csv,104,3,5.0,ramp1,True,True,False,False,0.0,20.65112149581277,6.569036111111115,20548.0
329,00329_105_SN03_5bars_ramp2.csv,105,3,5.0,ramp2,True,True,False,False,0.0,20.6789800651843,6.594313888888893,20730.0
331,00331_107_SN03_5bars_ramp4.csv,107,3,5.0,ramp4,True,True,False,False,0.0,20.700562234872155,6.630147222222226,20787.0
332,00332_108_SN03_5bars_onmod.csv,108,3,5.0,onmod,True,False,False,False,0.0,20.83415311183603,6.743202777777782,20860.0
333,00333_109_SN03_5bars_offmod.csv,109,3,5.0,offmod,True,True,False,False,0.0,20.858813938021356,6.765688888888893,21660.0
335,00335_111_SN03_5bars_random_long.csv,111,3,5.0,random_long,True,True,False,False,0.0,21.138659940145505,7.016875000000004,22760.0
336,00336_112_SN03_5bars_random_mixed.csv,112,3,5.0,random_mixed,True,True,False,False,0.0,21.30238364944853,7.157152777777782,22853.0
337,00337_001_SN04_24bars_ssf.csv,1,4,24.0,ssf,True,True,False,False,0.0,0.0,0.0,0.0
339,00339_003_SN04_18bars_ssf.csv,3,4,18.0,ssf,True,True,False,False,0.0,0.77852129423655,0.1666666666666666,2.0
340,00340_004_SN04_15bars_ssf.csv,4,4,15.0,ssf,True,True,False,False,0.0,1.087742373067048,0.25,3.0
341,00341_005_SN04_12bars_ssf.csv,5,4,12.0,ssf,True,True,False,False,0.0,1.3460971809488915,0.3333333333333333,4.0
342,00342_006_SN04_9bars_ssf.csv,6,4,9.0,ssf,True,True,False,False,0.0,1.5570491989607005,0.4166666666666666,5.0
344,00344_008_SN04_21bars_health_check.csv,8,4,21.0,health_check,True,True,False,False,0.0,1.8448000730828755,0.5253749999999999,189.0
345,00345_009_SN04_18bars_health_check.csv,9,4,18.0,health_check,True,True,False,False,0.0,1.948481147907093,0.55075,372.0
346,00346_010_SN04_15bars_health_check.csv,10,4,15.0,health_check,True,True,False,False,0.0,2.036566682169073,0.576125,555.0
347,00347_011_SN04_12bars_health_check.csv,11,4,12.0,health_check,True,True,False,False,0.0,2.1101600803928178,0.6015,738.0
349,00349_013_SN04_24bars_ramp1.csv,13,4,24.0,ramp1,True,True,False,False,0.0,2.217786610110772,0.6522500000000001,1104.0
350,00350_014_SN04_24bars_ramp2.csv,14,4,24.0,ramp2,True,True,False,False,0.0,2.336062597867683,0.6775277777777778,1286.0
351,00351_015_SN04_24bars_ramp3.csv,15,4,24.0,ramp3,True,True,False,False,0.0,2.360735900873119,0.6828055555555557,1324.0
353,00353_017_SN04_24bars_onmod.csv,17,4,24.0,onmod,True,False,False,False,0.0,3.0605177090653184,0.8264166666666668,1416.0
354,00354_018_SN04_24bars_offmod.csv,18,4,24.0,offmod,True,True,False,False,0.0,3.1581079254557887,0.8482222222222223,2216.0
355,00355_019_SN04_24bars_random_short.csv,19,4,24.0,random_short,True,True,False,False,0.0,4.139997448585545,1.0593333333333337,3016.0
356,00356_020_SN04_24bars_random_long.csv,20,4,24.0,random_long,True,True,False,False,0.0,4.320568387771582,1.0995138888888891,3316.0
357,00357_021_SN04_24bars_random_mixed.csv,21,4,24.0,random_mixed,True,True,False,False,0.0,5.130990903701697,1.2711805555555558,3412.0
358,00358_022_SN04_21bars_ramp1.csv,22,4,21.0,ramp1,True,True,False,False,0.0,5.31173408637639,1.3100611111111111,3512.0
359,00359_023_SN04_21bars_ramp2.csv,23,4,21.0,ramp2,True,True,False,False,0.0,5.409623212031637,1.335338888888889,3694.0
360,00360_024_SN04_21bars_ramp3.csv,24,4,21.0,ramp3,True,True,False,False,0.0,5.43018725439975,1.3406166666666668,3732.0
361,00361_025_SN04_21bars_ramp4.csv,25,4,21.0,ramp4,True,True,False,False,0.0,5.554490514608885,1.3711722222222222,3751.0
363,00363_027_SN04_21bars_offmod.csv,27,4,21.0,offmod,True,True,False,False,0.0,6.094885016536149,1.5065527777777776,4624.0
364,00364_028_SN04_21bars_random_short.csv,28,4,21.0,random_short,True,True,False,False,0.0,6.909750878076244,1.7176638888888889,5424.0
365,00365_029_SN04_21bars_random_long.csv,29,4,21.0,random_long,True,True,False,False,0.0,7.061903759740659,1.7584027777777775,5724.0
366,00366_030_SN04_21bars_random_mixed.csv,30,4,21.0,random_mixed,True,True,False,False,0.0,7.586563161477196,1.891458333333333,5819.0
367,00367_031_SN04_18bars_ramp1.csv,31,4,18.0,ramp1,True,True,False,False,0.0,7.777904458039836,1.9407138888888888,5919.0
368,00368_032_SN04_18bars_ramp2.csv,32,4,18.0,ramp2,True,True,False,False,0.0,7.858232555183378,1.9659916666666664,6101.0
369,00369_033_SN04_18bars_ramp3.csv,33,4,18.0,ramp3,True,True,False,False,0.0,7.875083329594997,1.971269444444444,6139.0
370,00370_034_SN04_18bars_ramp4.csv,34,4,18.0,ramp4,True,True,False,False,0.0,7.977378523156939,2.001825,6158.0
371,00371_035_SN04_18bars_onmod.csv,35,4,18.0,onmod,True,False,False,False,0.0,8.354123356298793,2.114880555555555,6231.0
372,00372_036_SN04_18bars_offmod.csv,36,4,18.0,offmod,True,True,False,False,0.0,8.420708458082665,2.1367416666666665,7031.0
373,00373_037_SN04_18bars_random_short.csv,37,4,18.0,random_short,True,True,False,False,0.0,9.092789649872053,2.347852777777778,7831.0
374,00374_038_SN04_18bars_random_long.csv,38,4,18.0,random_long,True,True,False,False,0.0,9.216159272971549,2.388025,8131.0
376,00376_040_SN04_24bars_ssf.csv,40,4,24.0,ssf,True,True,False,False,0.0,9.76532503921758,2.557366666666667,8326.0
377,00377_041_SN04_21bars_ssf.csv,41,4,21.0,ssf,True,True,False,False,0.0,10.130504894209174,2.6407000000000003,8327.0
378,00378_042_SN04_18bars_ssf.csv,42,4,18.0,ssf,True,True,False,False,0.0,10.446170601132785,2.7240333333333338,8328.0
379,00379_043_SN04_15bars_ssf.csv,43,4,15.0,ssf,True,True,False,False,0.0,10.714945611554043,2.8073666666666672,8329.0
380,00380_044_SN04_12bars_ssf.csv,44,4,12.0,ssf,True,True,False,False,0.0,10.93956469220236,2.8907000000000007,8330.0
381,00381_045_SN04_9bars_ssf.csv,45,4,9.0,ssf,True,True,False,False,0.0,11.12301159745896,2.974033333333334,8331.0
382,00382_046_SN04_24bars_health_check.csv,46,4,24.0,health_check,True,True,False,False,0.0,11.268909218256946,3.057366666666668,8332.0
383,00383_047_SN04_21bars_health_check.csv,47,4,21.0,health_check,True,True,False,False,0.0,11.373011682019278,3.082741666666668,8515.0
384,00384_048_SN04_18bars_health_check.csv,48,4,18.0,health_check,True,True,False,False,0.0,11.463267711286106,3.1081166666666675,8698.0
385,00385_049_SN04_15bars_health_check.csv,49,4,15.0,health_check,True,True,False,False,0.0,11.53965222374475,3.1334916666666675,8881.0
386,00386_050_SN04_12bars_health_check.csv,50,4,12.0,health_check,True,True,False,False,0.0,11.603653360958956,3.158866666666668,9064.0
387,00387_051_SN04_9bars_health_check.csv,51,4,9.0,health_check,True,True,False,False,0.0,11.655763431257483,3.1842416666666677,9247.0
388,00388_052_SN04_15bars_ramp1.csv,52,4,15.0,ramp1,True,True,False,False,0.0,11.697155636844553,3.2096166666666672,9430.0
389,00389_053_SN04_15bars_ramp2.csv,53,4,15.0,ramp2,True,True,False,False,0.0,11.760596657079605,3.234894444444445,9612.0
390,00390_054_SN04_15bars_ramp3.csv,54,4,15.0,ramp3,True,True,False,False,0.0,11.773893261903964,3.2401722222222227,9650.0
391,00391_055_SN04_15bars_ramp4.csv,55,4,15.0,ramp4,True,True,False,False,0.0,11.854755297892082,3.270727777777778,9669.0
392,00392_056_SN04_15bars_onmod.csv,56,4,15.0,onmod,True,False,False,False,0.0,12.152890604918902,3.3837833333333336,9742.0
395,00395_059_SN04_15bars_random_long.csv,59,4,15.0,random_long,True,True,False,False,0.0,12.83617447203186,3.657886111111112,11642.0
396,00396_060_SN04_15bars_random_mixed.csv,60,4,15.0,random_mixed,True,True,False,False,0.0,13.206695187682008,3.801219444444445,11743.0
397,00397_061_SN04_12bars_ramp1.csv,61,4,12.0,ramp1,True,True,False,False,0.0,13.29084274730426,3.834536111111112,11843.0
399,00399_063_SN04_12bars_ramp3.csv,63,4,12.0,ramp3,True,True,False,False,0.0,13.350870458898164,3.8650916666666673,12063.0
400,00400_064_SN04_12bars_ramp4.csv,64,4,12.0,ramp4,True,True,False,False,0.0,13.415210309642587,3.895647222222223,12082.0
402,00402_066_SN04_12bars_offmod.csv,66,4,12.0,offmod,True,True,False,False,0.0,13.69455850938636,4.0305694444444455,12955.0
403,00403_067_SN04_12bars_random_short.csv,67,4,12.0,random_short,True,True,False,False,0.0,14.116968877226403,4.241680555555557,13755.0
404,00404_068_SN04_12bars_random_long.csv,68,4,12.0,random_long,True,True,False,False,0.0,14.19573648333557,4.282366666666668,14055.0
406,00406_070_SN04_9bars_ramp1.csv,70,4,9.0,ramp1,True,True,False,False,0.0,14.558281654351742,4.45856388888889,14251.0
407,00407_071_SN04_9bars_ramp2.csv,71,4,9.0,ramp2,True,True,False,False,0.0,14.597186436134058,4.4838416666666685,14433.0
408,00408_072_SN04_9bars_ramp3.csv,72,4,9.0,ramp3,True,True,False,False,0.0,14.6053449110783,4.489119444444446,14471.0
409,00409_073_SN04_9bars_ramp4.csv,73,4,9.0,ramp4,True,True,False,False,0.0,14.65540846517866,4.519675000000002,14490.0
410,00410_074_SN04_9bars_onmod.csv,74,4,9.0,onmod,True,False,False,False,0.0,14.839844664200124,4.632730555555558,14563.0
411,00411_075_SN04_9bars_offmod.csv,75,4,9.0,offmod,True,True,False,False,0.0,14.872813834003466,4.6547388888888905,15363.0
412,00412_076_SN04_9bars_random_short.csv,76,4,9.0,random_short,True,True,False,False,0.0,15.20058515423968,4.865850000000002,16163.0
413,00413_077_SN04_9bars_random_long.csv,77,4,9.0,random_long,True,True,False,False,0.0,15.262715787959268,4.907200000000002,16463.0
414,00414_078_SN04_9bars_random_mixed.csv,78,4,9.0,random_mixed,True,True,False,False,0.0,15.480900004838164,5.042755555555558,16558.0
415,00415_079_SN04_24bars_ssf.csv,79,4,24.0,ssf,True,True,False,False,0.0,15.535766999519016,5.077547222222225,16658.0
416,00416_080_SN04_21bars_ssf.csv,80,4,21.0,ssf,True,True,False,False,0.0,15.86644254637283,5.160880555555558,16659.0
417,00417_081_SN04_18bars_ssf.csv,81,4,18.0,ssf,True,True,False,False,0.0,16.152641992039538,5.244213888888891,16660.0
418,00418_082_SN04_15bars_ssf.csv,82,4,15.0,ssf,True,True,False,False,0.0,16.396302070936777,5.327547222222224,16661.0
420,00420_084_SN04_9bars_ssf.csv,84,4,9.0,ssf,True,True,False,False,0.0,16.766436894647097,5.49421388888889,16663.0
421,00421_085_SN04_24bars_health_check.csv,85,4,24.0,health_check,True,True,False,False,0.0,16.89882438295802,5.577547222222223,16664.0
422,00422_086_SN04_21bars_health_check.csv,86,4,21.0,health_check,True,True,False,False,0.0,16.99310772010898,5.602922222222223,16847.0
423,00423_087_SN04_18bars_health_check.csv,87,4,18.0,health_check,True,True,False,False,0.0,17.074536651430687,5.628297222222224,17030.0
424,00424_088_SN04_15bars_health_check.csv,88,4,15.0,health_check,True,True,False,False,0.0,17.143966365356423,5.653672222222224,17213.0
425,00425_089_SN04_12bars_health_check.csv,89,4,12.0,health_check,True,True,False,False,0.0,17.20184680962875,5.679047222222224,17396.0
426,00426_090_SN04_9bars_health_check.csv,90,4,9.0,health_check,True,True,False,False,0.0,17.249142722580782,5.704422222222225,17579.0
427,00427_091_SN04_7bars_ssf.csv,91,4,7.0,ssf,True,True,False,False,0.0,17.28670155421962,5.729797222222225,17762.0
428,00428_092_SN04_5bars_ssf.csv,92,4,5.0,ssf,True,True,False,False,0.0,17.39744225380918,5.813130555555558,17763.0
429,00429_093_SN04_7bars_health_check.csv,93,4,7.0,health_check,True,True,False,False,0.0,17.490018652227707,5.896463888888891,17764.0
430,00430_094_SN04_5bars_health_check.csv,94,4,5.0,health_check,True,True,False,False,0.0,17.521586718807416,5.921838888888892,17947.0
431,00431_095_SN04_7bars_ramp1.csv,95,4,7.0,ramp1,True,True,False,False,0.0,17.547866358324494,5.947213888888892,18130.0
432,00432_096_SN04_7bars_ramp2.csv,96,4,7.0,ramp2,True,True,False,False,0.0,17.579055647754686,5.97249166666667,18312.0
433,00433_097_SN04_7bars_ramp3.csv,97,4,7.0,ramp3,True,True,False,False,0.0,17.58558695333971,5.977769444444448,18350.0
434,00434_098_SN04_7bars_ramp4.csv,98,4,7.0,ramp4,True,True,False,False,0.0,17.62581323548691,6.008325000000004,18369.0
436,00436_100_SN04_7bars_offmod.csv,100,4,7.0,offmod,True,True,False,False,0.0,17.80094722597578,6.143158333333337,19242.0
437,00437_101_SN04_7bars_random_short.csv,101,4,7.0,random_short,True,True,False,False,0.0,18.06458217074278,6.354269444444448,20042.0
438,00438_102_SN04_7bars_random_long.csv,102,4,7.0,random_long,True,True,False,False,0.0,18.112657153659235,6.394108333333337,20342.0
439,00439_103_SN04_7bars_random_mixed.csv,103,4,7.0,random_mixed,True,True,False,False,0.0,18.29832922501284,6.537441666666671,20448.0
441,00441_105_SN04_5bars_ramp2.csv,105,4,5.0,ramp2,True,True,False,False,0.0,18.36572274359424,6.594313888888893,20730.0
442,00442_106_SN04_5bars_ramp3.csv,106,4,5.0,ramp3,True,True,False,False,0.0,18.37105188720528,6.599591666666671,20768.0
443,00443_107_SN04_5bars_ramp4.csv,107,4,5.0,ramp4,True,True,False,False,0.0,18.40407422241725,6.630147222222226,20787.0
445,00445_109_SN04_5bars_offmod.csv,109,4,5.0,offmod,True,True,False,False,0.0,18.54875234665192,6.765688888888893,21660.0
446,00446_110_SN04_5bars_random_short.csv,110,4,5.0,random_short,True,True,False,False,0.0,18.76427543111468,6.976800000000004,22460.0
447,00447_111_SN04_5bars_random_long.csv,111,4,5.0,random_long,True,True,False,False,0.0,18.803749000511832,7.016875000000004,22760.0
448,00448_112_SN04_5bars_random_mixed.csv,112,4,5.0,random_mixed,True,True,False,False,0.0,18.953370461543816,7.157152777777782,22853.0
449,00449_001_SN05_24bars_ssf.csv,1,5,24.0,ssf,True,True,False,False,0.0,0.0,0.0,0.0
450,00450_002_SN05_21bars_ssf.csv,2,5,21.0,ssf,True,True,False,False,0.0,0.4384518103518015,0.0833333333333333,1.0
451,00451_003_SN05_18bars_ssf.csv,3,5,18.0,ssf,True,True,False,False,0.0,0.8172316264905731,0.1666666666666666,2.0
452,00452_004_SN05_15bars_ssf.csv,4,5,15.0,ssf,True,True,False,False,0.0,1.1395273788647788,0.25,3.0
453,00453_005_SN05_12bars_ssf.csv,5,5,12.0,ssf,True,True,False,False,0.0,1.408771252770625,0.3333333333333333,4.0
454,00454_006_SN05_9bars_ssf.csv,6,5,9.0,ssf,True,True,False,False,0.0,1.628492562661248,0.4166666666666666,5.0
455,00455_007_SN05_24bars_health_check.csv,7,5,24.0,health_check,True,True,False,False,0.0,1.803144464608776,0.4999999999999999,6.0
457,00457_009_SN05_18bars_health_check.csv,9,5,18.0,health_check,True,True,False,False,0.0,2.037092793141784,0.55075,372.0
458,00458_010_SN05_15bars_health_check.csv,10,5,15.0,health_check,True,True,False,False,0.0,2.1292860294437848,0.576125,555.0
459,00459_011_SN05_12bars_health_check.csv,11,5,12.0,health_check,True,True,False,False,0.0,2.2062065996023343,0.6015,738.0
460,00460_012_SN05_9bars_health_check.csv,12,5,9.0,health_check,True,True,False,False,0.0,2.2689202735331038,0.6268750000000001,921.0
461,00461_013_SN05_24bars_ramp1.csv,13,5,24.0,ramp1,True,True,False,False,0.0,2.318845730370404,0.6522500000000001,1104.0
462,00462_014_SN05_24bars_ramp2.csv,14,5,24.0,ramp2,True,True,False,False,0.0,2.44232030110669,0.6775277777777778,1286.0
463,00463_015_SN05_24bars_ramp3.csv,15,5,24.0,ramp3,True,True,False,False,0.0,2.4681361134873936,0.6828055555555557,1324.0
464,00464_016_SN05_24bars_ramp4.csv,16,5,24.0,ramp4,True,True,False,False,0.0,2.624085084904022,0.7133611111111112,1343.0
465,00465_017_SN05_24bars_onmod.csv,17,5,24.0,onmod,True,False,False,False,0.0,3.1980245457902923,0.8264166666666668,1416.0
466,00466_018_SN05_24bars_offmod.csv,18,5,24.0,offmod,True,True,False,False,0.0,3.302232102635603,0.8482222222222223,2216.0
467,00467_019_SN05_24bars_random_short.csv,19,5,24.0,random_short,True,True,False,False,0.0,4.327269275059148,1.0593333333333337,3016.0
468,00468_020_SN05_24bars_random_long.csv,20,5,24.0,random_long,True,True,False,False,0.0,4.51535984802534,1.0995138888888891,3316.0
469,00469_021_SN05_24bars_random_mixed.csv,21,5,24.0,random_mixed,True,True,False,False,0.0,5.360465263755921,1.2711805555555558,3412.0
470,00470_022_SN05_21bars_ramp1.csv,22,5,21.0,ramp1,True,True,False,False,0.0,5.548781612328605,1.3100611111111111,3512.0
472,00472_024_SN05_21bars_ramp3.csv,24,5,21.0,ramp3,True,True,False,False,0.0,5.672027710011804,1.3406166666666668,3732.0
473,00473_025_SN05_21bars_ramp4.csv,25,5,21.0,ramp4,True,True,False,False,0.0,5.8013942289058615,1.3711722222222222,3751.0
474,00474_026_SN05_21bars_onmod.csv,26,5,21.0,onmod,True,False,False,False,0.0,6.278200072361357,1.4842277777777777,3824.0
475,00475_027_SN05_21bars_offmod.csv,27,5,21.0,offmod,True,True,False,False,0.0,6.366581797079144,1.5065527777777776,4624.0
476,00476_028_SN05_21bars_random_short.csv,28,5,21.0,random_short,True,True,False,False,0.0,7.215994081401684,1.7176638888888889,5424.0
477,00477_029_SN05_21bars_random_long.csv,29,5,21.0,random_long,True,True,False,False,0.0,7.374602623880862,1.7584027777777775,5724.0
478,00478_030_SN05_21bars_random_mixed.csv,30,5,21.0,random_mixed,True,True,False,False,0.0,7.921354928986623,1.891458333333333,5819.0
479,00479_031_SN05_18bars_ramp1.csv,31,5,18.0,ramp1,True,True,False,False,0.0,8.12074206171329,1.9407138888888888,5919.0
480,00480_032_SN05_18bars_ramp2.csv,32,5,18.0,ramp2,True,True,False,False,0.0,8.2044252109768,1.9659916666666664,6101.0
481,00481_033_SN05_18bars_ramp3.csv,33,5,18.0,ramp3,True,True,False,False,0.0,8.222027825148924,1.971269444444444,6139.0
482,00482_034_SN05_18bars_ramp4.csv,34,5,18.0,ramp4,True,True,False,False,0.0,8.328442138837369,2.001825,6158.0
483,00483_035_SN05_18bars_onmod.csv,35,5,18.0,onmod,True,False,False,False,0.0,8.720605619218787,2.114880555555555,6231.0
484,00484_036_SN05_18bars_offmod.csv,36,5,18.0,offmod,True,True,False,False,0.0,8.79148842572614,2.1367416666666665,7031.0
485,00485_037_SN05_18bars_random_short.csv,37,5,18.0,random_short,True,True,False,False,0.0,9.491236111445334,2.347852777777778,7831.0
486,00486_038_SN05_18bars_random_long.csv,38,5,18.0,random_long,True,True,False,False,0.0,9.619684164547287,2.388025,8131.0
487,00487_039_SN05_18bars_random_mixed.csv,39,5,18.0,random_mixed,True,True,False,False,0.0,10.03751317465272,2.5113583333333334,8226.0
488,00488_040_SN05_24bars_ssf.csv,40,5,24.0,ssf,True,True,False,False,0.0,10.191697589528722,2.557366666666667,8326.0
489,00489_041_SN05_21bars_ssf.csv,41,5,21.0,ssf,True,True,False,False,0.0,10.57122809843617,2.6407000000000003,8327.0
490,00490_042_SN05_18bars_ssf.csv,42,5,18.0,ssf,True,True,False,False,0.0,10.899306981365395,2.7240333333333338,8328.0
491,00491_043_SN05_15bars_ssf.csv,43,5,15.0,ssf,True,True,False,False,0.0,11.17864449626083,2.8073666666666672,8329.0
492,00492_044_SN05_12bars_ssf.csv,44,5,12.0,ssf,True,True,False,False,0.0,11.412056372266209,2.8907000000000007,8330.0
493,00493_045_SN05_9bars_ssf.csv,45,5,9.0,ssf,True,True,False,False,0.0,11.602631287009071,2.974033333333334,8331.0
494,00494_046_SN05_24bars_health_check.csv,46,5,24.0,health_check,True,True,False,False,0.0,11.75416978862979,3.057366666666668,8332.0
495,00495_047_SN05_21bars_health_check.csv,47,5,21.0,health_check,True,True,False,False,0.0,11.862717033397452,3.082741666666668,8515.0
496,00496_048_SN05_18bars_health_check.csv,48,5,18.0,health_check,True,True,False,False,0.0,11.956567371032753,3.1081166666666675,8698.0
497,00497_049_SN05_15bars_health_check.csv,49,5,15.0,health_check,True,True,False,False,0.0,12.03636778458192,3.1334916666666675,8881.0
498,00498_050_SN05_12bars_health_check.csv,50,5,12.0,health_check,True,True,False,False,0.0,12.10300144293413,3.158866666666668,9064.0
499,00499_051_SN05_9bars_health_check.csv,51,5,9.0,health_check,True,True,False,False,0.0,12.15742239830847,3.1842416666666677,9247.0
500,00500_052_SN05_15bars_ramp1.csv,52,5,15.0,ramp1,True,True,False,False,0.0,12.200792112685445,3.2096166666666672,9430.0
501,00501_053_SN05_15bars_ramp2.csv,53,5,15.0,ramp2,True,True,False,False,0.0,12.266713120033163,3.234894444444445,9612.0
503,00503_055_SN05_15bars_ramp4.csv,55,5,15.0,ramp4,True,True,False,False,0.0,12.364538886607118,3.270727777777778,9669.0
504,00504_056_SN05_15bars_onmod.csv,56,5,15.0,onmod,True,False,False,False,0.0,12.67439540702784,3.3837833333333336,9742.0
505,00505_057_SN05_15bars_offmod.csv,57,5,15.0,offmod,True,True,False,False,0.0,12.730554064147706,3.4057861111111114,10542.0
507,00507_059_SN05_15bars_random_long.csv,59,5,15.0,random_long,True,True,False,False,0.0,13.386593060282165,3.657886111111112,11642.0
508,00508_060_SN05_15bars_random_mixed.csv,60,5,15.0,random_mixed,True,True,False,False,0.0,13.771652070204333,3.801219444444445,11743.0
509,00509_061_SN05_12bars_ramp1.csv,61,5,12.0,ramp1,True,True,False,False,0.0,13.859248150265405,3.834536111111112,11843.0
510,00510_062_SN05_12bars_ramp2.csv,62,5,12.0,ramp2,True,True,False,False,0.0,13.911488353186767,3.8598138888888895,12025.0
511,00511_063_SN05_12bars_ramp3.csv,63,5,12.0,ramp3,True,True,False,False,0.0,13.92249896757266,3.8650916666666673,12063.0
512,00512_064_SN05_12bars_ramp4.csv,64,5,12.0,ramp4,True,True,False,False,0.0,13.98937074790036,3.895647222222223,12082.0
513,00513_065_SN05_12bars_onmod.csv,65,5,12.0,onmod,True,False,False,False,0.0,14.236051849214446,4.008702777777779,12155.0
514,00514_066_SN05_12bars_offmod.csv,66,5,12.0,offmod,True,True,False,False,0.0,14.280613133871489,4.0305694444444455,12955.0
515,00515_067_SN05_12bars_random_short.csv,67,5,12.0,random_short,True,True,False,False,0.0,14.71973159212171,4.241680555555557,13755.0
516,00516_068_SN05_12bars_random_long.csv,68,5,12.0,random_long,True,True,False,False,0.0,14.80172543276503,4.282366666666668,14055.0
517,00517_069_SN05_12bars_random_mixed.csv,69,5,12.0,random_mixed,True,True,False,False,0.0,15.11639143626808,4.429033333333335,14151.0
518,00518_070_SN05_9bars_ramp1.csv,70,5,9.0,ramp1,True,True,False,False,0.0,15.178233721395296,4.45856388888889,14251.0
520,00520_072_SN05_9bars_ramp3.csv,72,5,9.0,ramp3,True,True,False,False,0.0,15.227325123039815,4.489119444444446,14471.0
522,00522_074_SN05_9bars_onmod.csv,74,5,9.0,onmod,True,False,False,False,0.0,15.470861890503048,4.632730555555558,14563.0
523,00523_075_SN05_9bars_offmod.csv,75,5,9.0,offmod,True,True,False,False,0.0,15.505835570397355,4.6547388888888905,15363.0
524,00524_076_SN05_9bars_random_short.csv,76,5,9.0,random_short,True,True,False,False,0.0,15.846800073559322,4.865850000000002,16163.0
525,00525_077_SN05_9bars_random_long.csv,77,5,9.0,random_long,True,True,False,False,0.0,15.911475546395014,4.907200000000002,16463.0
526,00526_078_SN05_9bars_random_mixed.csv,78,5,9.0,random_mixed,True,True,False,False,0.0,16.13777368367819,5.042755555555558,16558.0
527,00527_079_SN05_24bars_ssf.csv,79,5,24.0,ssf,True,True,False,False,0.0,16.194676664429775,5.077547222222225,16658.0
528,00528_080_SN05_21bars_ssf.csv,80,5,21.0,ssf,True,True,False,False,0.0,16.538056586254335,5.160880555555558,16659.0
529,00529_081_SN05_18bars_ssf.csv,81,5,18.0,ssf,True,True,False,False,0.0,16.834943453707048,5.244213888888891,16660.0
530,00530_082_SN05_15bars_ssf.csv,82,5,15.0,ssf,True,True,False,False,0.0,17.08790051626583,5.327547222222224,16661.0
531,00531_083_SN05_12bars_ssf.csv,83,5,12.0,ssf,True,True,False,False,0.0,17.29919324971234,5.410880555555557,16662.0
532,00532_084_SN05_9bars_ssf.csv,84,5,9.0,ssf,True,True,False,False,0.0,17.471764799664435,5.49421388888889,16663.0
533,00533_085_SN05_24bars_health_check.csv,85,5,24.0,health_check,True,True,False,False,0.0,17.608999286313416,5.577547222222223,16664.0
534,00534_086_SN05_21bars_health_check.csv,86,5,21.0,health_check,True,True,False,False,0.0,17.707271423938053,5.602922222222223,16847.0
535,00535_087_SN05_18bars_health_check.csv,87,5,18.0,health_check,True,True,False,False,0.0,17.79219097262666,5.628297222222224,17030.0
537,00537_089_SN05_12bars_health_check.csv,89,5,12.0,health_check,True,True,False,False,0.0,17.92491296894808,5.679047222222224,17396.0
538,00538_090_SN05_9bars_health_check.csv,90,5,9.0,health_check,True,True,False,False,0.0,17.97430821492789,5.704422222222225,17579.0
539,00539_091_SN05_7bars_ssf.csv,91,5,7.0,ssf,True,True,False,False,0.0,18.013405403851458,5.729797222222225,17762.0
540,00540_092_SN05_5bars_ssf.csv,92,5,5.0,ssf,True,True,False,False,0.0,18.128219019301937,5.813130555555558,17763.0
541,00541_093_SN05_7bars_health_check.csv,93,5,7.0,health_check,True,True,False,False,0.0,18.224209596304497,5.896463888888891,17764.0
542,00542_094_SN05_5bars_health_check.csv,94,5,5.0,health_check,True,True,False,False,0.0,18.25720450767557,5.921838888888892,17947.0
543,00543_095_SN05_7bars_ramp1.csv,95,5,7.0,ramp1,True,True,False,False,0.0,18.28462337456056,5.947213888888892,18130.0
544,00544_096_SN05_7bars_ramp2.csv,96,5,7.0,ramp2,True,True,False,False,0.0,18.317014095255622,5.97249166666667,18312.0
545,00545_097_SN05_7bars_ramp3.csv,97,5,7.0,ramp3,True,True,False,False,0.0,18.3238732945278,5.977769444444448,18350.0
546,00546_098_SN05_7bars_ramp4.csv,98,5,7.0,ramp4,True,True,False,False,0.0,18.36569976490025,6.008325000000004,18369.0
547,00547_099_SN05_7bars_onmod.csv,99,5,7.0,onmod,True,False,False,False,0.0,18.51997528150197,6.121380555555559,18442.0
548,00548_100_SN05_7bars_offmod.csv,100,5,7.0,offmod,True,True,False,False,0.0,18.548174587760325,6.143158333333337,19242.0
549,00549_101_SN05_7bars_random_short.csv,101,5,7.0,random_short,True,True,False,False,0.0,18.822242724496896,6.354269444444448,20042.0
551,00551_103_SN05_7bars_random_mixed.csv,103,5,7.0,random_mixed,True,True,False,False,0.0,19.06514761405432,6.537441666666671,20448.0
552,00552_104_SN05_5bars_ramp1.csv,104,5,5.0,ramp1,True,True,False,False,0.0,19.10659477391922,6.569036111111115,20548.0
554,00554_106_SN05_5bars_ramp3.csv,106,5,5.0,ramp3,True,True,False,False,0.0,19.13865422352251,6.599591666666671,20768.0
555,00555_107_SN05_5bars_ramp4.csv,107,5,5.0,ramp4,True,True,False,False,0.0,19.17307155892734,6.630147222222226,20787.0
556,00556_108_SN05_5bars_onmod.csv,108,5,5.0,onmod,True,False,False,False,0.0,19.2995803250959,6.743202777777782,20860.0
557,00557_109_SN05_5bars_offmod.csv,109,5,5.0,offmod,True,True,False,False,0.0,19.32365069445623,6.765688888888893,21660.0
558,00558_110_SN05_5bars_random_short.csv,110,5,5.0,random_short,True,True,False,False,0.0,19.54816867126984,6.976800000000004,22460.0
559,00559_111_SN05_5bars_random_long.csv,111,5,5.0,random_long,True,True,False,False,0.0,19.58947523175098,7.016875000000004,22760.0
561,00561_001_SN06_24bars_ssf.csv,1,6,24.0,ssf,True,True,False,False,0.0,0.0,0.0,0.0
562,00562_002_SN06_21bars_ssf.csv,2,6,21.0,ssf,True,True,False,False,0.0,0.4565893749275366,0.0833333333333333,1.0
563,00563_003_SN06_18bars_ssf.csv,3,6,18.0,ssf,True,True,False,False,0.0,0.8509413462534094,0.1666666666666666,2.0
564,00564_004_SN06_15bars_ssf.csv,4,6,15.0,ssf,True,True,False,False,0.0,1.1864003116680937,0.25,3.0
565,00565_005_SN06_12bars_ssf.csv,5,6,12.0,ssf,True,True,False,False,0.0,1.466436584103836,0.3333333333333333,4.0
566,00566_006_SN06_9bars_ssf.csv,6,6,9.0,ssf,True,True,False,False,0.0,1.6951112195336595,0.4166666666666666,5.0
567,00567_007_SN06_24bars_health_check.csv,7,6,24.0,health_check,True,True,False,False,0.0,1.876733394092128,0.4999999999999999,6.0
568,00568_008_SN06_21bars_health_check.csv,8,6,21.0,health_check,True,True,False,False,0.0,2.008331797975186,0.5253749999999999,189.0
569,00569_009_SN06_18bars_health_check.csv,9,6,18.0,health_check,True,True,False,False,0.0,2.122113638923456,0.55075,372.0
570,00570_010_SN06_15bars_health_check.csv,10,6,15.0,health_check,True,True,False,False,0.0,2.2189746645367285,0.576125,555.0
571,00571_011_SN06_12bars_health_check.csv,11,6,12.0,health_check,True,True,False,False,0.0,2.2998957042542734,0.6015,738.0
572,00572_012_SN06_9bars_health_check.csv,12,6,9.0,health_check,True,True,False,False,0.0,2.3657958513721087,0.6268750000000001,921.0
573,00573_013_SN06_24bars_ramp1.csv,13,6,24.0,ramp1,True,True,False,False,0.0,2.418192105077051,0.6522500000000001,1104.0
574,00574_014_SN06_24bars_ramp2.csv,14,6,24.0,ramp2,True,True,False,False,0.0,2.5475089403332185,0.6775277777777778,1286.0
575,00575_015_SN06_24bars_ramp3.csv,15,6,24.0,ramp3,True,True,False,False,0.0,2.5746390737785965,0.6828055555555557,1324.0
580,00580_019_SN06_24bars_random_short.csv,19,6,24.0,random_short,True,True,False,False,0.0,5.034695374773365,1.2704444444444445,3816.0
581,00581_020_SN06_24bars_random_long.csv,20,6,24.0,random_long,True,True,False,False,0.0,5.232672493616083,1.3106250000000002,4116.0
582,00582_021_SN06_24bars_random_mixed.csv,21,6,24.0,random_mixed,True,True,False,False,0.0,6.1146739416545,1.4822916666666668,4212.0
583,00583_022_SN06_21bars_ramp1.csv,22,6,21.0,ramp1,True,True,False,False,0.0,6.310722447147944,1.5211722222222224,4312.0
584,00584_023_SN06_21bars_ramp2.csv,23,6,21.0,ramp2,True,True,False,False,0.0,6.417752157690211,1.54645,4494.0
585,00585_024_SN06_21bars_ramp3.csv,24,6,21.0,ramp3,True,True,False,False,0.0,6.440281459527637,1.5517277777777778,4532.0
587,00587_026_SN06_21bars_onmod.csv,26,6,21.0,onmod,True,False,False,False,0.0,7.072330911530749,1.6953388888888887,4624.0
588,00588_027_SN06_21bars_offmod.csv,27,6,21.0,offmod,True,True,False,False,0.0,7.167246478465859,1.7176638888888889,5424.0
589,00589_028_SN06_21bars_random_short.csv,28,6,21.0,random_short,True,True,False,False,0.0,8.056015256157458,1.928775,6224.0
591,00591_030_SN06_21bars_random_mixed.csv,30,6,21.0,random_mixed,True,True,False,False,0.0,8.792848141103324,2.1025694444444443,6619.0
592,00592_031_SN06_18bars_ramp1.csv,31,6,18.0,ramp1,True,True,False,False,0.0,9.000670161248257,2.151825,6719.0
593,00593_032_SN06_18bars_ramp2.csv,32,6,18.0,ramp2,True,True,False,False,0.0,9.088399477255662,2.1771027777777774,6901.0
594,00594_033_SN06_18bars_ramp3.csv,33,6,18.0,ramp3,True,True,False,False,0.0,9.106800729450237,2.182380555555555,6939.0
595,00595_034_SN06_18bars_ramp4.csv,34,6,18.0,ramp4,True,True,False,False,0.0,9.217893334221571,2.2129361111111105,6958.0
596,00596_035_SN06_18bars_onmod.csv,35,6,18.0,onmod,True,False,False,False,0.0,9.626288262857138,2.325991666666666,7031.0
597,00597_036_SN06_18bars_offmod.csv,36,6,18.0,offmod,True,True,False,False,0.0,9.702325758393163,2.3478527777777773,7831.0
598,00598_037_SN06_18bars_random_short.csv,37,6,18.0,random_short,True,True,False,False,0.0,10.434075637475026,2.5589638888888886,8631.0
599,00599_038_SN06_18bars_random_long.csv,38,6,18.0,random_long,True,True,False,False,0.0,10.568918390416403,2.59913611111111,8931.0
600,00600_039_SN06_18bars_random_mixed.csv,39,6,18.0,random_mixed,True,True,False,False,0.0,11.003929037420402,2.722469444444444,9026.0
601,00601_040_SN06_24bars_ssf.csv,40,6,24.0,ssf,True,True,False,False,0.0,11.164576663925164,2.7684777777777776,9126.0
602,00602_041_SN06_21bars_ssf.csv,41,6,21.0,ssf,True,True,False,False,0.0,11.559389401624736,2.851811111111111,9127.0
603,00603_042_SN06_18bars_ssf.csv,42,6,18.0,ssf,True,True,False,False,0.0,11.900626206721872,2.935144444444445,9128.0
604,00604_043_SN06_15bars_ssf.csv,43,6,15.0,ssf,True,True,False,False,0.0,12.191100157195448,3.018477777777778,9129.0
605,00605_044_SN06_12bars_ssf.csv,44,6,12.0,ssf,True,True,False,False,0.0,12.43365285348225,3.1018111111111115,9130.0
606,00606_045_SN06_9bars_ssf.csv,45,6,9.0,ssf,True,True,False,False,0.0,12.631790362244452,3.185144444444445,9131.0
607,00607_046_SN06_24bars_health_check.csv,46,6,24.0,health_check,True,True,False,False,0.0,12.789193867680115,3.2684777777777785,9132.0
608,00608_047_SN06_21bars_health_check.csv,47,6,21.0,health_check,True,True,False,False,0.0,12.903073384700043,3.2938527777777784,9315.0
610,00610_049_SN06_15bars_health_check.csv,49,6,15.0,health_check,True,True,False,False,0.0,13.085648193801331,3.3446027777777783,9681.0
611,00611_050_SN06_12bars_health_check.csv,50,6,12.0,health_check,True,True,False,False,0.0,13.155636719712367,3.369977777777778,9864.0
612,00612_051_SN06_9bars_health_check.csv,51,6,9.0,health_check,True,True,False,False,0.0,13.212727383070511,3.395352777777778,10047.0
613,00613_052_SN06_15bars_ramp1.csv,52,6,15.0,ramp1,True,True,False,False,0.0,13.258185732905137,3.420727777777778,10230.0
614,00614_053_SN06_15bars_ramp2.csv,53,6,15.0,ramp2,True,True,False,False,0.0,13.327132525936175,3.446005555555556,10412.0
615,00615_054_SN06_15bars_ramp3.csv,54,6,15.0,ramp3,True,True,False,False,0.0,13.341608422979103,3.451283333333333,10450.0
616,00616_055_SN06_15bars_ramp4.csv,55,6,15.0,ramp4,True,True,False,False,0.0,13.42923604275209,3.481838888888889,10469.0
617,00617_056_SN06_15bars_onmod.csv,56,6,15.0,onmod,True,False,False,False,0.0,13.75153654618294,3.5948944444444444,10542.0
618,00618_057_SN06_15bars_offmod.csv,57,6,15.0,offmod,True,True,False,False,0.0,13.811643540106946,3.616897222222222,11342.0
619,00619_058_SN06_15bars_random_short.csv,58,6,15.0,random_short,True,True,False,False,0.0,14.38743795295245,3.8280083333333335,12142.0
620,00620_059_SN06_15bars_random_long.csv,59,6,15.0,random_long,True,True,False,False,0.0,14.496188752318922,3.868997222222222,12442.0
621,00621_060_SN06_15bars_random_mixed.csv,60,6,15.0,random_mixed,True,True,False,False,0.0,14.896589005833915,4.012330555555556,12543.0
622,00622_061_SN06_12bars_ramp1.csv,61,6,12.0,ramp1,True,True,False,False,0.0,14.987791377638152,4.045647222222223,12643.0
623,00623_062_SN06_12bars_ramp2.csv,62,6,12.0,ramp2,True,True,False,False,0.0,15.042460744920469,4.070925000000001,12825.0
624,00624_063_SN06_12bars_ramp3.csv,63,6,12.0,ramp3,True,True,False,False,0.0,15.053885207152366,4.0762027777777785,12863.0
625,00625_064_SN06_12bars_ramp4.csv,64,6,12.0,ramp4,True,True,False,False,0.0,15.1234101884064,4.106758333333334,12882.0
626,00626_065_SN06_12bars_onmod.csv,65,6,12.0,onmod,True,False,False,False,0.0,15.379755945923488,4.21981388888889,12955.0
627,00627_066_SN06_12bars_offmod.csv,66,6,12.0,offmod,True,True,False,False,0.0,15.427347000481657,4.241680555555557,13755.0
628,00628_067_SN06_12bars_random_short.csv,67,6,12.0,random_short,True,True,False,False,0.0,15.885583194472488,4.452791666666668,14555.0
631,00631_070_SN06_9bars_ramp1.csv,70,6,9.0,ramp1,True,True,False,False,0.0,16.362649847579803,4.669675000000002,15051.0
632,00632_071_SN06_9bars_ramp2.csv,71,6,9.0,ramp2,True,True,False,False,0.0,16.404873958735543,4.69495277777778,15233.0
633,00633_072_SN06_9bars_ramp3.csv,72,6,9.0,ramp3,True,True,False,False,0.0,16.413772742777684,4.7002305555555575,15271.0
634,00634_073_SN06_9bars_ramp4.csv,73,6,9.0,ramp4,True,True,False,False,0.0,16.46773082846479,4.730786111111113,15290.0
635,00635_074_SN06_9bars_onmod.csv,74,6,9.0,onmod,True,False,False,False,0.0,16.666817355862747,4.843841666666669,15363.0
636,00636_075_SN06_9bars_offmod.csv,75,6,9.0,offmod,True,True,False,False,0.0,16.704112294926492,4.865850000000002,16163.0
637,00637_076_SN06_9bars_random_short.csv,76,6,9.0,random_short,True,True,False,False,0.0,17.059778248906355,5.076961111111113,16963.0
638,00638_077_SN06_9bars_random_long.csv,77,6,9.0,random_long,True,True,False,False,0.0,17.127501393319644,5.1183111111111135,17263.0
639,00639_078_SN06_9bars_random_mixed.csv,78,6,9.0,random_mixed,True,True,False,False,0.0,17.362666169972073,5.253866666666669,17358.0
640,00640_079_SN06_24bars_ssf.csv,79,6,24.0,ssf,True,True,False,False,0.0,17.421983530655716,5.288658333333336,17458.0
641,00641_080_SN06_21bars_ssf.csv,80,6,21.0,ssf,True,True,False,False,0.0,17.778308396775426,5.371991666666669,17459.0
642,00642_081_SN06_18bars_ssf.csv,81,6,18.0,ssf,True,True,False,False,0.0,18.0864796189919,5.455325000000002,17460.0
643,00643_082_SN06_15bars_ssf.csv,82,6,15.0,ssf,True,True,False,False,0.0,18.348850835348607,5.538658333333335,17461.0
644,00644_083_SN06_12bars_ssf.csv,83,6,12.0,ssf,True,True,False,False,0.0,18.56804099452132,5.621991666666668,17462.0
645,00645_084_SN06_9bars_ssf.csv,84,6,9.0,ssf,True,True,False,False,0.0,18.747055724999644,5.705325000000001,17463.0
646,00646_085_SN06_24bars_health_check.csv,85,6,24.0,health_check,True,True,False,False,0.0,18.889358681807582,5.788658333333334,17464.0
647,00647_086_SN06_21bars_health_check.csv,86,6,21.0,health_check,True,True,False,False,0.0,18.99211474278352,5.814033333333335,17647.0
648,00648_087_SN06_18bars_health_check.csv,87,6,18.0,health_check,True,True,False,False,0.0,19.08115925007938,5.839408333333335,17830.0
649,00649_088_SN06_15bars_health_check.csv,88,6,15.0,health_check,True,True,False,False,0.0,19.15696060201186,5.864783333333335,18013.0
650,00650_089_SN06_12bars_health_check.csv,89,6,12.0,health_check,True,True,False,False,0.0,19.220141250858287,5.890158333333336,18196.0
651,00651_090_SN06_9bars_health_check.csv,90,6,9.0,health_check,True,True,False,False,0.0,19.271817700332424,5.915533333333336,18379.0
652,00652_091_SN06_7bars_ssf.csv,91,6,7.0,ssf,True,True,False,False,0.0,19.31289062869529,5.940908333333336,18562.0
653,00653_092_SN06_5bars_ssf.csv,92,6,5.0,ssf,True,True,False,False,0.0,19.43198347157933,6.024241666666669,18563.0
655,00655_094_SN06_5bars_health_check.csv,94,6,5.0,health_check,True,True,False,False,0.0,19.56604299115086,6.132950000000003,18747.0
656,00656_095_SN06_7bars_ramp1.csv,95,6,7.0,ramp1,True,True,False,False,0.0,19.594919888171997,6.158325000000003,18930.0
657,00657_096_SN06_7bars_ramp2.csv,96,6,7.0,ramp2,True,True,False,False,0.0,19.62879118281735,6.183602777777781,19112.0
658,00658_097_SN06_7bars_ramp3.csv,97,6,7.0,ramp3,True,True,False,False,0.0,19.63591673843364,6.188880555555559,19150.0
660,00660_099_SN06_7bars_onmod.csv,99,6,7.0,onmod,True,False,False,False,0.0,19.83929025338872,6.33249166666667,19242.0
661,00661_100_SN06_7bars_offmod.csv,100,6,7.0,offmod,True,True,False,False,0.0,19.86929299739442,6.354269444444448,20042.0
662,00662_101_SN06_7bars_random_short.csv,101,6,7.0,random_short,True,True,False,False,0.0,20.15514859240325,6.565380555555559,20842.0
664,00664_103_SN06_7bars_random_mixed.csv,103,6,7.0,random_mixed,True,True,False,False,0.0,20.40789634632012,6.748552777777782,21248.0
665,00665_104_SN06_5bars_ramp1.csv,104,6,5.0,ramp1,True,True,False,False,0.0,20.45084384298473,6.780147222222226,21348.0
666,00666_105_SN06_5bars_ramp2.csv,105,6,5.0,ramp2,True,True,False,False,0.0,20.478527884312232,6.805425000000004,21530.0
667,00667_106_SN06_5bars_ramp3.csv,106,6,5.0,ramp3,True,True,False,False,0.0,20.484354461012654,6.810702777777782,21568.0
668,00668_107_SN06_5bars_ramp4.csv,107,6,5.0,ramp4,True,True,False,False,0.0,20.51990430062805,6.841258333333338,21587.0
669,00669_108_SN06_5bars_onmod.csv,108,6,5.0,onmod,True,False,False,False,0.0,20.651181455511917,6.954313888888893,21660.0
671,00671_110_SN06_5bars_random_short.csv,110,6,5.0,random_short,True,True,False,False,0.0,20.910902539674108,7.187911111111116,23260.0
672,00672_111_SN06_5bars_random_long.csv,111,6,5.0,random_long,True,True,False,False,0.0,20.954193143010745,7.227986111111115,23560.0
673,00673_112_SN06_5bars_random_mixed.csv,112,6,5.0,random_mixed,True,True,False,False,0.0,21.11519028574287,7.368263888888893,23653.0
674,00674_001_SN07_24bars_ssf.csv,1,7,24.0,ssf,True,True,False,False,0.0,0.0,0.0,0.0
675,00675_002_SN07_21bars_ssf.csv,2,7,21.0,ssf,True,True,False,False,0.0,0.4769301272628358,0.0833333333333333,1.0
676,00676_003_SN07_18bars_ssf.csv,3,7,18.0,ssf,True,True,False,False,0.0,0.8874508045706668,0.1666666666666666,2.0
677,00677_004_SN07_15bars_ssf.csv,4,7,15.0,ssf,True,True,False,False,0.0,1.2349694679971577,0.25,3.0
679,00679_006_SN07_9bars_ssf.csv,6,7,9.0,ssf,True,True,False,False,0.0,1.7570783639679604,0.4166666666666666,5.0
681,00681_008_SN07_21bars_health_check.csv,8,7,21.0,health_check,True,True,False,False,0.0,2.0759739606423104,0.5253749999999999,189.0
682,00682_009_SN07_18bars_health_check.csv,9,7,18.0,health_check,True,True,False,False,0.0,2.1929594210562766,0.55075,372.0
683,00683_010_SN07_15bars_health_check.csv,10,7,15.0,health_check,True,True,False,False,0.0,2.29218842917298,0.576125,555.0
684,00684_011_SN07_12bars_health_check.csv,11,7,12.0,health_check,True,True,False,False,0.0,2.3741575047121817,0.6015,738.0
685,00685_012_SN07_9bars_health_check.csv,12,7,9.0,health_check,True,True,False,False,0.0,2.440256050193937,0.6268750000000001,921.0
686,00686_013_SN07_24bars_ramp1.csv,13,7,24.0,ramp1,True,True,False,False,0.0,2.4921961975587354,0.6522500000000001,1104.0
687,00687_014_SN07_24bars_ramp2.csv,14,7,24.0,ramp2,True,True,False,False,0.0,2.62623811191592,0.6775277777777778,1286.0
688,00688_015_SN07_24bars_ramp3.csv,15,7,24.0,ramp3,True,True,False,False,0.0,2.654250109134293,0.6828055555555557,1324.0
689,00689_016_SN07_24bars_ramp4.csv,16,7,24.0,ramp4,True,True,False,False,0.0,2.823440520924636,0.7133611111111112,1343.0
690,00690_017_SN07_24bars_onmod.csv,17,7,24.0,onmod,True,True,False,False,0.0,3.446505113351003,0.8264166666666668,1416.0
691,00691_018_SN07_24bars_offmod.csv,18,7,24.0,offmod,True,True,False,False,0.0,3.5566943832202766,0.8482222222222223,2216.0
692,00692_019_SN07_24bars_random_short.csv,19,7,24.0,random_short,True,True,False,False,0.0,4.666939211896218,1.0593333333333337,3016.0
693,00693_020_SN07_24bars_random_long.csv,20,7,24.0,random_long,True,True,False,False,0.0,4.870958576083379,1.0995138888888891,3316.0
694,00694_021_SN07_24bars_random_mixed.csv,21,7,24.0,random_mixed,True,True,False,False,0.0,5.787333386957288,1.2711805555555558,3412.0
696,00696_023_SN07_21bars_ramp2.csv,23,7,21.0,ramp2,True,True,False,False,0.0,6.10147560107566,1.335338888888889,3694.0
697,00697_024_SN07_21bars_ramp3.csv,24,7,21.0,ramp3,True,True,False,False,0.0,6.124568927098478,1.3406166666666668,3732.0
699,00699_026_SN07_21bars_onmod.csv,26,7,21.0,onmod,True,False,False,False,0.0,6.778539822208645,1.4842277777777777,3824.0
700,00700_027_SN07_21bars_offmod.csv,27,7,21.0,offmod,True,True,False,False,0.0,6.871508818176601,1.5065527777777776,4624.0
701,00701_028_SN07_21bars_random_short.csv,28,7,21.0,random_short,True,True,False,False,0.0,7.786919837847036,1.7176638888888889,5424.0
702,00702_029_SN07_21bars_random_long.csv,29,7,21.0,random_long,True,True,False,False,0.0,7.957570993780539,1.7584027777777775,5724.0
703,00703_030_SN07_21bars_random_mixed.csv,30,7,21.0,random_mixed,True,True,False,False,0.0,8.546914218630448,1.891458333333333,5819.0
704,00704_031_SN07_18bars_ramp1.csv,31,7,18.0,ramp1,True,True,False,False,0.0,8.76172635753891,1.9407138888888888,5919.0
705,00705_032_SN07_18bars_ramp2.csv,32,7,18.0,ramp2,True,True,False,False,0.0,8.851547009558937,1.9659916666666664,6101.0
706,00706_033_SN07_18bars_ramp3.csv,33,7,18.0,ramp3,True,True,False,False,0.0,8.870292874929445,1.971269444444444,6139.0
707,00707_034_SN07_18bars_ramp4.csv,34,7,18.0,ramp4,True,True,False,False,0.0,8.984265638410232,2.001825,6158.0
708,00708_035_SN07_18bars_onmod.csv,35,7,18.0,onmod,True,False,False,False,0.0,9.404778844458678,2.114880555555555,6231.0
709,00709_036_SN07_18bars_offmod.csv,36,7,18.0,offmod,True,True,False,False,0.0,9.478757764565252,2.1367416666666665,7031.0
710,00710_037_SN07_18bars_random_short.csv,37,7,18.0,random_short,True,True,False,False,0.0,10.22904897395093,2.347852777777778,7831.0
711,00711_038_SN07_18bars_random_long.csv,38,7,18.0,random_long,True,True,False,False,0.0,10.36667993281486,2.388025,8131.0
712,00712_039_SN07_18bars_random_mixed.csv,39,7,18.0,random_mixed,True,True,False,False,0.0,10.814376728026753,2.5113583333333334,8226.0
713,00713_040_SN07_24bars_ssf.csv,40,7,24.0,ssf,True,True,False,False,0.0,10.978984386274206,2.557366666666667,8326.0
714,00714_041_SN07_21bars_ssf.csv,41,7,21.0,ssf,True,True,False,False,0.0,11.38943900637624,2.6407000000000003,8327.0
715,00715_042_SN07_18bars_ssf.csv,42,7,18.0,ssf,True,True,False,False,0.0,11.742876233685967,2.7240333333333338,8328.0
716,00716_043_SN07_15bars_ssf.csv,43,7,15.0,ssf,True,True,False,False,0.0,12.042329340957624,2.8073666666666672,8329.0
717,00717_044_SN07_12bars_ssf.csv,44,7,12.0,ssf,True,True,False,False,0.0,12.290851289413236,2.8907000000000007,8330.0
718,00718_045_SN07_9bars_ssf.csv,45,7,9.0,ssf,True,True,False,False,0.0,12.492195878140054,2.974033333333334,8331.0
719,00719_046_SN07_24bars_health_check.csv,46,7,24.0,health_check,True,True,False,False,0.0,12.650352279446288,3.057366666666668,8332.0
720,00720_047_SN07_21bars_health_check.csv,47,7,21.0,health_check,True,True,False,False,0.0,12.76713241013895,3.082741666666668,8515.0
721,00721_048_SN07_18bars_health_check.csv,48,7,18.0,health_check,True,True,False,False,0.0,12.86816996309018,3.1081166666666675,8698.0
722,00722_049_SN07_15bars_health_check.csv,49,7,15.0,health_check,True,True,False,False,0.0,12.95345113364032,3.1334916666666675,8881.0
723,00723_050_SN07_12bars_health_check.csv,50,7,12.0,health_check,True,True,False,False,0.0,13.0238858958546,3.158866666666668,9064.0
724,00724_051_SN07_9bars_health_check.csv,51,7,9.0,health_check,True,True,False,False,0.0,13.081033073865878,3.1842416666666677,9247.0
725,00725_052_SN07_15bars_ramp1.csv,52,7,15.0,ramp1,True,True,False,False,0.0,13.125845517915542,3.2096166666666672,9430.0
726,00726_053_SN07_15bars_ramp2.csv,53,7,15.0,ramp2,True,True,False,False,0.0,13.19592617155826,3.234894444444445,9612.0
727,00727_054_SN07_15bars_ramp3.csv,54,7,15.0,ramp3,True,True,False,False,0.0,13.210688295645731,3.2401722222222227,9650.0
728,00728_055_SN07_15bars_ramp4.csv,55,7,15.0,ramp4,True,True,False,False,0.0,13.30019296661469,3.270727777777778,9669.0
729,00729_056_SN07_15bars_onmod.csv,56,7,15.0,onmod,True,False,False,False,0.0,13.629601781014934,3.3837833333333336,9742.0
730,00730_057_SN07_15bars_offmod.csv,57,7,15.0,offmod,True,True,False,False,0.0,13.687652943233166,3.4057861111111114,10542.0
731,00731_058_SN07_15bars_random_short.csv,58,7,15.0,random_short,True,True,False,False,0.0,14.274063993696885,3.616897222222223,11342.0
732,00732_059_SN07_15bars_random_long.csv,59,7,15.0,random_long,True,True,False,False,0.0,14.383992861447844,3.657886111111112,11642.0
733,00733_060_SN07_15bars_random_mixed.csv,60,7,15.0,random_mixed,True,True,False,False,0.0,14.793669706684929,3.801219444444445,11743.0
734,00734_061_SN07_12bars_ramp1.csv,61,7,12.0,ramp1,True,True,False,False,0.0,14.88664613978998,3.834536111111112,11843.0
735,00735_062_SN07_12bars_ramp2.csv,62,7,12.0,ramp2,True,True,False,False,0.0,14.94163877526482,3.8598138888888895,12025.0
736,00736_063_SN07_12bars_ramp3.csv,63,7,12.0,ramp3,True,True,False,False,0.0,14.953184314879191,3.8650916666666673,12063.0
738,00738_065_SN07_12bars_onmod.csv,65,7,12.0,onmod,True,False,False,False,0.0,15.283571840844722,4.008702777777779,12155.0
739,00739_066_SN07_12bars_offmod.csv,66,7,12.0,offmod,True,True,False,False,0.0,15.329192164862365,4.0305694444444455,12955.0
740,00740_067_SN07_12bars_random_short.csv,67,7,12.0,random_short,True,True,False,False,0.0,15.791659625553336,4.241680555555557,13755.0
741,00741_068_SN07_12bars_random_long.csv,68,7,12.0,random_long,True,True,False,False,0.0,15.87767851077209,4.282366666666668,14055.0
742,00742_069_SN07_12bars_random_mixed.csv,69,7,12.0,random_mixed,True,True,False,False,0.0,16.20918732163188,4.429033333333335,14151.0
743,00743_070_SN07_9bars_ramp1.csv,70,7,9.0,ramp1,True,True,False,False,0.0,16.2742673887727,4.45856388888889,14251.0
745,00745_072_SN07_9bars_ramp3.csv,72,7,9.0,ramp3,True,True,False,False,0.0,16.325139521749964,4.489119444444446,14471.0
746,00746_073_SN07_9bars_ramp4.csv,73,7,9.0,ramp4,True,True,False,False,0.0,16.379232705023036,4.519675000000002,14490.0
748,00748_075_SN07_9bars_offmod.csv,75,7,9.0,offmod,True,True,False,False,0.0,16.61421312925093,4.6547388888888905,15363.0
749,00749_076_SN07_9bars_random_short.csv,76,7,9.0,random_short,True,True,False,False,0.0,16.968557767269626,4.865850000000002,16163.0
750,00750_077_SN07_9bars_random_long.csv,77,7,9.0,random_long,True,True,False,False,0.0,17.035503329191577,4.907200000000002,16463.0
751,00751_078_SN07_9bars_random_mixed.csv,78,7,9.0,random_mixed,True,True,False,False,0.0,17.27127151117756,5.042755555555558,16558.0
752,00752_079_SN07_24bars_ssf.csv,79,7,24.0,ssf,True,True,False,False,0.0,17.33046306189534,5.077547222222225,16658.0
753,00753_080_SN07_21bars_ssf.csv,80,7,21.0,ssf,True,True,False,False,0.0,17.70093470201041,5.160880555555558,16659.0
754,00754_081_SN07_18bars_ssf.csv,81,7,18.0,ssf,True,True,False,False,0.0,18.019980160579667,5.244213888888891,16660.0
755,00755_082_SN07_15bars_ssf.csv,82,7,15.0,ssf,True,True,False,False,0.0,18.290314277817828,5.327547222222224,16661.0
756,00756_083_SN07_12bars_ssf.csv,83,7,12.0,ssf,True,True,False,False,0.0,18.51484428501748,5.410880555555557,16662.0
757,00757_084_SN07_9bars_ssf.csv,84,7,9.0,ssf,True,True,False,False,0.0,18.69672345081884,5.49421388888889,16663.0
760,00760_087_SN07_18bars_health_check.csv,87,7,18.0,health_check,True,True,False,False,0.0,19.03632330226316,5.628297222222224,17030.0
761,00761_088_SN07_15bars_health_check.csv,88,7,15.0,health_check,True,True,False,False,0.0,19.11322536677731,5.653672222222224,17213.0
763,00763_090_SN07_9bars_health_check.csv,90,7,9.0,health_check,True,True,False,False,0.0,19.22843065907667,5.704422222222225,17579.0
764,00764_091_SN07_7bars_ssf.csv,91,7,7.0,ssf,True,True,False,False,0.0,19.268871530575773,5.729797222222225,17762.0
765,00765_092_SN07_5bars_ssf.csv,92,7,5.0,ssf,True,True,False,False,0.0,19.38726883612761,5.813130555555558,17763.0
766,00766_093_SN07_7bars_health_check.csv,93,7,7.0,health_check,True,True,False,False,0.0,19.48499460632937,5.896463888888891,17764.0
767,00767_094_SN07_5bars_health_check.csv,94,7,5.0,health_check,True,True,False,False,0.0,19.51864331510753,5.921838888888892,17947.0
768,00768_095_SN07_7bars_ramp1.csv,95,7,7.0,ramp1,True,True,False,False,0.0,19.54630100078772,5.947213888888892,18130.0
769,00769_096_SN07_7bars_ramp2.csv,96,7,7.0,ramp2,True,True,False,False,0.0,19.579623401014235,5.97249166666667,18312.0
770,00770_097_SN07_7bars_ramp3.csv,97,7,7.0,ramp3,True,True,False,False,0.0,19.58663610520342,5.977769444444448,18350.0
771,00771_098_SN07_7bars_ramp4.csv,98,7,7.0,ramp4,True,True,False,False,0.0,19.62965547859751,6.008325000000004,18369.0
772,00772_099_SN07_7bars_onmod.csv,99,7,7.0,onmod,True,False,False,False,0.0,19.78841632417289,6.121380555555559,18442.0
773,00773_100_SN07_7bars_offmod.csv,100,7,7.0,offmod,True,True,False,False,0.0,19.81661841603728,6.143158333333337,19242.0
775,00775_102_SN07_7bars_random_long.csv,102,7,7.0,random_long,True,True,False,False,0.0,20.14584381331738,6.394108333333337,20342.0
776,00776_103_SN07_7bars_random_mixed.csv,103,7,7.0,random_mixed,True,True,False,False,0.0,20.34433003760253,6.537441666666671,20448.0
777,00777_104_SN07_5bars_ramp1.csv,104,7,5.0,ramp1,True,True,False,False,0.0,20.38689944064355,6.569036111111115,20548.0
778,00778_105_SN07_5bars_ramp2.csv,105,7,5.0,ramp2,True,True,False,False,0.0,20.413586927085657,6.594313888888893,20730.0
779,00779_106_SN07_5bars_ramp3.csv,106,7,5.0,ramp3,True,True,False,False,0.0,20.419205637576678,6.599591666666671,20768.0
780,00780_107_SN07_5bars_ramp4.csv,107,7,5.0,ramp4,True,True,False,False,0.0,20.454102000829156,6.630147222222226,20787.0
782,00782_109_SN07_5bars_offmod.csv,109,7,5.0,offmod,True,True,False,False,0.0,20.60655846735955,6.765688888888893,21660.0
784,00784_111_SN07_5bars_random_long.csv,111,7,5.0,random_long,True,True,False,False,0.0,20.8753453088913,7.016875000000004,22760.0
785,00785_112_SN07_5bars_random_mixed.csv,112,7,5.0,random_mixed,True,True,False,False,0.0,21.0331174558951,7.157152777777782,22853.0
786,00786_001_SN08_24bars_ssf.csv,1,8,24.0,ssf,True,True,False,False,0.0,0.0,0.0,0.0
787,00787_002_SN08_21bars_ssf.csv,2,8,21.0,ssf,True,True,False,False,0.0,0.4554061463821884,0.0833333333333333,1.0
788,00788_003_SN08_18bars_ssf.csv,3,8,18.0,ssf,True,True,False,False,0.0,0.8496161749305221,0.1666666666666666,2.0
789,00789_004_SN08_15bars_ssf.csv,4,8,15.0,ssf,True,True,False,False,0.0,1.1856948330509738,0.25,3.0
790,00790_005_SN08_12bars_ssf.csv,5,8,12.0,ssf,True,True,False,False,0.0,1.4671880530942432,0.3333333333333333,4.0
793,00793_008_SN08_21bars_health_check.csv,8,8,21.0,health_check,True,True,False,False,0.0,2.013141684628696,0.5253749999999999,189.0
794,00794_009_SN08_18bars_health_check.csv,9,8,18.0,health_check,True,True,False,False,0.0,2.1269727545750188,0.55075,372.0
795,00795_010_SN08_15bars_health_check.csv,10,8,15.0,health_check,True,True,False,False,0.0,2.223840281931269,0.576125,555.0
796,00796_011_SN08_12bars_health_check.csv,11,8,12.0,health_check,True,True,False,False,0.0,2.304951826085796,0.6015,738.0
797,00797_012_SN08_9bars_health_check.csv,12,8,9.0,health_check,True,True,False,False,0.0,2.371486041203738,0.6268750000000001,921.0
798,00798_013_SN08_24bars_ramp1.csv,13,8,24.0,ramp1,True,True,False,False,0.0,2.424596171934985,0.6522500000000001,1104.0
799,00799_014_SN08_24bars_ramp2.csv,14,8,24.0,ramp2,True,True,False,False,0.0,2.5534613459004114,0.6775277777777778,1286.0
800,00800_015_SN08_24bars_ramp3.csv,15,8,24.0,ramp3,True,True,False,False,0.0,2.580432138632708,0.6828055555555557,1324.0
802,00802_017_SN08_24bars_onmod.csv,17,8,24.0,onmod,True,True,False,False,0.0,3.338599944265389,0.8264166666666668,1416.0
803,00803_018_SN08_24bars_offmod.csv,18,8,24.0,offmod,True,True,False,False,0.0,3.449907579962736,0.8482222222222223,2216.0
804,00804_019_SN08_24bars_random_short.csv,19,8,24.0,random_short,True,True,False,False,0.0,4.518368695060505,1.0593333333333337,3016.0
805,00805_020_SN08_24bars_random_long.csv,20,8,24.0,random_long,True,True,False,False,0.0,4.7152541071718055,1.0995138888888891,3316.0
806,00806_021_SN08_24bars_random_mixed.csv,21,8,24.0,random_mixed,True,True,False,False,0.0,5.59284364767034,1.2711805555555558,3412.0
807,00807_022_SN08_21bars_ramp1.csv,22,8,21.0,ramp1,True,True,False,False,0.0,5.7886335934756366,1.3100611111111111,3512.0
808,00808_023_SN08_21bars_ramp2.csv,23,8,21.0,ramp2,True,True,False,False,0.0,5.89532252524527,1.335338888888889,3694.0
809,00809_024_SN08_21bars_ramp3.csv,24,8,21.0,ramp3,True,True,False,False,0.0,5.917781196670298,1.3406166666666668,3732.0
810,00810_025_SN08_21bars_ramp4.csv,25,8,21.0,ramp4,True,True,False,False,0.0,6.052393198651847,1.3711722222222222,3751.0
811,00811_026_SN08_21bars_onmod.csv,26,8,21.0,onmod,True,False,False,False,0.0,6.547719800914025,1.4842277777777777,3824.0
812,00812_027_SN08_21bars_offmod.csv,27,8,21.0,offmod,True,True,False,False,0.0,6.642271420229676,1.5065527777777776,4624.0
813,00813_028_SN08_21bars_random_short.csv,28,8,21.0,random_short,True,True,False,False,0.0,7.527832230471606,1.7176638888888889,5424.0
814,00814_029_SN08_21bars_random_long.csv,29,8,21.0,random_long,True,True,False,False,0.0,7.693994844079153,1.7584027777777775,5724.0
815,00815_030_SN08_21bars_random_mixed.csv,30,8,21.0,random_mixed,True,True,False,False,0.0,8.261907785161394,1.891458333333333,5819.0
816,00816_031_SN08_18bars_ramp1.csv,31,8,18.0,ramp1,True,True,False,False,0.0,8.46938576159645,1.9407138888888888,5919.0
817,00817_032_SN08_18bars_ramp2.csv,32,8,18.0,ramp2,True,True,False,False,0.0,8.55699753360207,1.9659916666666664,6101.0
818,00818_033_SN08_18bars_ramp3.csv,33,8,18.0,ramp3,True,True,False,False,0.0,8.575338784181435,1.971269444444444,6139.0
820,00820_035_SN08_18bars_onmod.csv,35,8,18.0,onmod,True,False,False,False,0.0,9.094298938085156,2.114880555555555,6231.0
821,00821_036_SN08_18bars_offmod.csv,36,8,18.0,offmod,True,True,False,False,0.0,9.17020971466908,2.1367416666666665,7031.0
822,00822_037_SN08_18bars_random_short.csv,37,8,18.0,random_short,True,True,False,False,0.0,9.900846934576569,2.347852777777778,7831.0
823,00823_038_SN08_18bars_random_long.csv,38,8,18.0,random_long,True,True,False,False,0.0,10.03553346629534,2.388025,8131.0
825,00825_040_SN08_24bars_ssf.csv,40,8,24.0,ssf,True,True,False,False,0.0,10.630991601173465,2.557366666666667,8326.0
826,00826_041_SN08_21bars_ssf.csv,41,8,21.0,ssf,True,True,False,False,0.0,11.023716292949407,2.6407000000000003,8327.0
827,00827_042_SN08_18bars_ssf.csv,42,8,18.0,ssf,True,True,False,False,0.0,11.363777734997896,2.7240333333333338,8328.0
828,00828_043_SN08_15bars_ssf.csv,43,8,15.0,ssf,True,True,False,False,0.0,11.653827452829224,2.8073666666666672,8329.0
829,00829_044_SN08_12bars_ssf.csv,44,8,12.0,ssf,True,True,False,False,0.0,11.896807192423225,2.8907000000000007,8330.0
830,00830_045_SN08_9bars_ssf.csv,45,8,9.0,ssf,True,True,False,False,0.0,12.096018338524948,2.974033333333334,8331.0
831,00831_046_SN08_24bars_health_check.csv,46,8,24.0,health_check,True,True,False,False,0.0,12.255244815313016,3.057366666666668,8332.0
832,00832_047_SN08_21bars_health_check.csv,47,8,21.0,health_check,True,True,False,False,0.0,12.368346627490268,3.082741666666668,8515.0
833,00833_048_SN08_18bars_health_check.csv,48,8,18.0,health_check,True,True,False,False,0.0,12.466393463245709,3.1081166666666675,8698.0
834,00834_049_SN08_15bars_health_check.csv,49,8,15.0,health_check,True,True,False,False,0.0,12.550257293822536,3.1334916666666675,8881.0
835,00835_050_SN08_12bars_health_check.csv,50,8,12.0,health_check,True,True,False,False,0.0,12.62048609508556,3.158866666666668,9064.0
836,00836_051_SN08_9bars_health_check.csv,51,8,9.0,health_check,True,True,False,False,0.0,12.67799942802252,3.1842416666666677,9247.0
837,00837_052_SN08_15bars_ramp1.csv,52,8,15.0,ramp1,True,True,False,False,0.0,12.723924863372734,3.2096166666666672,9430.0
838,00838_053_SN08_15bars_ramp2.csv,53,8,15.0,ramp2,True,True,False,False,0.0,12.792972643112597,3.234894444444445,9612.0
839,00839_054_SN08_15bars_ramp3.csv,54,8,15.0,ramp3,True,True,False,False,0.0,12.807399271211308,3.2401722222222227,9650.0
840,00840_055_SN08_15bars_ramp4.csv,55,8,15.0,ramp4,True,True,False,False,0.0,12.894987940628466,3.270727777777778,9669.0
841,00841_056_SN08_15bars_onmod.csv,56,8,15.0,onmod,True,False,False,False,0.0,13.217919233657057,3.3837833333333336,9742.0
842,00842_057_SN08_15bars_offmod.csv,57,8,15.0,offmod,True,True,False,False,0.0,13.278056860843629,3.4057861111111114,10542.0
843,00843_058_SN08_15bars_random_short.csv,58,8,15.0,random_short,True,True,False,False,0.0,13.855193976705726,3.616897222222223,11342.0
844,00844_059_SN08_15bars_random_long.csv,59,8,15.0,random_long,True,True,False,False,0.0,13.964187083163518,3.657886111111112,11642.0
845,00845_060_SN08_15bars_random_mixed.csv,60,8,15.0,random_mixed,True,True,False,False,0.0,14.365511239912149,3.801219444444445,11743.0
846,00846_061_SN08_12bars_ramp1.csv,61,8,12.0,ramp1,True,True,False,False,0.0,14.456994121616454,3.834536111111112,11843.0
847,00847_062_SN08_12bars_ramp2.csv,62,8,12.0,ramp2,True,True,False,False,0.0,14.51195757754933,3.8598138888888895,12025.0
848,00848_063_SN08_12bars_ramp3.csv,63,8,12.0,ramp3,True,True,False,False,0.0,14.523478158108135,3.8650916666666673,12063.0
849,00849_064_SN08_12bars_ramp4.csv,64,8,12.0,ramp4,True,True,False,False,0.0,14.593403088760704,3.895647222222223,12082.0
850,00850_065_SN08_12bars_onmod.csv,65,8,12.0,onmod,True,False,False,False,0.0,14.851110579745326,4.008702777777779,12155.0
851,00851_066_SN08_12bars_offmod.csv,66,8,12.0,offmod,True,True,False,False,0.0,14.898994334169574,4.0305694444444455,12955.0
852,00852_067_SN08_12bars_random_short.csv,67,8,12.0,random_short,True,True,False,False,0.0,15.359834289744676,4.241680555555557,13755.0
853,00853_068_SN08_12bars_random_long.csv,68,8,12.0,random_long,True,True,False,False,0.0,15.446383940444866,4.282366666666668,14055.0
854,00854_069_SN08_12bars_random_mixed.csv,69,8,12.0,random_mixed,True,True,False,False,0.0,15.775144733523051,4.429033333333335,14151.0
855,00855_070_SN08_9bars_ramp1.csv,70,8,9.0,ramp1,True,True,False,False,0.0,15.839909601537192,4.45856388888889,14251.0
856,00856_071_SN08_9bars_ramp2.csv,71,8,9.0,ramp2,True,True,False,False,0.0,15.88267277792118,4.4838416666666685,14433.0
857,00857_072_SN08_9bars_ramp3.csv,72,8,9.0,ramp3,True,True,False,False,0.0,15.891677274646344,4.489119444444446,14471.0
858,00858_073_SN08_9bars_ramp4.csv,73,8,9.0,ramp4,True,True,False,False,0.0,15.946268970610763,4.519675000000002,14490.0
859,00859_074_SN08_9bars_onmod.csv,74,8,9.0,onmod,True,False,False,False,0.0,16.147514815237763,4.632730555555558,14563.0
860,00860_075_SN08_9bars_offmod.csv,75,8,9.0,offmod,True,True,False,False,0.0,16.185263627928144,4.6547388888888905,15363.0
861,00861_076_SN08_9bars_random_short.csv,76,8,9.0,random_short,True,True,False,False,0.0,16.545055159091735,4.865850000000002,16163.0
862,00862_077_SN08_9bars_random_long.csv,77,8,9.0,random_long,True,True,False,False,0.0,16.613563792340415,4.907200000000002,16463.0
863,00863_078_SN08_9bars_random_mixed.csv,78,8,9.0,random_mixed,True,True,False,False,0.0,16.851390572421213,5.042755555555558,16558.0
864,00864_079_SN08_24bars_ssf.csv,79,8,24.0,ssf,True,True,False,False,0.0,16.91146134929132,5.077547222222225,16658.0
865,00865_080_SN08_21bars_ssf.csv,80,8,21.0,ssf,True,True,False,False,0.0,17.2658308848466,5.160880555555558,16659.0
866,00866_081_SN08_18bars_ssf.csv,81,8,18.0,ssf,True,True,False,False,0.0,17.57280745335738,5.244213888888891,16660.0
867,00867_082_SN08_15bars_ssf.csv,82,8,15.0,ssf,True,True,False,False,0.0,17.83483241788791,5.327547222222224,16661.0
869,00869_084_SN08_9bars_ssf.csv,84,8,9.0,ssf,True,True,False,False,0.0,18.236730611954115,5.49421388888889,16663.0
870,00870_085_SN08_24bars_health_check.csv,85,8,24.0,health_check,True,True,False,False,0.0,18.38063153739377,5.577547222222223,16664.0
871,00871_086_SN08_21bars_health_check.csv,86,8,21.0,health_check,True,True,False,False,0.0,18.4829390142357,5.602922222222223,16847.0
872,00872_087_SN08_18bars_health_check.csv,87,8,18.0,health_check,True,True,False,False,0.0,18.57188812588993,5.628297222222224,17030.0
873,00873_088_SN08_15bars_health_check.csv,88,8,15.0,health_check,True,True,False,False,0.0,18.647541478807383,5.653672222222224,17213.0
874,00874_089_SN08_12bars_health_check.csv,89,8,12.0,health_check,True,True,False,False,0.0,18.71086348445241,5.679047222222224,17396.0
876,00876_091_SN08_7bars_ssf.csv,91,8,7.0,ssf,True,True,False,False,0.0,18.804429735243527,5.729797222222225,17762.0
877,00877_092_SN08_5bars_ssf.csv,92,8,5.0,ssf,True,True,False,False,0.0,18.92536165244757,5.813130555555558,17763.0
879,00879_094_SN08_5bars_health_check.csv,94,8,5.0,health_check,True,True,False,False,0.0,19.061946158752026,5.921838888888892,17947.0
880,00880_095_SN08_7bars_ramp1.csv,95,8,7.0,ramp1,True,True,False,False,0.0,19.09145518028583,5.947213888888892,18130.0
881,00881_096_SN08_7bars_ramp2.csv,96,8,7.0,ramp2,True,True,False,False,0.0,19.12589570641467,5.97249166666667,18312.0
882,00882_097_SN08_7bars_ramp3.csv,97,8,7.0,ramp3,True,True,False,False,0.0,19.133148330071105,5.977769444444448,18350.0
883,00883_098_SN08_7bars_ramp4.csv,98,8,7.0,ramp4,True,True,False,False,0.0,19.17725660710352,6.008325000000004,18369.0
885,00885_100_SN08_7bars_offmod.csv,100,8,7.0,offmod,True,True,False,False,0.0,19.37021554128565,6.143158333333337,19242.0
886,00886_101_SN08_7bars_random_short.csv,101,8,7.0,random_short,True,True,False,False,0.0,19.660670660397173,6.354269444444448,20042.0
887,00887_102_SN08_7bars_random_long.csv,102,8,7.0,random_long,True,True,False,False,0.0,19.714040552842327,6.394108333333337,20342.0
888,00888_103_SN08_7bars_random_mixed.csv,103,8,7.0,random_mixed,True,True,False,False,0.0,19.91737462629608,6.537441666666671,20448.0
889,00889_104_SN08_5bars_ramp1.csv,104,8,5.0,ramp1,True,True,False,False,0.0,19.96113791529389,6.569036111111115,20548.0
890,00890_105_SN08_5bars_ramp2.csv,105,8,5.0,ramp2,True,True,False,False,0.0,19.989440753481357,6.594313888888893,20730.0
891,00891_106_SN08_5bars_ramp3.csv,106,8,5.0,ramp3,True,True,False,False,0.0,19.995439474053185,6.599591666666671,20768.0
892,00892_107_SN08_5bars_ramp4.csv,107,8,5.0,ramp4,True,True,False,False,0.0,20.031793189485956,6.630147222222226,20787.0
893,00893_108_SN08_5bars_onmod.csv,108,8,5.0,onmod,True,False,False,False,0.0,20.166032214071283,6.743202777777782,20860.0
894,00894_109_SN08_5bars_offmod.csv,109,8,5.0,offmod,True,True,False,False,0.0,20.192077729590288,6.765688888888893,21660.0
895,00895_110_SN08_5bars_random_short.csv,110,8,5.0,random_short,True,True,False,False,0.0,20.431365652211685,6.976800000000004,22460.0
896,00896_111_SN08_5bars_random_long.csv,111,8,5.0,random_long,True,True,False,False,0.0,20.47561503205482,7.016875000000004,22760.0
897,00897_112_SN08_5bars_random_mixed.csv,112,8,5.0,random_mixed,True,True,False,False,0.0,20.639991260820786,7.157152777777782,22853.0
898,00898_001_SN09_24bars_ssf.csv,1,9,24.0,ssf,True,True,False,False,0.0,0.0,0.0,0.0
899,00899_002_SN09_21bars_ssf.csv,2,9,21.0,ssf,True,True,False,False,0.0,0.4423149001748018,0.0833333333333333,1.0
901,00901_004_SN09_15bars_ssf.csv,4,9,15.0,ssf,True,True,False,False,0.0,1.1511843263288213,0.25,3.0
902,00902_005_SN09_12bars_ssf.csv,5,9,12.0,ssf,True,True,False,False,0.0,1.4242396025921251,0.3333333333333333,4.0
903,00903_006_SN09_9bars_ssf.csv,6,9,9.0,ssf,True,True,False,False,0.0,1.6478362803755966,0.4166666666666666,5.0
904,00904_007_SN09_24bars_health_check.csv,7,9,24.0,health_check,True,True,False,False,0.0,1.826372801377661,0.4999999999999999,6.0
906,00906_009_SN09_18bars_health_check.csv,9,9,18.0,health_check,True,True,False,False,0.0,2.061605236642124,0.55075,372.0
907,00907_010_SN09_15bars_health_check.csv,10,9,15.0,health_check,True,True,False,False,0.0,2.15474747944816,0.576125,555.0
909,00909_012_SN09_9bars_health_check.csv,12,9,9.0,health_check,True,True,False,False,0.0,2.296008757127375,0.6268750000000001,921.0
910,00910_013_SN09_24bars_ramp1.csv,13,9,24.0,ramp1,True,True,False,False,0.0,2.3466364325199467,0.6522500000000001,1104.0
911,00911_014_SN09_24bars_ramp2.csv,14,9,24.0,ramp2,True,True,False,False,0.0,2.4710580632275216,0.6775277777777778,1286.0
912,00912_015_SN09_24bars_ramp3.csv,15,9,24.0,ramp3,True,True,False,False,0.0,2.497271828793526,0.6828055555555557,1324.0
913,00913_016_SN09_24bars_ramp4.csv,16,9,24.0,ramp4,True,True,False,False,0.0,2.6547317835882995,0.7133611111111112,1343.0
914,00914_017_SN09_24bars_onmod.csv,17,9,24.0,onmod,True,False,False,False,0.0,3.233535978482481,0.8264166666666668,1416.0
915,00915_018_SN09_24bars_offmod.csv,18,9,24.0,offmod,True,True,False,False,0.0,3.3362696547446067,0.8482222222222223,2216.0
916,00916_019_SN09_24bars_random_short.csv,19,9,24.0,random_short,True,True,False,False,0.0,4.369599215374095,1.0593333333333337,3016.0
917,00917_020_SN09_24bars_random_long.csv,20,9,24.0,random_long,True,True,False,False,0.0,4.559295969183004,1.0995138888888891,3316.0
918,00918_021_SN09_24bars_random_mixed.csv,21,9,24.0,random_mixed,True,True,False,False,0.0,5.411794996504199,1.2711805555555558,3412.0
919,00919_022_SN09_21bars_ramp1.csv,22,9,21.0,ramp1,True,True,False,False,0.0,5.601923705119448,1.3100611111111111,3512.0
920,00920_023_SN09_21bars_ramp2.csv,23,9,21.0,ramp2,True,True,False,False,0.0,5.705092434786815,1.335338888888889,3694.0
921,00921_024_SN09_21bars_ramp3.csv,24,9,21.0,ramp3,True,True,False,False,0.0,5.7266660758098,1.3406166666666668,3732.0
922,00922_025_SN09_21bars_ramp4.csv,25,9,21.0,ramp4,True,True,False,False,0.0,5.857426704206773,1.3711722222222222,3751.0
923,00923_026_SN09_21bars_onmod.csv,26,9,21.0,onmod,True,False,False,False,0.0,6.339284382949775,1.4842277777777777,3824.0
924,00924_027_SN09_21bars_offmod.csv,27,9,21.0,offmod,True,True,False,False,0.0,6.4266356069122645,1.5065527777777776,4624.0
925,00925_028_SN09_21bars_random_short.csv,28,9,21.0,random_short,True,True,False,False,0.0,7.285355272511184,1.7176638888888889,5424.0
926,00926_029_SN09_21bars_random_long.csv,29,9,21.0,random_long,True,True,False,False,0.0,7.445660892552627,1.7584027777777775,5724.0
927,00927_030_SN09_21bars_random_mixed.csv,30,9,21.0,random_mixed,True,True,False,False,0.0,7.998441088584262,1.891458333333333,5819.0
928,00928_031_SN09_18bars_ramp1.csv,31,9,18.0,ramp1,True,True,False,False,0.0,8.200146629269423,1.9407138888888888,5919.0
929,00929_032_SN09_18bars_ramp2.csv,32,9,18.0,ramp2,True,True,False,False,0.0,8.284854005042106,1.9659916666666664,6101.0
930,00930_033_SN09_18bars_ramp3.csv,33,9,18.0,ramp3,True,True,False,False,0.0,8.302544598724953,1.971269444444444,6139.0
931,00931_034_SN09_18bars_ramp4.csv,34,9,18.0,ramp4,True,True,False,False,0.0,8.41030245635804,2.001825,6158.0
932,00932_035_SN09_18bars_onmod.csv,35,9,18.0,onmod,True,False,False,False,0.0,8.807413151714176,2.114880555555555,6231.0
933,00933_036_SN09_18bars_offmod.csv,36,9,18.0,offmod,True,True,False,False,0.0,8.877600858599543,2.1367416666666665,7031.0
934,00934_037_SN09_18bars_random_short.csv,37,9,18.0,random_short,True,True,False,False,0.0,9.58642663557734,2.347852777777778,7831.0
935,00935_038_SN09_18bars_random_long.csv,38,9,18.0,random_long,True,True,False,False,0.0,9.716658106924948,2.388025,8131.0
936,00936_039_SN09_18bars_random_mixed.csv,39,9,18.0,random_mixed,True,True,False,False,0.0,10.14004047951406,2.5113583333333334,8226.0
937,00937_040_SN09_24bars_ssf.csv,40,9,24.0,ssf,True,True,False,False,0.0,10.296017554002283,2.557366666666667,8326.0
938,00938_041_SN09_21bars_ssf.csv,41,9,21.0,ssf,True,True,False,False,0.0,10.679642339012874,2.6407000000000003,8327.0
939,00939_042_SN09_18bars_ssf.csv,42,9,18.0,ssf,True,True,False,False,0.0,11.01194094358664,2.7240333333333338,8328.0
940,00940_043_SN09_15bars_ssf.csv,43,9,15.0,ssf,True,True,False,False,0.0,11.295344261737092,2.8073666666666672,8329.0
941,00941_044_SN09_12bars_ssf.csv,44,9,12.0,ssf,True,True,False,False,0.0,11.53257492327781,2.8907000000000007,8330.0
942,00942_045_SN09_9bars_ssf.csv,45,9,9.0,ssf,True,True,False,False,0.0,11.72690754353984,2.974033333333334,8331.0
943,00943_046_SN09_24bars_health_check.csv,46,9,24.0,health_check,True,True,False,False,0.0,11.882136940368982,3.057366666666668,8332.0
944,00944_047_SN09_21bars_health_check.csv,47,9,21.0,health_check,True,True,False,False,0.0,11.991679467338232,3.082741666666668,8515.0
945,00945_048_SN09_18bars_health_check.csv,48,9,18.0,health_check,True,True,False,False,0.0,12.08644674236198,3.1081166666666675,8698.0
946,00946_049_SN09_15bars_health_check.csv,49,9,15.0,health_check,True,True,False,False,0.0,12.167019858870468,3.1334916666666675,8881.0
947,00947_050_SN09_12bars_health_check.csv,50,9,12.0,health_check,True,True,False,False,0.0,12.23444223978445,3.158866666666668,9064.0
949,00949_052_SN09_15bars_ramp1.csv,52,9,15.0,ramp1,True,True,False,False,0.0,12.3302057924419,3.2096166666666672,9430.0
950,00950_053_SN09_15bars_ramp2.csv,53,9,15.0,ramp2,True,True,False,False,0.0,12.397151797461012,3.234894444444445,9612.0
951,00951_054_SN09_15bars_ramp3.csv,54,9,15.0,ramp3,True,True,False,False,0.0,12.411167127053057,3.2401722222222227,9650.0
952,00952_055_SN09_15bars_ramp4.csv,55,9,15.0,ramp4,True,True,False,False,0.0,12.496544111309934,3.270727777777778,9669.0
953,00953_056_SN09_15bars_onmod.csv,56,9,15.0,onmod,True,False,False,False,0.0,12.811461940960958,3.3837833333333336,9742.0
954,00954_057_SN09_15bars_offmod.csv,57,9,15.0,offmod,True,True,False,False,0.0,12.867212682206564,3.4057861111111114,10542.0
955,00955_058_SN09_15bars_random_short.csv,58,9,15.0,random_short,True,True,False,False,0.0,13.428023543601828,3.616897222222223,11342.0
956,00956_059_SN09_15bars_random_long.csv,59,9,15.0,random_long,True,True,False,False,0.0,13.533299608461611,3.657886111111112,11642.0
957,00957_060_SN09_15bars_random_mixed.csv,60,9,15.0,random_mixed,True,True,False,False,0.0,13.924687743084624,3.801219444444445,11743.0
958,00958_061_SN09_12bars_ramp1.csv,61,9,12.0,ramp1,True,True,False,False,0.0,14.013510400397358,3.834536111111112,11843.0
959,00959_062_SN09_12bars_ramp2.csv,62,9,12.0,ramp2,True,True,False,False,0.0,14.066779337521057,3.8598138888888895,12025.0
960,00960_063_SN09_12bars_ramp3.csv,63,9,12.0,ramp3,True,True,False,False,0.0,14.077960015073469,3.8650916666666673,12063.0
961,00961_064_SN09_12bars_ramp4.csv,64,9,12.0,ramp4,True,True,False,False,0.0,14.146151042526432,3.895647222222223,12082.0
962,00962_065_SN09_12bars_onmod.csv,65,9,12.0,onmod,True,False,False,False,0.0,14.397598888165003,4.008702777777779,12155.0
963,00963_066_SN09_12bars_offmod.csv,66,9,12.0,offmod,True,True,False,False,0.0,14.441994688196209,4.0305694444444455,12955.0
964,00964_067_SN09_12bars_random_short.csv,67,9,12.0,random_short,True,True,False,False,0.0,14.889618999440874,4.241680555555557,13755.0
965,00965_068_SN09_12bars_random_long.csv,68,9,12.0,random_long,True,True,False,False,0.0,14.973016567194197,4.282366666666668,14055.0
966,00966_069_SN09_12bars_random_mixed.csv,69,9,12.0,random_mixed,True,True,False,False,0.0,15.293880593210623,4.429033333333335,14151.0
967,00967_070_SN09_9bars_ramp1.csv,70,9,9.0,ramp1,True,True,False,False,0.0,15.356814125916824,4.45856388888889,14251.0
968,00968_071_SN09_9bars_ramp2.csv,71,9,9.0,ramp2,True,True,False,False,0.0,15.39823069982793,4.4838416666666685,14433.0
970,00970_073_SN09_9bars_ramp4.csv,73,9,9.0,ramp4,True,True,False,False,0.0,15.447769918381477,4.519675000000002,14490.0
972,00972_075_SN09_9bars_offmod.csv,75,9,9.0,offmod,True,True,False,False,0.0,15.678971026863376,4.6547388888888905,15363.0
973,00973_076_SN09_9bars_random_short.csv,76,9,9.0,random_short,True,True,False,False,0.0,16.027843029980346,4.865850000000002,16163.0
975,00975_078_SN09_9bars_random_mixed.csv,78,9,9.0,random_mixed,True,True,False,False,0.0,16.325760124310403,5.042755555555558,16558.0
976,00976_079_SN09_24bars_ssf.csv,79,9,24.0,ssf,True,True,False,False,0.0,16.38407860058583,5.077547222222225,16658.0
977,00977_080_SN09_21bars_ssf.csv,80,9,21.0,ssf,True,True,False,False,0.0,16.73153070624793,5.160880555555558,16659.0
978,00978_081_SN09_18bars_ssf.csv,81,9,18.0,ssf,True,True,False,False,0.0,17.032527059302907,5.244213888888891,16660.0
979,00979_082_SN09_15bars_ssf.csv,82,9,15.0,ssf,True,True,False,False,0.0,17.289240150161902,5.327547222222224,16661.0
980,00980_083_SN09_12bars_ssf.csv,83,9,12.0,ssf,True,True,False,False,0.0,17.50432819197936,5.410880555555557,16662.0
982,00982_085_SN09_24bars_health_check.csv,85,9,24.0,health_check,True,True,False,False,0.0,17.82123152724896,5.577547222222223,16664.0
983,00983_086_SN09_21bars_health_check.csv,86,9,21.0,health_check,True,True,False,False,0.0,17.92040721371594,5.602922222222223,16847.0
984,00984_087_SN09_18bars_health_check.csv,87,9,18.0,health_check,True,True,False,False,0.0,18.006038461419575,5.628297222222224,17030.0
985,00985_088_SN09_15bars_health_check.csv,88,9,15.0,health_check,True,True,False,False,0.0,18.07906974292821,5.653672222222224,17213.0
986,00986_089_SN09_12bars_health_check.csv,89,9,12.0,health_check,True,True,False,False,0.0,18.140194274560848,5.679047222222224,17396.0
987,00987_090_SN09_9bars_health_check.csv,90,9,9.0,health_check,True,True,False,False,0.0,18.190249626655127,5.704422222222225,17579.0
988,00988_091_SN09_7bars_ssf.csv,91,9,7.0,ssf,True,True,False,False,0.0,18.230143636908814,5.729797222222225,17762.0
989,00989_092_SN09_5bars_ssf.csv,92,9,5.0,ssf,True,True,False,False,0.0,18.348338343154563,5.813130555555558,17763.0
990,00990_093_SN09_7bars_health_check.csv,93,9,7.0,health_check,True,True,False,False,0.0,18.447630854450523,5.896463888888891,17764.0
991,00991_094_SN09_5bars_health_check.csv,94,9,5.0,health_check,True,True,False,False,0.0,18.481384898030395,5.921838888888892,17947.0
993,00993_096_SN09_7bars_ramp2.csv,96,9,7.0,ramp2,True,True,False,False,0.0,18.543088143833803,5.97249166666667,18312.0
994,00994_097_SN09_7bars_ramp3.csv,97,9,7.0,ramp3,True,True,False,False,0.0,18.55012500718324,5.977769444444448,18350.0
995,00995_098_SN09_7bars_ramp4.csv,98,9,7.0,ramp4,True,True,False,False,0.0,18.593043829845016,6.008325000000004,18369.0
996,00996_099_SN09_7bars_onmod.csv,99,9,7.0,onmod,True,False,False,False,0.0,18.751609943094397,6.121380555555559,18442.0
997,00997_100_SN09_7bars_offmod.csv,100,9,7.0,offmod,True,True,False,False,0.0,18.779880659881226,6.143158333333337,19242.0
998,00998_101_SN09_7bars_random_short.csv,101,9,7.0,random_short,True,True,False,False,0.0,19.06137748807732,6.354269444444448,20042.0
999,00999_102_SN09_7bars_random_long.csv,102,9,7.0,random_long,True,True,False,False,0.0,19.112715858656205,6.394108333333337,20342.0
1000,01000_103_SN09_7bars_random_mixed.csv,103,9,7.0,random_mixed,True,True,False,False,0.0,19.310848642654893,6.537441666666671,20448.0
1001,01001_104_SN09_5bars_ramp1.csv,104,9,5.0,ramp1,True,True,False,False,0.0,19.35336630025612,6.569036111111115,20548.0
1002,01002_105_SN09_5bars_ramp2.csv,105,9,5.0,ramp2,True,True,False,False,0.0,19.38059740259964,6.594313888888893,20730.0
1003,01003_106_SN09_5bars_ramp3.csv,106,9,5.0,ramp3,True,True,False,False,0.0,19.386341839372133,6.599591666666671,20768.0
1004,01004_107_SN09_5bars_ramp4.csv,107,9,5.0,ramp4,True,True,False,False,0.0,19.42179236100808,6.630147222222226,20787.0
1005,01005_108_SN09_5bars_onmod.csv,108,9,5.0,onmod,True,False,False,False,0.0,19.552564638343657,6.743202777777782,20860.0
1008,01008_111_SN09_5bars_random_long.csv,111,9,5.0,random_long,True,True,False,False,0.0,19.84940005807061,7.016875000000004,22760.0
1009,01009_112_SN09_5bars_random_mixed.csv,112,9,5.0,random_mixed,True,True,False,False,0.0,20.00416624476661,7.157152777777782,22853.0
1010,01010_001_SN10_24bars_ssf.csv,1,10,24.0,ssf,True,True,False,False,0.0,0.0,0.0,0.0
1011,01011_002_SN10_21bars_ssf.csv,2,10,21.0,ssf,True,True,False,False,0.0,0.4966287830154499,0.0833333333333333,1.0
1012,01012_003_SN10_18bars_ssf.csv,3,10,18.0,ssf,True,True,False,False,0.0,0.92339515648334,0.1666666666666666,2.0
1013,01013_004_SN10_15bars_ssf.csv,4,10,15.0,ssf,True,True,False,False,0.0,1.2837146211300707,0.25,3.0
1014,01014_005_SN10_12bars_ssf.csv,5,10,12.0,ssf,True,True,False,False,0.0,1.5818650143837454,0.3333333333333333,4.0
1015,01015_006_SN10_9bars_ssf.csv,6,10,9.0,ssf,True,True,False,False,0.0,1.822267826795369,0.4166666666666666,5.0
1016,01016_007_SN10_24bars_health_check.csv,7,10,24.0,health_check,True,True,False,False,0.0,2.01008697807686,0.4999999999999999,6.0
1018,01018_009_SN10_18bars_health_check.csv,9,10,18.0,health_check,True,True,False,False,0.0,2.2754690305735545,0.55075,372.0
1019,01019_010_SN10_15bars_health_check.csv,10,10,15.0,health_check,True,True,False,False,0.0,2.379022637430208,0.576125,555.0
1020,01020_011_SN10_12bars_health_check.csv,11,10,12.0,health_check,True,True,False,False,0.0,2.4647176904631904,0.6015,738.0
1021,01021_012_SN10_9bars_health_check.csv,12,10,9.0,health_check,True,True,False,False,0.0,2.5337388178625235,0.6268750000000001,921.0
1022,01022_013_SN10_24bars_ramp1.csv,13,10,24.0,ramp1,True,True,False,False,0.0,2.5876032753576057,0.6522500000000001,1104.0
1023,01023_014_SN10_24bars_ramp2.csv,14,10,24.0,ramp2,True,True,False,False,0.0,2.727613071175508,0.6775277777777778,1286.0
1024,01024_015_SN10_24bars_ramp3.csv,15,10,24.0,ramp3,True,True,False,False,0.0,2.7569210393360977,0.6828055555555557,1324.0
1025,01025_016_SN10_24bars_ramp4.csv,16,10,24.0,ramp4,True,True,False,False,0.0,2.9334399661878447,0.7133611111111112,1343.0
1026,01026_017_SN10_24bars_onmod.csv,17,10,24.0,onmod,True,True,False,False,0.0,3.5825267620764487,0.8264166666666668,1416.0
1027,01027_018_SN10_24bars_offmod.csv,18,10,24.0,offmod,True,True,False,False,0.0,3.703029647085234,0.8482222222222223,2216.0
1028,01028_019_SN10_24bars_random_short.csv,19,10,24.0,random_short,True,True,False,False,0.0,4.863444599341666,1.0593333333333337,3016.0
1029,01029_020_SN10_24bars_random_long.csv,20,10,24.0,random_long,True,True,False,False,0.0,5.076546856703275,1.0995138888888891,3316.0
1030,01030_021_SN10_24bars_random_mixed.csv,21,10,24.0,random_mixed,True,True,False,False,0.0,6.030144839329124,1.2711805555555558,3412.0
1031,01031_022_SN10_21bars_ramp1.csv,22,10,21.0,ramp1,True,True,False,False,0.0,6.242862084025652,1.3100611111111111,3512.0
1032,01032_023_SN10_21bars_ramp2.csv,23,10,21.0,ramp2,True,True,False,False,0.0,6.357556069950836,1.335338888888889,3694.0
1033,01033_024_SN10_21bars_ramp3.csv,24,10,21.0,ramp3,True,True,False,False,0.0,6.381666155958628,1.3406166666666668,3732.0
1034,01034_025_SN10_21bars_ramp4.csv,25,10,21.0,ramp4,True,True,False,False,0.0,6.5267529982165495,1.3711722222222222,3751.0
1035,01035_026_SN10_21bars_onmod.csv,26,10,21.0,onmod,True,False,False,False,0.0,7.060550180683547,1.4842277777777777,3824.0
1036,01036_027_SN10_21bars_offmod.csv,27,10,21.0,offmod,True,True,False,False,0.0,7.161867359432482,1.5065527777777776,4624.0
1037,01037_028_SN10_21bars_random_short.csv,28,10,21.0,random_short,True,True,False,False,0.0,8.114386316177312,1.7176638888888889,5424.0
1038,01038_029_SN10_21bars_random_long.csv,29,10,21.0,random_long,True,True,False,False,0.0,8.292614418130762,1.7584027777777775,5724.0
1039,01039_030_SN10_21bars_random_mixed.csv,30,10,21.0,random_mixed,True,True,False,False,0.0,8.904161482542822,1.891458333333333,5819.0
1040,01040_031_SN10_18bars_ramp1.csv,31,10,18.0,ramp1,True,True,False,False,0.0,9.127031916891696,1.9407138888888888,5919.0
1042,01042_033_SN10_18bars_ramp3.csv,33,10,18.0,ramp3,True,True,False,False,0.0,9.239514370671316,1.971269444444444,6139.0
1044,01044_035_SN10_18bars_onmod.csv,35,10,18.0,onmod,True,False,False,False,0.0,10.072712283000085,2.114880555555555,6231.0
1046,01046_002_SN11_21bars_ssf.csv,2,11,21.0,ssf,True,True,False,False,0.0,0.4759963921350599,0.0833333333333333,1.0
1047,01047_003_SN11_18bars_ssf.csv,3,11,18.0,ssf,True,True,False,False,0.0,0.8863810393157098,0.1666666666666666,2.0
1048,01048_004_SN11_15bars_ssf.csv,4,11,15.0,ssf,True,True,False,False,0.0,1.2346286265809412,0.25,3.0
1050,01050_006_SN11_9bars_ssf.csv,6,11,9.0,ssf,True,True,False,False,0.0,1.6385117269441205,0.4166666666666666,5.0
1051,01051_007_SN11_24bars_health_check.csv,7,11,24.0,health_check,True,True,False,False,0.0,1.8246115092510733,0.4999999999999999,6.0
1052,01052_008_SN11_21bars_health_check.csv,8,11,21.0,health_check,True,True,False,False,0.0,1.9602836860530937,0.5253749999999999,189.0
1053,01053_009_SN11_18bars_health_check.csv,9,11,18.0,health_check,True,True,False,False,0.0,2.0772695356859083,0.55075,372.0
1054,01054_010_SN11_15bars_health_check.csv,10,11,15.0,health_check,True,True,False,False,0.0,2.1767222020072454,0.576125,555.0
1055,01055_011_SN11_12bars_health_check.csv,11,11,12.0,health_check,True,True,False,False,0.0,2.2592228234657035,0.6015,738.0
1056,01056_012_SN11_9bars_health_check.csv,12,11,9.0,health_check,True,True,False,False,0.0,2.326100491405958,0.6268750000000001,921.0
1057,01057_013_SN11_24bars_ramp1.csv,13,11,24.0,ramp1,True,True,False,False,0.0,2.3788533586576897,0.6522500000000001,1104.0
1058,01058_014_SN11_24bars_ramp2.csv,14,11,24.0,ramp2,True,True,False,False,0.0,2.512817843775829,0.6775277777777778,1286.0
1059,01059_015_SN11_24bars_ramp3.csv,15,11,24.0,ramp3,True,True,False,False,0.0,2.5407458250714874,0.6828055555555557,1324.0
1060,01060_016_SN11_24bars_ramp4.csv,16,11,24.0,ramp4,True,True,False,False,0.0,2.7099737502502004,0.7133611111111112,1343.0
1061,01061_017_SN11_24bars_onmod.csv,17,11,24.0,onmod,True,True,False,False,0.0,3.3319435150838785,0.8264166666666668,1416.0
1063,01063_019_SN11_24bars_random_short.csv,19,11,24.0,random_short,True,True,False,False,0.0,4.551597871610925,1.0593333333333337,3016.0
1064,01064_020_SN11_24bars_random_long.csv,20,11,24.0,random_long,True,True,False,False,0.0,4.755391653262977,1.0995138888888891,3316.0
1065,01065_021_SN11_24bars_random_mixed.csv,21,11,24.0,random_mixed,True,True,False,False,0.0,5.67067381450635,1.2711805555555558,3412.0
1066,01066_022_SN11_21bars_ramp1.csv,22,11,21.0,ramp1,True,True,False,False,0.0,5.873999557868623,1.3100611111111111,3512.0
1067,01067_023_SN11_21bars_ramp2.csv,23,11,21.0,ramp2,True,True,False,False,0.0,5.984288934120802,1.335338888888889,3694.0
1068,01068_024_SN11_21bars_ramp3.csv,24,11,21.0,ramp3,True,True,False,False,0.0,6.007401736039211,1.3406166666666668,3732.0
1069,01069_025_SN11_21bars_ramp4.csv,25,11,21.0,ramp4,True,True,False,False,0.0,6.14726128495119,1.3711722222222222,3751.0
1070,01070_026_SN11_21bars_onmod.csv,26,11,21.0,onmod,True,False,False,False,0.0,6.662009941752852,1.4842277777777777,3824.0
1071,01071_027_SN11_21bars_offmod.csv,27,11,21.0,offmod,True,True,False,False,0.0,6.755082634272599,1.5065527777777776,4624.0
1072,01072_028_SN11_21bars_random_short.csv,28,11,21.0,random_short,True,True,False,False,0.0,7.671362001063279,1.7176638888888889,5424.0
1073,01073_029_SN11_21bars_random_long.csv,29,11,21.0,random_long,True,True,False,False,0.0,7.842307148148751,1.7584027777777775,5724.0
1074,01074_030_SN11_21bars_random_mixed.csv,30,11,21.0,random_mixed,True,True,False,False,0.0,8.432317008568578,1.891458333333333,5819.0
1076,01076_032_SN11_18bars_ramp2.csv,32,11,18.0,ramp2,True,True,False,False,0.0,8.719042301272792,1.9659916666666664,6101.0
1077,01077_033_SN11_18bars_ramp3.csv,33,11,18.0,ramp3,True,True,False,False,0.0,8.738070928694102,1.971269444444444,6139.0
1078,01078_034_SN11_18bars_ramp4.csv,34,11,18.0,ramp4,True,True,False,False,0.0,8.852576893443162,2.001825,6158.0
1079,01079_035_SN11_18bars_onmod.csv,35,11,18.0,onmod,True,False,False,False,0.0,9.274054036231622,2.114880555555555,6231.0
1080,01080_036_SN11_18bars_offmod.csv,36,11,18.0,offmod,True,True,False,False,0.0,9.348373697544256,2.1367416666666665,7031.0
1081,01081_037_SN11_18bars_random_short.csv,37,11,18.0,random_short,True,True,False,False,0.0,10.101196178451092,2.347852777777778,7831.0
1082,01082_038_SN11_18bars_random_long.csv,38,11,18.0,random_long,True,True,False,False,0.0,10.239289254649924,2.388025,8131.0
1083,01083_039_SN11_18bars_random_mixed.csv,39,11,18.0,random_mixed,True,True,False,False,0.0,10.688172413229616,2.5113583333333334,8226.0
1084,01084_040_SN11_24bars_ssf.csv,40,11,24.0,ssf,True,True,False,False,0.0,10.853713922846694,2.557366666666667,8326.0
1085,01085_041_SN11_21bars_ssf.csv,41,11,21.0,ssf,True,True,False,False,0.0,11.263943220151294,2.6407000000000003,8327.0
1086,01086_042_SN11_18bars_ssf.csv,42,11,18.0,ssf,True,True,False,False,0.0,11.617798169160112,2.7240333333333338,8328.0
1087,01087_043_SN11_15bars_ssf.csv,43,11,15.0,ssf,True,True,False,False,0.0,11.918225378051352,2.8073666666666672,8329.0
1088,01088_044_SN11_12bars_ssf.csv,44,11,12.0,ssf,True,True,False,False,0.0,12.168448148834251,2.8907000000000007,8330.0
1089,01089_045_SN11_9bars_ssf.csv,45,11,9.0,ssf,True,True,False,False,0.0,12.37185901010068,2.974033333333334,8331.0
1090,01090_046_SN11_24bars_health_check.csv,46,11,24.0,health_check,True,True,False,False,0.0,12.532620955040404,3.057366666666668,8332.0
1091,01091_047_SN11_21bars_health_check.csv,47,11,21.0,health_check,True,True,False,False,0.0,12.64965321968458,3.082741666666668,8515.0
1092,01092_048_SN11_18bars_health_check.csv,48,11,18.0,health_check,True,True,False,False,0.0,12.750891127224536,3.1081166666666675,8698.0
1093,01093_049_SN11_15bars_health_check.csv,49,11,15.0,health_check,True,True,False,False,0.0,12.836443949432963,3.1334916666666675,8881.0
1094,01094_050_SN11_12bars_health_check.csv,50,11,12.0,health_check,True,True,False,False,0.0,12.907675804260466,3.158866666666668,9064.0
1095,01095_051_SN11_9bars_health_check.csv,51,11,9.0,health_check,True,True,False,False,0.0,12.9653596757881,3.1842416666666677,9247.0
1096,01096_052_SN11_15bars_ramp1.csv,52,11,15.0,ramp1,True,True,False,False,0.0,13.010896127718889,3.2096166666666672,9430.0
1097,01097_053_SN11_15bars_ramp2.csv,53,11,15.0,ramp2,True,True,False,False,0.0,13.08145215389158,3.234894444444445,9612.0
1098,01098_054_SN11_15bars_ramp3.csv,54,11,15.0,ramp3,True,True,False,False,0.0,13.096283115743317,3.2401722222222227,9650.0
1099,01099_055_SN11_15bars_ramp4.csv,55,11,15.0,ramp4,True,True,False,False,0.0,13.186248184203556,3.270727777777778,9669.0
1100,01100_056_SN11_15bars_onmod.csv,56,11,15.0,onmod,True,False,False,False,0.0,13.51815766229689,3.3837833333333336,9742.0
1101,01101_057_SN11_15bars_offmod.csv,57,11,15.0,offmod,True,True,False,False,0.0,13.576676181793331,3.4057861111111114,10542.0
1102,01102_058_SN11_15bars_random_short.csv,58,11,15.0,random_short,True,True,False,False,0.0,14.167094015993596,3.616897222222223,11342.0
1103,01103_059_SN11_15bars_random_long.csv,59,11,15.0,random_long,True,True,False,False,0.0,14.27791522525854,3.657886111111112,11642.0
1104,01104_060_SN11_15bars_random_mixed.csv,60,11,15.0,random_mixed,True,True,False,False,0.0,14.690373366532484,3.801219444444445,11743.0
1105,01105_061_SN11_12bars_ramp1.csv,61,11,12.0,ramp1,True,True,False,False,0.0,14.78407918488078,3.834536111111112,11843.0
1106,01106_062_SN11_12bars_ramp2.csv,62,11,12.0,ramp2,True,True,False,False,0.0,14.839845747166162,3.8598138888888895,12025.0
1107,01107_063_SN11_12bars_ramp3.csv,63,11,12.0,ramp3,True,True,False,False,0.0,14.851493520845716,3.8650916666666673,12063.0
1109,01109_065_SN11_12bars_onmod.csv,65,11,12.0,onmod,True,False,False,False,0.0,15.185893865539915,4.008702777777779,12155.0
1110,01110_066_SN11_12bars_offmod.csv,66,11,12.0,offmod,True,True,False,False,0.0,15.23208497890712,4.0305694444444455,12955.0
1111,01111_067_SN11_12bars_random_short.csv,67,11,12.0,random_short,True,True,False,False,0.0,15.699567888043818,4.241680555555557,13755.0
1112,01112_068_SN11_12bars_random_long.csv,68,11,12.0,random_long,True,True,False,False,0.0,15.786618935853218,4.282366666666668,14055.0
1113,01113_069_SN11_12bars_random_mixed.csv,69,11,12.0,random_mixed,True,True,False,False,0.0,16.12177733753956,4.429033333333335,14151.0
1114,01114_070_SN11_9bars_ramp1.csv,70,11,9.0,ramp1,True,True,False,False,0.0,16.187612130500174,4.45856388888889,14251.0
1115,01115_071_SN11_9bars_ramp2.csv,71,11,9.0,ramp2,True,True,False,False,0.0,16.2304231380538,4.4838416666666685,14433.0
1117,01117_073_SN11_9bars_ramp4.csv,73,11,9.0,ramp4,True,True,False,False,0.0,16.294446550566047,4.519675000000002,14490.0
1118,01118_074_SN11_9bars_onmod.csv,74,11,9.0,onmod,True,False,False,False,0.0,16.497394115837317,4.632730555555558,14563.0
1119,01119_075_SN11_9bars_offmod.csv,75,11,9.0,offmod,True,True,False,False,0.0,16.53342463684146,4.6547388888888905,15363.0
1120,01120_076_SN11_9bars_random_short.csv,76,11,9.0,random_short,True,True,False,False,0.0,16.894019888084326,4.865850000000002,16163.0
1121,01121_077_SN11_9bars_random_long.csv,77,11,9.0,random_long,True,True,False,False,0.0,16.962242792214365,4.907200000000002,16463.0
1122,01122_078_SN11_9bars_random_mixed.csv,78,11,9.0,random_mixed,True,True,False,False,0.0,17.201934371852534,5.042755555555558,16558.0
1123,01123_079_SN11_24bars_ssf.csv,79,11,24.0,ssf,True,True,False,False,0.0,17.26210666449358,5.077547222222225,16658.0
1125,01125_081_SN11_18bars_ssf.csv,81,11,18.0,ssf,True,True,False,False,0.0,17.955611930512177,5.244213888888891,16660.0
1126,01126_082_SN11_15bars_ssf.csv,82,11,15.0,ssf,True,True,False,False,0.0,18.22714713349434,5.327547222222224,16661.0
1127,01127_083_SN11_12bars_ssf.csv,83,11,12.0,ssf,True,True,False,False,0.0,18.45326845413222,5.410880555555557,16662.0
1128,01128_084_SN11_9bars_ssf.csv,84,11,9.0,ssf,True,True,False,False,0.0,18.637215542499373,5.49421388888889,16663.0
1130,01130_086_SN11_21bars_health_check.csv,86,11,21.0,health_check,True,True,False,False,0.0,18.88853062513824,5.602922222222223,16847.0
1131,01131_087_SN11_18bars_health_check.csv,87,11,18.0,health_check,True,True,False,False,0.0,18.97970964849418,5.628297222222224,17030.0
1132,01132_088_SN11_15bars_health_check.csv,88,11,15.0,health_check,True,True,False,False,0.0,19.057012380660566,5.653672222222224,17213.0
1134,01134_090_SN11_9bars_health_check.csv,90,11,9.0,health_check,True,True,False,False,0.0,19.1734525428818,5.704422222222225,17579.0
1139,01139_095_SN11_7bars_ramp1.csv,95,11,7.0,ramp1,True,True,False,False,0.0,19.49922495658773,5.947213888888892,18130.0
1140,01140_096_SN11_7bars_ramp2.csv,96,11,7.0,ramp2,True,True,False,False,0.0,19.53330396893411,5.97249166666667,18312.0
1141,01141_097_SN11_7bars_ramp3.csv,97,11,7.0,ramp3,True,True,False,False,0.0,19.540470066111965,5.977769444444448,18350.0
1144,01144_100_SN11_7bars_offmod.csv,100,11,7.0,offmod,True,True,False,False,0.0,19.79017585585645,6.143158333333337,19242.0
1145,01145_101_SN11_7bars_random_short.csv,101,11,7.0,random_short,True,True,False,False,0.0,20.07827139895985,6.354269444444448,20042.0
1146,01146_102_SN11_7bars_random_long.csv,102,11,7.0,random_long,True,True,False,False,0.0,20.13076244851564,6.394108333333337,20342.0
1147,01147_103_SN11_7bars_random_mixed.csv,103,11,7.0,random_mixed,True,True,False,False,0.0,20.33385970389145,6.537441666666671,20448.0
1148,01148_104_SN11_5bars_ramp1.csv,104,11,5.0,ramp1,True,True,False,False,0.0,20.37742288019604,6.569036111111115,20548.0
1149,01149_105_SN11_5bars_ramp2.csv,105,11,5.0,ramp2,True,True,False,False,0.0,20.404976440928746,6.594313888888893,20730.0
1150,01150_106_SN11_5bars_ramp3.csv,106,11,5.0,ramp3,True,True,False,False,0.0,20.41077786688445,6.599591666666671,20768.0
1151,01151_107_SN11_5bars_ramp4.csv,107,11,5.0,ramp4,True,True,False,False,0.0,20.44670483150067,6.630147222222226,20787.0
1152,01152_108_SN11_5bars_onmod.csv,108,11,5.0,onmod,True,False,False,False,0.0,20.57910295509968,6.743202777777782,20860.0
1153,01153_109_SN11_5bars_offmod.csv,109,11,5.0,offmod,True,True,False,False,0.0,20.60352625605066,6.765688888888893,21660.0
1154,01154_110_SN11_5bars_random_short.csv,110,11,5.0,random_short,True,True,False,False,0.0,20.837495359836748,6.976800000000004,22460.0
1155,01155_111_SN11_5bars_random_long.csv,111,11,5.0,random_long,True,True,False,False,0.0,20.88041966903846,7.016875000000004,22760.0
1156,01156_112_SN11_5bars_random_mixed.csv,112,11,5.0,random_mixed,True,True,False,False,0.0,21.04258563405566,7.157152777777782,22853.0
1157,01157_001_SN12_24bars_ssf.csv,1,12,24.0,ssf,True,True,False,False,0.0,0.0,0.0,0.0
1158,01158_002_SN12_21bars_ssf.csv,2,12,21.0,ssf,True,True,False,False,0.0,0.4672175438326141,0.0833333333333333,1.0
1159,01159_003_SN12_18bars_ssf.csv,3,12,18.0,ssf,True,True,False,False,0.0,0.8697597526086965,0.1666666666666666,2.0
1160,01160_004_SN12_15bars_ssf.csv,4,12,15.0,ssf,True,True,False,False,0.0,1.211178251999761,0.25,3.0
1161,01161_005_SN12_12bars_ssf.csv,5,12,12.0,ssf,True,True,False,False,0.0,1.4949038950698217,0.3333333333333333,4.0
1163,01163_007_SN12_24bars_health_check.csv,7,12,24.0,health_check,True,True,False,False,0.0,1.924228634717432,0.4999999999999999,6.0
1164,01164_008_SN12_21bars_health_check.csv,8,12,21.0,health_check,True,True,False,False,0.0,2.058152399821606,0.5253749999999999,189.0
1165,01165_009_SN12_18bars_health_check.csv,9,12,18.0,health_check,True,True,False,False,0.0,2.173180181016554,0.55075,372.0
1167,01167_011_SN12_12bars_health_check.csv,11,12,12.0,health_check,True,True,False,False,0.0,2.3520150153130706,0.6015,738.0
1168,01168_012_SN12_9bars_health_check.csv,12,12,9.0,health_check,True,True,False,False,0.0,2.4176532315658736,0.6268750000000001,921.0
1169,01169_013_SN12_24bars_ramp1.csv,13,12,24.0,ramp1,True,True,False,False,0.0,2.46934918889875,0.6522500000000001,1104.0
1171,01171_015_SN12_24bars_ramp3.csv,15,12,24.0,ramp3,True,True,False,False,0.0,2.628630932951289,0.6828055555555557,1324.0
1172,01172_016_SN12_24bars_ramp4.csv,16,12,24.0,ramp4,True,True,False,False,0.0,2.7946790345084214,0.7133611111111112,1343.0
1173,01173_017_SN12_24bars_onmod.csv,17,12,24.0,onmod,True,True,False,False,0.0,3.405861671075328,0.8264166666666668,1416.0
1174,01174_018_SN12_24bars_offmod.csv,18,12,24.0,offmod,True,True,False,False,0.0,3.5160258271751883,0.8482222222222223,2216.0
1175,01175_019_SN12_24bars_random_short.csv,19,12,24.0,random_short,True,True,False,False,0.0,4.608721548299432,1.0593333333333337,3016.0
1176,01176_020_SN12_24bars_random_long.csv,20,12,24.0,random_long,True,True,False,False,0.0,4.809600721618782,1.0995138888888891,3316.0
1177,01177_021_SN12_24bars_random_mixed.csv,21,12,24.0,random_mixed,True,True,False,False,0.0,5.708973601874284,1.2711805555555558,3412.0
1178,01178_022_SN12_21bars_ramp1.csv,22,12,21.0,ramp1,True,True,False,False,0.0,5.909713006293593,1.3100611111111111,3512.0
1179,01179_023_SN12_21bars_ramp2.csv,23,12,21.0,ramp2,True,True,False,False,0.0,6.018234611202633,1.335338888888889,3694.0
1180,01180_024_SN12_21bars_ramp3.csv,24,12,21.0,ramp3,True,True,False,False,0.0,6.040927151076578,1.3406166666666668,3732.0
1182,01182_026_SN12_21bars_onmod.csv,26,12,21.0,onmod,True,False,False,False,0.0,6.684019910093153,1.4842277777777777,3824.0
1183,01183_027_SN12_21bars_offmod.csv,27,12,21.0,offmod,True,True,False,False,0.0,6.777214945372263,1.5065527777777776,4624.0
1184,01184_028_SN12_21bars_random_short.csv,28,12,21.0,random_short,True,True,False,False,0.0,7.679314521827735,1.7176638888888889,5424.0
1185,01185_029_SN12_21bars_random_long.csv,29,12,21.0,random_long,True,True,False,False,0.0,7.847970286832119,1.7584027777777775,5724.0
1187,01187_031_SN12_18bars_ramp1.csv,31,12,18.0,ramp1,True,True,False,False,0.0,8.63863736725523,1.9407138888888888,5919.0
1188,01188_032_SN12_18bars_ramp2.csv,32,12,18.0,ramp2,True,True,False,False,0.0,8.72740065990786,1.9659916666666664,6101.0
1190,01190_034_SN12_18bars_ramp4.csv,34,12,18.0,ramp4,True,True,False,False,0.0,8.858485058107567,2.001825,6158.0
1191,01191_035_SN12_18bars_onmod.csv,35,12,18.0,onmod,True,False,False,False,0.0,9.27279523039477,2.114880555555555,6231.0
1192,01192_036_SN12_18bars_offmod.csv,36,12,18.0,offmod,True,True,False,False,0.0,9.347153221323069,2.1367416666666665,7031.0
1193,01193_037_SN12_18bars_random_short.csv,37,12,18.0,random_short,True,True,False,False,0.0,10.087543785681856,2.347852777777778,7831.0
1195,01195_039_SN12_18bars_random_mixed.csv,39,12,18.0,random_mixed,True,True,False,False,0.0,10.665242485675542,2.5113583333333334,8226.0
1196,01196_040_SN12_24bars_ssf.csv,40,12,24.0,ssf,True,True,False,False,0.0,10.827816186853868,2.557366666666667,8326.0
1197,01197_041_SN12_21bars_ssf.csv,41,12,21.0,ssf,True,True,False,False,0.0,11.231456316816423,2.6407000000000003,8327.0
1198,01198_042_SN12_18bars_ssf.csv,42,12,18.0,ssf,True,True,False,False,0.0,11.579245483060106,2.7240333333333338,8328.0
1199,01199_043_SN12_15bars_ssf.csv,43,12,15.0,ssf,True,True,False,False,0.0,11.8742917106419,2.8073666666666672,8329.0
1200,01200_044_SN12_12bars_ssf.csv,44,12,12.0,ssf,True,True,False,False,0.0,12.119610495012946,2.8907000000000007,8330.0
1201,01201_045_SN12_9bars_ssf.csv,45,12,9.0,ssf,True,True,False,False,0.0,12.318712983600465,2.974033333333334,8331.0
1202,01202_046_SN12_24bars_health_check.csv,46,12,24.0,health_check,True,True,False,False,0.0,12.47560208591804,3.057366666666668,8332.0
1203,01203_047_SN12_21bars_health_check.csv,47,12,21.0,health_check,True,True,False,False,0.0,12.590989224501149,3.082741666666668,8515.0
1204,01204_048_SN12_18bars_health_check.csv,48,12,18.0,health_check,True,True,False,False,0.0,12.690540071337342,3.1081166666666675,8698.0
1205,01205_049_SN12_15bars_health_check.csv,49,12,15.0,health_check,True,True,False,False,0.0,12.774955369705983,3.1334916666666675,8881.0
1206,01206_050_SN12_12bars_health_check.csv,50,12,12.0,health_check,True,True,False,False,0.0,12.8451764988258,3.158866666666668,9064.0
1207,01207_051_SN12_9bars_health_check.csv,51,12,9.0,health_check,True,True,False,False,0.0,12.90217487176275,3.1842416666666677,9247.0
1208,01208_052_SN12_15bars_ramp1.csv,52,12,15.0,ramp1,True,True,False,False,0.0,12.946969383170904,3.2096166666666672,9430.0
1209,01209_053_SN12_15bars_ramp2.csv,53,12,15.0,ramp2,True,True,False,False,0.0,13.016227496334588,3.234894444444445,9612.0
1210,01210_054_SN12_15bars_ramp3.csv,54,12,15.0,ramp3,True,True,False,False,0.0,13.030802397020144,3.2401722222222227,9650.0
1211,01211_055_SN12_15bars_ramp4.csv,55,12,15.0,ramp4,True,True,False,False,0.0,13.11919955357751,3.270727777777778,9669.0
1212,01212_056_SN12_15bars_onmod.csv,56,12,15.0,onmod,True,False,False,False,0.0,13.444856054512826,3.3837833333333336,9742.0
1213,01213_057_SN12_15bars_offmod.csv,57,12,15.0,offmod,True,True,False,False,0.0,13.503365080313182,3.4057861111111114,10542.0
1214,01214_058_SN12_15bars_random_short.csv,58,12,15.0,random_short,True,True,False,False,0.0,14.08408598680272,3.616897222222223,11342.0
1215,01215_059_SN12_15bars_random_long.csv,59,12,15.0,random_long,True,True,False,False,0.0,14.193312413751316,3.657886111111112,11642.0
1216,01216_060_SN12_15bars_random_mixed.csv,60,12,15.0,random_mixed,True,True,False,False,0.0,14.597957803569788,3.801219444444445,11743.0
1218,01218_062_SN12_12bars_ramp2.csv,62,12,12.0,ramp2,True,True,False,False,0.0,14.744815562302277,3.8598138888888895,12025.0
1219,01219_063_SN12_12bars_ramp3.csv,63,12,12.0,ramp3,True,True,False,False,0.0,14.75635120503426,3.8650916666666673,12063.0
1220,01220_064_SN12_12bars_ramp4.csv,64,12,12.0,ramp4,True,True,False,False,0.0,14.826173769909596,3.895647222222223,12082.0
1222,01222_066_SN12_12bars_offmod.csv,66,12,12.0,offmod,False,False,False,False,0.0,15.088221471910984,4.0305694444444455,12955.0
1223,01223_067_SN12_12bars_random_short.csv,67,12,12.0,random_short,False,False,False,False,0.0,15.088221471910984,4.241680555555557,13755.0
1224,01224_068_SN12_12bars_random_long.csv,68,12,12.0,random_long,False,False,False,False,0.0,15.088221471910984,4.282366666666668,14055.0
1225,01225_069_SN12_12bars_random_mixed.csv,69,12,12.0,random_mixed,False,False,False,False,0.0,15.088221471910984,4.429033333333335,14151.0
1226,01226_070_SN12_9bars_ramp1.csv,70,12,9.0,ramp1,False,False,False,False,0.0,15.088221471910984,4.45856388888889,14251.0
1227,01227_071_SN12_9bars_ramp2.csv,71,12,9.0,ramp2,False,False,False,False,0.0,15.088221471910984,4.4838416666666685,14433.0
1228,01228_072_SN12_9bars_ramp3.csv,72,12,9.0,ramp3,False,False,False,False,0.0,15.088221471910984,4.489119444444446,14471.0
1230,01230_074_SN12_9bars_onmod.csv,74,12,9.0,onmod,False,False,False,False,0.0,15.088221471910984,4.632730555555558,14563.0
1231,01231_075_SN12_9bars_offmod.csv,75,12,9.0,offmod,False,False,False,False,0.0,15.088221471910984,4.6547388888888905,15363.0
1232,01232_076_SN12_9bars_random_short.csv,76,12,9.0,random_short,False,False,False,False,0.0,15.088221471910984,4.865850000000002,16163.0
1233,01233_077_SN12_9bars_random_long.csv,77,12,9.0,random_long,False,False,False,False,0.0,15.088221471910984,4.907200000000002,16463.0
1234,01234_078_SN12_9bars_random_mixed.csv,78,12,9.0,random_mixed,False,False,False,False,0.0,15.088221471910984,5.042755555555558,16558.0
1235,01235_079_SN12_24bars_ssf.csv,79,12,24.0,ssf,False,False,False,False,0.0,15.088221471910984,5.077547222222225,16658.0
1236,01236_080_SN12_21bars_ssf.csv,80,12,21.0,ssf,False,False,False,False,0.0,15.088221471910984,5.160880555555558,16659.0
1237,01237_081_SN12_18bars_ssf.csv,81,12,18.0,ssf,False,False,False,False,0.0,15.088221471910984,5.244213888888891,16660.0
1238,01238_082_SN12_15bars_ssf.csv,82,12,15.0,ssf,False,False,False,False,0.0,15.088221471910984,5.327547222222224,16661.0
1239,01239_083_SN12_12bars_ssf.csv,83,12,12.0,ssf,False,False,False,False,0.0,15.088221471910984,5.410880555555557,16662.0
1240,01240_084_SN12_9bars_ssf.csv,84,12,9.0,ssf,False,False,False,False,0.0,15.088221471910984,5.49421388888889,16663.0
1241,01241_085_SN12_24bars_health_check.csv,85,12,24.0,health_check,False,False,False,False,0.0,15.088221471910984,5.577547222222223,16664.0
1242,01242_086_SN12_21bars_health_check.csv,86,12,21.0,health_check,False,False,False,False,0.0,15.088221471910984,5.602922222222223,16847.0
1243,01243_087_SN12_18bars_health_check.csv,87,12,18.0,health_check,False,False,False,False,0.0,15.088221471910984,5.628297222222224,17030.0
1244,01244_088_SN12_15bars_health_check.csv,88,12,15.0,health_check,False,False,False,False,0.0,15.088221471910984,5.653672222222224,17213.0
1245,01245_089_SN12_12bars_health_check.csv,89,12,12.0,health_check,False,False,False,False,0.0,15.088221471910984,5.679047222222224,17396.0
1246,01246_090_SN12_9bars_health_check.csv,90,12,9.0,health_check,False,False,False,False,0.0,15.088221471910984,5.704422222222225,17579.0
1247,01247_091_SN12_7bars_ssf.csv,91,12,7.0,ssf,False,False,False,False,0.0,15.088221471910984,5.729797222222225,17762.0
1249,01249_093_SN12_7bars_health_check.csv,93,12,7.0,health_check,False,False,False,False,0.0,15.088221471910984,5.896463888888891,17764.0
1251,01251_095_SN12_7bars_ramp1.csv,95,12,7.0,ramp1,False,False,False,False,0.0,15.088221471910984,5.947213888888892,18130.0
1252,01252_096_SN12_7bars_ramp2.csv,96,12,7.0,ramp2,False,False,False,False,0.0,15.088221471910984,5.97249166666667,18312.0
1253,01253_097_SN12_7bars_ramp3.csv,97,12,7.0,ramp3,False,False,False,False,0.0,15.088221471910984,5.977769444444448,18350.0
1254,01254_098_SN12_7bars_ramp4.csv,98,12,7.0,ramp4,False,False,False,False,0.0,15.088221471910984,6.008325000000004,18369.0
1255,01255_099_SN12_7bars_onmod.csv,99,12,7.0,onmod,False,False,False,False,0.0,15.088221471910984,6.121380555555559,18442.0
1256,01256_100_SN12_7bars_offmod.csv,100,12,7.0,offmod,False,False,False,False,0.0,15.088221471910984,6.143158333333337,19242.0
1257,01257_101_SN12_7bars_random_short.csv,101,12,7.0,random_short,False,False,False,False,0.0,15.088221471910984,6.354269444444448,20042.0
1258,01258_102_SN12_7bars_random_long.csv,102,12,7.0,random_long,False,False,False,False,0.0,15.088221471910984,6.394108333333337,20342.0
1259,01259_103_SN12_7bars_random_mixed.csv,103,12,7.0,random_mixed,False,False,False,False,0.0,15.088221471910984,6.537441666666671,20448.0
1260,01260_104_SN12_5bars_ramp1.csv,104,12,5.0,ramp1,False,False,False,False,0.0,15.088221471910984,6.569036111111115,20548.0
1261,01261_105_SN12_5bars_ramp2.csv,105,12,5.0,ramp2,False,False,False,False,0.0,15.088221471910984,6.594313888888893,20730.0
1262,01262_106_SN12_5bars_ramp3.csv,106,12,5.0,ramp3,False,False,False,False,0.0,15.088221471910984,6.599591666666671,20768.0
1263,01263_107_SN12_5bars_ramp4.csv,107,12,5.0,ramp4,False,False,False,False,0.0,15.088221471910984,6.630147222222226,20787.0
1264,01264_108_SN12_5bars_onmod.csv,108,12,5.0,onmod,False,False,False,False,0.0,15.088221471910984,6.743202777777782,20860.0
1265,01265_109_SN12_5bars_offmod.csv,109,12,5.0,offmod,False,False,False,False,0.0,15.088221471910984,6.765688888888893,21660.0
1266,01266_110_SN12_5bars_random_short.csv,110,12,5.0,random_short,False,False,False,False,0.0,15.088221471910984,6.976800000000004,22460.0
1267,01267_111_SN12_5bars_random_long.csv,111,12,5.0,random_long,False,False,False,False,0.0,15.088221471910984,7.016875000000004,22760.0
1268,01268_112_SN12_5bars_random_mixed.csv,112,12,5.0,random_mixed,False,False,False,False,0.0,15.088221471910984,7.157152777777782,22853.0
1270,01270_002_SN13_21bars_ssf.csv,2,13,21.0,ssf,True,True,False,False,0.0,0.4329527228409915,0.0833333333333333,1.0
1272,01272_004_SN13_15bars_ssf.csv,4,13,15.0,ssf,True,True,False,False,0.0,1.1106538973452362,0.25,3.0
1273,01273_005_SN13_12bars_ssf.csv,5,13,12.0,ssf,True,True,False,False,0.0,1.3664123119784026,0.3333333333333333,4.0
1274,01274_006_SN13_9bars_ssf.csv,6,13,9.0,ssf,True,True,False,False,0.0,1.5732088391727213,0.4166666666666666,5.0
1275,01275_007_SN13_24bars_health_check.csv,7,13,24.0,health_check,True,True,False,False,0.0,1.7359034015238028,0.4999999999999999,6.0
1276,01276_008_SN13_21bars_health_check.csv,8,13,21.0,health_check,True,True,False,False,0.0,1.854920269726196,0.5253749999999999,189.0
1277,01277_009_SN13_18bars_health_check.csv,9,13,18.0,health_check,True,True,False,False,0.0,1.957401075585557,0.55075,372.0
1278,01278_010_SN13_15bars_health_check.csv,10,13,15.0,health_check,True,True,False,False,0.0,2.043934663491339,0.576125,555.0
1279,01279_011_SN13_12bars_health_check.csv,11,13,12.0,health_check,True,True,False,False,0.0,2.115602363021355,0.6015,738.0
1280,01280_012_SN13_9bars_health_check.csv,12,13,9.0,health_check,True,True,False,False,0.0,2.173854958410923,0.6268750000000001,921.0
1281,01281_013_SN13_24bars_ramp1.csv,13,13,24.0,ramp1,True,True,False,False,0.0,2.219652741442109,0.6522500000000001,1104.0
1282,01282_014_SN13_24bars_ramp2.csv,14,13,24.0,ramp2,True,True,False,False,0.0,2.332837412442185,0.6775277777777778,1286.0
1284,01284_016_SN13_24bars_ramp4.csv,16,13,24.0,ramp4,True,True,False,False,0.0,2.497519798514521,0.7133611111111112,1343.0
1285,01285_017_SN13_24bars_onmod.csv,17,13,24.0,onmod,True,False,False,False,0.0,3.0122987527101595,0.8264166666666668,1416.0
1286,01286_018_SN13_24bars_offmod.csv,18,13,24.0,offmod,True,True,False,False,0.0,3.108925534145326,0.8482222222222223,2216.0
1287,01287_019_SN13_24bars_random_short.csv,19,13,24.0,random_short,True,True,False,False,0.0,3.994231909580293,1.0593333333333337,3016.0
1288,01288_020_SN13_24bars_random_long.csv,20,13,24.0,random_long,True,True,False,False,0.0,4.154073958838366,1.0995138888888891,3316.0
1289,01289_021_SN13_24bars_random_mixed.csv,21,13,24.0,random_mixed,True,True,False,False,0.0,4.855236646056679,1.2711805555555558,3412.0
1290,01290_022_SN13_21bars_ramp1.csv,22,13,21.0,ramp1,True,True,False,False,0.0,5.009453798537511,1.3100611111111111,3512.0
1291,01291_023_SN13_21bars_ramp2.csv,23,13,21.0,ramp2,True,True,False,False,0.0,5.0929139990023895,1.335338888888889,3694.0
1292,01292_024_SN13_21bars_ramp3.csv,24,13,21.0,ramp3,True,True,False,False,0.0,5.110341469259699,1.3406166666666668,3732.0
1293,01293_025_SN13_21bars_ramp4.csv,25,13,21.0,ramp4,True,True,False,False,0.0,5.214974887665694,1.3711722222222222,3751.0
1294,01294_026_SN13_21bars_onmod.csv,26,13,21.0,onmod,True,False,False,False,0.0,5.597846733425171,1.4842277777777777,3824.0
1295,01295_027_SN13_21bars_offmod.csv,27,13,21.0,offmod,True,True,False,False,0.0,5.671396825237979,1.5065527777777776,4624.0
1296,01296_028_SN13_21bars_random_short.csv,28,13,21.0,random_short,True,True,False,False,0.0,6.332854193420419,1.7176638888888889,5424.0
1297,01297_029_SN13_21bars_random_long.csv,29,13,21.0,random_long,True,True,False,False,0.0,6.454911849572971,1.7584027777777775,5724.0
1298,01298_030_SN13_21bars_random_mixed.csv,30,13,21.0,random_mixed,True,True,False,False,0.0,6.868046655178576,1.891458333333333,5819.0
1299,01299_031_SN13_18bars_ramp1.csv,31,13,18.0,ramp1,True,True,False,False,0.0,7.017735070067019,1.9407138888888888,5919.0
1300,01300_032_SN13_18bars_ramp2.csv,32,13,18.0,ramp2,True,True,False,False,0.0,7.080242916594012,1.9659916666666664,6101.0
1301,01301_033_SN13_18bars_ramp3.csv,33,13,18.0,ramp3,True,True,False,False,0.0,7.093310530030955,1.971269444444444,6139.0
1302,01302_034_SN13_18bars_ramp4.csv,34,13,18.0,ramp4,True,True,False,False,0.0,7.172204836735852,2.001825,6158.0
1303,01303_035_SN13_18bars_onmod.csv,35,13,18.0,onmod,True,False,False,False,0.0,7.46132780232464,2.114880555555555,6231.0
1304,01304_036_SN13_18bars_offmod.csv,36,13,18.0,offmod,True,True,False,False,0.0,7.515659010508571,2.1367416666666665,7031.0
1305,01305_037_SN13_18bars_random_short.csv,37,13,18.0,random_short,True,True,False,False,0.0,8.018126940466926,2.347852777777778,7831.0
1306,01306_038_SN13_18bars_random_long.csv,38,13,18.0,random_long,True,True,False,False,0.0,8.109824883095078,2.388025,8131.0
1307,01307_039_SN13_18bars_random_mixed.csv,39,13,18.0,random_mixed,True,True,False,False,0.0,8.40311152175422,2.5113583333333334,8226.0
1308,01308_040_SN13_24bars_ssf.csv,40,13,24.0,ssf,True,True,False,False,0.0,8.510691801422855,2.557366666666667,8326.0
1309,01309_041_SN13_21bars_ssf.csv,41,13,21.0,ssf,True,True,False,False,0.0,8.77430661918335,2.6407000000000003,8327.0
1310,01310_042_SN13_18bars_ssf.csv,42,13,18.0,ssf,True,True,False,False,0.0,9.000386118198277,2.7240333333333338,8328.0
1311,01311_043_SN13_15bars_ssf.csv,43,13,15.0,ssf,True,True,False,False,0.0,9.191562946308943,2.8073666666666672,8329.0
1313,01313_045_SN13_9bars_ssf.csv,45,13,9.0,ssf,True,True,False,False,0.0,9.47886430075051,2.974033333333334,8331.0
1314,01314_046_SN13_24bars_health_check.csv,46,13,24.0,health_check,True,True,False,False,0.0,9.580411123889313,3.057366666666668,8332.0
1315,01315_047_SN13_21bars_health_check.csv,47,13,21.0,health_check,True,True,False,False,0.0,9.654726077070192,3.082741666666668,8515.0
1316,01316_048_SN13_18bars_health_check.csv,48,13,18.0,health_check,True,True,False,False,0.0,9.71867885415479,3.1081166666666675,8698.0
1317,01317_049_SN13_15bars_health_check.csv,49,13,15.0,health_check,True,True,False,False,0.0,9.772910636061496,3.1334916666666675,8881.0
1318,01318_050_SN13_12bars_health_check.csv,50,13,12.0,health_check,True,True,False,False,0.0,9.817864696055606,3.158866666666668,9064.0
1319,01319_051_SN13_9bars_health_check.csv,51,13,9.0,health_check,True,True,False,False,0.0,9.854420935740787,3.1842416666666677,9247.0
1320,01320_052_SN13_15bars_ramp1.csv,52,13,15.0,ramp1,True,True,False,False,0.0,9.883210597688487,3.2096166666666672,9430.0
1321,01321_053_SN13_15bars_ramp2.csv,53,13,15.0,ramp2,True,True,False,False,0.0,9.926861396888672,3.234894444444445,9612.0
1322,01322_054_SN13_15bars_ramp3.csv,54,13,15.0,ramp3,True,True,False,False,0.0,9.936003144897192,3.2401722222222227,9650.0
1323,01323_055_SN13_15bars_ramp4.csv,55,13,15.0,ramp4,True,True,False,False,0.0,9.991349112355415,3.270727777777778,9669.0
1324,01324_056_SN13_15bars_onmod.csv,56,13,15.0,onmod,True,False,False,False,0.0,10.194248768436935,3.3837833333333336,9742.0
1325,01325_057_SN13_15bars_offmod.csv,57,13,15.0,offmod,True,True,False,False,0.0,10.232805481508196,3.4057861111111114,10542.0
1326,01326_058_SN13_15bars_random_short.csv,58,13,15.0,random_short,True,True,False,False,0.0,10.586776059294207,3.616897222222223,11342.0
1327,01327_059_SN13_15bars_random_long.csv,59,13,15.0,random_long,True,True,False,False,0.0,10.653254786668056,3.657886111111112,11642.0
1328,01328_060_SN13_15bars_random_mixed.csv,60,13,15.0,random_mixed,True,True,False,False,0.0,10.89601620484183,3.801219444444445,11743.0
1329,01329_061_SN13_12bars_ramp1.csv,61,13,12.0,ramp1,True,True,False,False,0.0,10.950996285352486,3.834536111111112,11843.0
1330,01330_062_SN13_12bars_ramp2.csv,62,13,12.0,ramp2,True,True,False,False,0.0,10.983631225674696,3.8598138888888895,12025.0
1331,01331_063_SN13_12bars_ramp3.csv,63,13,12.0,ramp3,True,True,False,False,0.0,10.990514214608943,3.8650916666666673,12063.0
1332,01332_064_SN13_12bars_ramp4.csv,64,13,12.0,ramp4,True,True,False,False,0.0,11.032097131724598,3.895647222222223,12082.0
1333,01333_065_SN13_12bars_onmod.csv,65,13,12.0,onmod,True,False,False,False,0.0,11.185134250324223,4.008702777777779,12155.0
1334,01334_066_SN13_12bars_offmod.csv,66,13,12.0,offmod,True,True,False,False,0.0,11.214446708138205,4.0305694444444455,12955.0
1335,01335_067_SN13_12bars_random_short.csv,67,13,12.0,random_short,True,True,False,False,0.0,11.482014152340122,4.241680555555557,13755.0
1336,01336_068_SN13_12bars_random_long.csv,68,13,12.0,random_long,True,True,False,False,0.0,11.532030438599104,4.282366666666668,14055.0
1337,01337_069_SN13_12bars_random_mixed.csv,69,13,12.0,random_mixed,True,True,False,False,0.0,11.720331742899804,4.429033333333335,14151.0
1338,01338_070_SN13_9bars_ramp1.csv,70,13,9.0,ramp1,True,True,False,False,0.0,11.75733634889388,4.45856388888889,14251.0
1339,01339_071_SN13_9bars_ramp2.csv,71,13,9.0,ramp2,True,True,False,False,0.0,11.78135963844144,4.4838416666666685,14433.0
1340,01340_072_SN13_9bars_ramp3.csv,72,13,9.0,ramp3,True,True,False,False,0.0,11.786430401437933,4.489119444444446,14471.0
1341,01341_073_SN13_9bars_ramp4.csv,73,13,9.0,ramp4,True,True,False,False,0.0,11.817148132229532,4.519675000000002,14490.0
1342,01342_074_SN13_9bars_onmod.csv,74,13,9.0,onmod,True,False,False,False,0.0,11.9301481487509,4.632730555555558,14563.0
1343,01343_075_SN13_9bars_offmod.csv,75,13,9.0,offmod,True,True,False,False,0.0,11.952623956388951,4.6547388888888905,15363.0
1344,01344_076_SN13_9bars_random_short.csv,76,13,9.0,random_short,True,True,False,False,0.0,12.15126939338546,4.865850000000002,16163.0
1345,01345_077_SN13_9bars_random_long.csv,77,13,9.0,random_long,True,True,False,False,0.0,12.188799191986718,4.907200000000002,16463.0
1346,01346_078_SN13_9bars_random_mixed.csv,78,13,9.0,random_mixed,True,True,False,False,0.0,12.31844753575338,5.042755555555558,16558.0
1347,01347_079_SN13_24bars_ssf.csv,79,13,24.0,ssf,True,True,False,False,0.0,12.351033062629618,5.077547222222225,16658.0
1348,01348_080_SN13_21bars_ssf.csv,80,13,21.0,ssf,True,True,False,False,0.0,12.54880042305502,5.160880555555558,16659.0
1349,01349_081_SN13_18bars_ssf.csv,81,13,18.0,ssf,True,True,False,False,0.0,12.718905654401835,5.244213888888891,16660.0
1351,01351_083_SN13_12bars_ssf.csv,83,13,12.0,ssf,True,True,False,False,0.0,12.969199349251992,5.410880555555557,16662.0
1352,01352_084_SN13_9bars_ssf.csv,84,13,9.0,ssf,True,True,False,False,0.0,13.0665084635897,5.49421388888889,16663.0
1353,01353_085_SN13_24bars_health_check.csv,85,13,24.0,health_check,True,True,False,False,0.0,13.143396979356638,5.577547222222223,16664.0
1355,01355_087_SN13_18bars_health_check.csv,87,13,18.0,health_check,True,True,False,False,0.0,13.248107856949945,5.628297222222224,17030.0
1356,01356_088_SN13_15bars_health_check.csv,88,13,15.0,health_check,True,True,False,False,0.0,13.289230502440978,5.653672222222224,17213.0
1357,01357_089_SN13_12bars_health_check.csv,89,13,12.0,health_check,True,True,False,False,0.0,13.323440155405091,5.679047222222224,17396.0
1358,01358_090_SN13_9bars_health_check.csv,90,13,9.0,health_check,True,True,False,False,0.0,13.351154161353268,5.704422222222225,17579.0
1359,01359_091_SN13_7bars_ssf.csv,91,13,7.0,ssf,True,False,False,False,0.0,13.372921836181746,5.729797222222225,17762.0
1360,01360_092_SN13_5bars_ssf.csv,92,13,5.0,ssf,True,False,False,False,0.0,13.423539570673933,5.813130555555558,17763.0
1363,01363_095_SN13_7bars_ramp1.csv,95,13,7.0,ramp1,True,False,False,False,0.0,13.50119019049369,5.947213888888892,18130.0
1364,01364_096_SN13_7bars_ramp2.csv,96,13,7.0,ramp2,True,False,False,False,0.0,13.517930587158425,5.97249166666667,18312.0
1366,01366_098_SN13_7bars_ramp4.csv,98,13,7.0,ramp4,True,True,False,False,0.0,13.540937532703229,6.008325000000004,18369.0
1367,01367_099_SN13_7bars_onmod.csv,99,13,7.0,onmod,True,False,False,False,0.0,13.61805754155346,6.121380555555559,18442.0
1368,01368_100_SN13_7bars_offmod.csv,100,13,7.0,offmod,True,False,False,False,0.0,13.635307636647545,6.143158333333337,19242.0
1369,01369_101_SN13_7bars_random_short.csv,101,13,7.0,random_short,True,False,False,False,0.0,13.775259905580617,6.354269444444448,20042.0
1370,01370_102_SN13_7bars_random_long.csv,102,13,7.0,random_long,True,True,False,False,0.0,13.80146011002554,6.394108333333337,20342.0
1371,01371_103_SN13_7bars_random_mixed.csv,103,13,7.0,random_mixed,True,True,False,False,0.0,13.896273754376132,6.537441666666671,20448.0
1372,01372_104_SN13_5bars_ramp1.csv,104,13,5.0,ramp1,True,False,False,False,0.0,13.91665885227028,6.569036111111115,20548.0
1373,01373_105_SN13_5bars_ramp2.csv,105,13,5.0,ramp2,True,False,False,False,0.0,13.929347373588632,6.594313888888893,20730.0
1374,01374_106_SN13_5bars_ramp3.csv,106,13,5.0,ramp3,True,False,False,False,0.0,13.932085968543122,6.599591666666671,20768.0
1375,01375_107_SN13_5bars_ramp4.csv,107,13,5.0,ramp4,True,False,False,False,0.0,13.947966373161568,6.630147222222226,20787.0
1376,01376_108_SN13_5bars_onmod.csv,108,13,5.0,onmod,True,False,False,False,0.0,14.006431772337947,6.743202777777782,20860.0
1377,01377_109_SN13_5bars_offmod.csv,109,13,5.0,offmod,True,False,False,False,0.0,14.020729936010564,6.765688888888893,21660.0
1378,01378_110_SN13_5bars_random_short.csv,110,13,5.0,random_short,True,False,False,False,0.0,14.12570577258144,6.976800000000004,22460.0
1379,01379_111_SN13_5bars_random_long.csv,111,13,5.0,random_long,True,False,False,False,0.0,14.145800843850518,7.016875000000004,22760.0
1380,01380_112_SN13_5bars_random_mixed.csv,112,13,5.0,random_mixed,True,False,False,False,0.0,14.2171637142884,7.157152777777782,22853.0
1381,01381_001_SN14_24bars_ssf.csv,1,14,24.0,ssf,True,True,False,False,0.0,0.0,0.0,0.0
1382,01382_002_SN14_21bars_ssf.csv,2,14,21.0,ssf,True,True,False,False,0.0,0.427979965295678,0.0833333333333333,1.0
1383,01383_003_SN14_18bars_ssf.csv,3,14,18.0,ssf,True,True,False,False,0.0,0.7990586504994872,0.1666666666666666,2.0
1384,01384_004_SN14_15bars_ssf.csv,4,14,15.0,ssf,True,True,False,False,0.0,1.115932386112124,0.25,3.0
1386,01386_006_SN14_9bars_ssf.csv,6,14,9.0,ssf,True,True,False,False,0.0,1.600550025312555,0.4166666666666666,5.0
1387,01387_007_SN14_24bars_health_check.csv,7,14,24.0,health_check,True,True,False,False,0.0,1.7757990518150624,0.4999999999999999,6.0
1388,01388_008_SN14_21bars_health_check.csv,8,14,21.0,health_check,True,True,False,False,0.0,1.8983378036128984,0.5253749999999999,189.0
1389,01389_009_SN14_18bars_health_check.csv,9,14,18.0,health_check,True,True,False,False,0.0,2.0042979124029894,0.55075,372.0
1390,01390_010_SN14_15bars_health_check.csv,10,14,15.0,health_check,True,True,False,False,0.0,2.094697543941757,0.576125,555.0
1391,01391_011_SN14_12bars_health_check.csv,11,14,12.0,health_check,True,True,False,False,0.0,2.170746930546952,0.6015,738.0
1392,01392_012_SN14_9bars_health_check.csv,12,14,9.0,health_check,True,True,False,False,0.0,2.232962580341283,0.6268750000000001,921.0
1395,01395_015_SN14_24bars_ramp3.csv,15,14,24.0,ramp3,True,True,False,False,0.0,2.4284075867360992,0.6828055555555557,1324.0
1396,01396_016_SN14_24bars_ramp4.csv,16,14,24.0,ramp4,True,True,False,False,0.0,2.580612122001619,0.7133611111111112,1343.0
1397,01397_017_SN14_24bars_onmod.csv,17,14,24.0,onmod,True,False,False,False,0.0,3.1413783318330144,0.8264166666666668,1416.0
1398,01398_018_SN14_24bars_offmod.csv,18,14,24.0,offmod,True,True,False,False,0.0,3.241966446170702,0.8482222222222223,2216.0
1399,01399_019_SN14_24bars_random_short.csv,19,14,24.0,random_short,True,True,False,False,0.0,4.243546476009882,1.0593333333333337,3016.0
1400,01400_020_SN14_24bars_random_long.csv,20,14,24.0,random_long,True,True,False,False,0.0,4.427357315534544,1.0995138888888891,3316.0
1401,01401_021_SN14_24bars_random_mixed.csv,21,14,24.0,random_mixed,True,True,False,False,0.0,5.254602071682314,1.2711805555555558,3412.0
1402,01402_022_SN14_21bars_ramp1.csv,22,14,21.0,ramp1,True,True,False,False,0.0,5.438829128240738,1.3100611111111111,3512.0
1403,01403_023_SN14_21bars_ramp2.csv,23,14,21.0,ramp2,True,True,False,False,0.0,5.538875282037671,1.335338888888889,3694.0
1404,01404_024_SN14_21bars_ramp3.csv,24,14,21.0,ramp3,True,True,False,False,0.0,5.559924175666576,1.3406166666666668,3732.0
1405,01405_025_SN14_21bars_ramp4.csv,25,14,21.0,ramp4,True,True,False,False,0.0,5.686884811421693,1.3711722222222222,3751.0
1406,01406_026_SN14_21bars_onmod.csv,26,14,21.0,onmod,True,False,False,False,0.0,6.15490817222216,1.4842277777777777,3824.0
1407,01407_027_SN14_21bars_offmod.csv,27,14,21.0,offmod,True,True,False,False,0.0,6.24068139405487,1.5065527777777776,4624.0
1408,01408_028_SN14_21bars_random_short.csv,28,14,21.0,random_short,True,True,False,False,0.0,7.074390651970111,1.7176638888888889,5424.0
1410,01410_030_SN14_21bars_random_mixed.csv,30,14,21.0,random_mixed,True,True,False,False,0.0,7.767416605061186,1.891458333333333,5819.0
1411,01411_031_SN14_18bars_ramp1.csv,31,14,18.0,ramp1,True,True,False,False,0.0,7.963002923634515,1.9407138888888888,5919.0
1412,01412_032_SN14_18bars_ramp2.csv,32,14,18.0,ramp2,True,True,False,False,0.0,8.045549732227892,1.9659916666666664,6101.0
1413,01413_033_SN14_18bars_ramp3.csv,33,14,18.0,ramp3,True,True,False,False,0.0,8.062932757963381,1.971269444444444,6139.0
1414,01414_034_SN14_18bars_ramp4.csv,34,14,18.0,ramp4,True,True,False,False,0.0,8.168032952902037,2.001825,6158.0
1415,01415_035_SN14_18bars_onmod.csv,35,14,18.0,onmod,True,False,False,False,0.0,8.554847310115296,2.114880555555555,6231.0
1416,01416_036_SN14_18bars_offmod.csv,36,14,18.0,offmod,True,True,False,False,0.0,8.623984874942732,2.1367416666666665,7031.0
1417,01417_037_SN14_18bars_random_short.csv,37,14,18.0,random_short,True,True,False,False,0.0,9.314413020556223,2.347852777777778,7831.0
1418,01418_038_SN14_18bars_random_long.csv,38,14,18.0,random_long,True,True,False,False,0.0,9.441225080590042,2.388025,8131.0
1419,01419_039_SN14_18bars_random_mixed.csv,39,14,18.0,random_mixed,True,True,False,False,0.0,9.853628964572229,2.5113583333333334,8226.0
1420,01420_040_SN14_24bars_ssf.csv,40,14,24.0,ssf,True,True,False,False,0.0,10.005319584159473,2.557366666666667,8326.0
1421,01421_041_SN14_21bars_ssf.csv,41,14,21.0,ssf,True,True,False,False,0.0,10.377772506800722,2.6407000000000003,8327.0
1422,01422_042_SN14_18bars_ssf.csv,42,14,18.0,ssf,True,True,False,False,0.0,10.700865213722356,2.7240333333333338,8328.0
1423,01423_043_SN14_15bars_ssf.csv,43,14,15.0,ssf,True,True,False,False,0.0,10.977046834823994,2.8073666666666672,8329.0
1424,01424_044_SN14_12bars_ssf.csv,44,14,12.0,ssf,True,True,False,False,0.0,11.208854265740918,2.8907000000000007,8330.0
1425,01425_045_SN14_9bars_ssf.csv,45,14,9.0,ssf,True,True,False,False,0.0,11.399340497630162,2.974033333333334,8331.0
1426,01426_046_SN14_24bars_health_check.csv,46,14,24.0,health_check,True,True,False,False,0.0,11.552115477027108,3.057366666666668,8332.0
1427,01427_047_SN14_21bars_health_check.csv,47,14,21.0,health_check,True,True,False,False,0.0,11.658469299243633,3.082741666666668,8515.0
1428,01428_048_SN14_18bars_health_check.csv,48,14,18.0,health_check,True,True,False,False,0.0,11.750743097479768,3.1081166666666675,8698.0
1429,01429_049_SN14_15bars_health_check.csv,49,14,15.0,health_check,True,True,False,False,0.0,11.829571314845545,3.1334916666666675,8881.0
1430,01430_050_SN14_12bars_health_check.csv,50,14,12.0,health_check,True,True,False,False,0.0,11.895673907555246,3.158866666666668,9064.0
1432,01432_052_SN14_15bars_ramp1.csv,52,14,15.0,ramp1,True,True,False,False,0.0,12.016588580851373,3.2096166666666672,9430.0
1433,01433_053_SN14_15bars_ramp2.csv,53,14,15.0,ramp2,True,True,False,False,0.0,12.081977107786887,3.234894444444445,9612.0
1434,01434_054_SN14_15bars_ramp3.csv,54,14,15.0,ramp3,True,True,False,False,0.0,12.095740212121283,3.2401722222222227,9650.0
1435,01435_055_SN14_15bars_ramp4.csv,55,14,15.0,ramp4,True,True,False,False,0.0,12.17928319311292,3.270727777777778,9669.0
1436,01436_056_SN14_15bars_onmod.csv,56,14,15.0,onmod,True,False,False,False,0.0,12.487164891851464,3.3837833333333336,9742.0
1439,01439_059_SN14_15bars_random_long.csv,59,14,15.0,random_long,True,True,False,False,0.0,13.193467019674689,3.657886111111112,11642.0
1440,01440_060_SN14_15bars_random_mixed.csv,60,14,15.0,random_mixed,True,True,False,False,0.0,13.576723693482556,3.801219444444445,11743.0
1441,01441_061_SN14_12bars_ramp1.csv,61,14,12.0,ramp1,True,True,False,False,0.0,13.663641628664491,3.834536111111112,11843.0
1442,01442_062_SN14_12bars_ramp2.csv,62,14,12.0,ramp2,True,True,False,False,0.0,13.715910695871608,3.8598138888888895,12025.0
1443,01443_063_SN14_12bars_ramp3.csv,63,14,12.0,ramp3,True,True,False,False,0.0,13.726859884682613,3.8650916666666673,12063.0
1444,01444_064_SN14_12bars_ramp4.csv,64,14,12.0,ramp4,True,True,False,False,0.0,13.793902801911516,3.895647222222223,12082.0
1445,01445_065_SN14_12bars_onmod.csv,65,14,12.0,onmod,True,False,False,False,0.0,14.040572931094568,4.008702777777779,12155.0
1446,01446_066_SN14_12bars_offmod.csv,66,14,12.0,offmod,True,True,False,False,0.0,14.084599397188542,4.0305694444444455,12955.0
1447,01447_067_SN14_12bars_random_short.csv,67,14,12.0,random_short,True,True,False,False,0.0,14.523889267279731,4.241680555555557,13755.0
1448,01448_068_SN14_12bars_random_long.csv,68,14,12.0,random_long,True,True,False,False,0.0,14.605871274801324,4.282366666666668,14055.0
1449,01449_069_SN14_12bars_random_mixed.csv,69,14,12.0,random_mixed,True,True,False,False,0.0,14.920839997496136,4.429033333333335,14151.0
1450,01450_070_SN14_9bars_ramp1.csv,70,14,9.0,ramp1,True,True,False,False,0.0,14.982798246415856,4.45856388888889,14251.0
1451,01451_071_SN14_9bars_ramp2.csv,71,14,9.0,ramp2,True,True,False,False,0.0,15.023622753734305,4.4838416666666685,14433.0
1452,01452_072_SN14_9bars_ramp3.csv,72,14,9.0,ramp3,True,True,False,False,0.0,15.032182624382298,4.489119444444446,14471.0
1453,01453_073_SN14_9bars_ramp4.csv,73,14,9.0,ramp4,True,True,False,False,0.0,15.084681080920408,4.519675000000002,14490.0
1454,01454_074_SN14_9bars_onmod.csv,74,14,9.0,onmod,True,False,False,False,0.0,15.27810085646125,4.632730555555558,14563.0
1455,01455_075_SN14_9bars_offmod.csv,75,14,9.0,offmod,True,True,False,False,0.0,15.31297383304052,4.6547388888888905,15363.0
1456,01456_076_SN14_9bars_random_short.csv,76,14,9.0,random_short,True,True,False,False,0.0,15.656941119410432,4.865850000000002,16163.0
1457,01457_077_SN14_9bars_random_long.csv,77,14,9.0,random_long,True,True,False,False,0.0,15.722210130109614,4.907200000000002,16463.0
1459,01459_079_SN14_24bars_ssf.csv,79,14,24.0,ssf,True,True,False,False,0.0,16.008157720414495,5.077547222222225,16658.0
1460,01460_080_SN14_21bars_ssf.csv,80,14,21.0,ssf,True,True,False,False,0.0,16.345873439708615,5.160880555555558,16659.0
1461,01461_081_SN14_18bars_ssf.csv,81,14,18.0,ssf,True,True,False,False,0.0,16.638897186189425,5.244213888888891,16660.0
1462,01462_082_SN14_15bars_ssf.csv,82,14,15.0,ssf,True,True,False,False,0.0,16.889382931296183,5.327547222222224,16661.0
1463,01463_083_SN14_12bars_ssf.csv,83,14,12.0,ssf,True,True,False,False,0.0,17.099740943291163,5.410880555555557,16662.0
1465,01465_085_SN14_24bars_health_check.csv,85,14,24.0,health_check,True,True,False,False,0.0,17.411281700481158,5.577547222222223,16664.0
1466,01466_086_SN14_21bars_health_check.csv,86,14,21.0,health_check,True,True,False,False,0.0,17.507789421070964,5.602922222222223,16847.0
1467,01467_087_SN14_18bars_health_check.csv,87,14,18.0,health_check,True,True,False,False,0.0,17.591419429836918,5.628297222222224,17030.0
1468,01468_088_SN14_15bars_health_check.csv,88,14,15.0,health_check,True,True,False,False,0.0,17.663098315440198,5.653672222222224,17213.0
1470,01470_090_SN14_9bars_health_check.csv,90,14,9.0,health_check,True,True,False,False,0.0,17.77231917425856,5.704422222222225,17579.0
1471,01471_091_SN14_7bars_ssf.csv,91,14,7.0,ssf,True,True,False,False,0.0,17.811849686726067,5.729797222222225,17762.0
1472,01472_092_SN14_5bars_ssf.csv,92,14,5.0,ssf,True,True,False,False,0.0,17.928814998550507,5.813130555555558,17763.0
1473,01473_093_SN14_7bars_health_check.csv,93,14,7.0,health_check,True,True,False,False,0.0,18.02759663599604,5.896463888888891,17764.0
1474,01474_094_SN14_5bars_health_check.csv,94,14,5.0,health_check,True,True,False,False,0.0,18.06106391821406,5.921838888888892,17947.0
1475,01475_095_SN14_7bars_ramp1.csv,95,14,7.0,ramp1,True,True,False,False,0.0,18.089246226672227,5.947213888888892,18130.0
1477,01477_097_SN14_7bars_ramp3.csv,97,14,7.0,ramp3,True,True,False,False,0.0,18.129151679446554,5.977769444444448,18350.0
1478,01478_098_SN14_7bars_ramp4.csv,98,14,7.0,ramp4,True,True,False,False,0.0,18.171707539181643,6.008325000000004,18369.0
1480,01480_100_SN14_7bars_offmod.csv,100,14,7.0,offmod,True,True,False,False,0.0,18.357054385096102,6.143158333333337,19242.0
1482,01482_102_SN14_7bars_random_long.csv,102,14,7.0,random_long,True,True,False,False,0.0,18.6868973852219,6.394108333333337,20342.0
1483,01483_103_SN14_7bars_random_mixed.csv,103,14,7.0,random_mixed,True,True,False,False,0.0,18.883356686968337,6.537441666666671,20448.0
1484,01484_104_SN14_5bars_ramp1.csv,104,14,5.0,ramp1,True,True,False,False,0.0,18.925540378102227,6.569036111111115,20548.0
1485,01485_105_SN14_5bars_ramp2.csv,105,14,5.0,ramp2,True,True,False,False,0.0,18.95275184143238,6.594313888888893,20730.0
1486,01486_106_SN14_5bars_ramp3.csv,106,14,5.0,ramp3,True,True,False,False,0.0,18.95848501903178,6.599591666666671,20768.0
1487,01487_107_SN14_5bars_ramp4.csv,107,14,5.0,ramp4,True,True,False,False,0.0,18.993776717236223,6.630147222222226,20787.0
1488,01488_108_SN14_5bars_onmod.csv,108,14,5.0,onmod,True,False,False,False,0.0,19.12385785519385,6.743202777777782,20860.0
1489,01489_109_SN14_5bars_offmod.csv,109,14,5.0,offmod,True,True,False,False,0.0,19.1482370285964,6.765688888888893,21660.0
1490,01490_110_SN14_5bars_random_short.csv,110,14,5.0,random_short,True,True,False,False,0.0,19.378825620971256,6.976800000000004,22460.0
1491,01491_111_SN14_5bars_random_long.csv,111,14,5.0,random_long,True,True,False,False,0.0,19.421216230755046,7.016875000000004,22760.0
1492,01492_112_SN14_5bars_random_mixed.csv,112,14,5.0,random_mixed,True,True,False,False,0.0,19.580706371172028,7.157152777777782,22853.0
1493,01493_001_SN15_24bars_ssf.csv,1,15,24.0,ssf,True,True,False,False,0.0,0.0,0.0,0.0
1494,01494_002_SN15_21bars_ssf.csv,2,15,21.0,ssf,True,True,False,False,0.0,0.4829968419005029,0.0833333333333333,1.0
1495,01495_003_SN15_18bars_ssf.csv,3,15,18.0,ssf,True,True,False,False,0.0,0.8977975076504192,0.1666666666666666,2.0
1496,01496_004_SN15_15bars_ssf.csv,4,15,15.0,ssf,True,True,False,False,0.0,1.247953759960936,0.25,3.0
1497,01497_005_SN15_12bars_ssf.csv,5,15,12.0,ssf,True,True,False,False,0.0,1.537587730959093,0.3333333333333333,4.0
1498,01498_006_SN15_9bars_ssf.csv,6,15,9.0,ssf,True,True,False,False,0.0,1.770848384436163,0.4166666666666666,5.0
1499,01499_007_SN15_24bars_health_check.csv,7,15,24.0,health_check,True,True,False,False,0.0,1.952822500395928,0.4999999999999999,6.0
1500,01500_008_SN15_21bars_health_check.csv,8,15,21.0,health_check,True,True,False,False,0.0,2.0906355838974315,0.5253749999999999,189.0
1501,01501_009_SN15_18bars_health_check.csv,9,15,18.0,health_check,True,True,False,False,0.0,2.209009007959497,0.55075,372.0
1502,01502_010_SN15_15bars_health_check.csv,10,15,15.0,health_check,True,True,False,False,0.0,2.308596078185261,0.576125,555.0
1505,01505_013_SN15_24bars_ramp1.csv,13,15,24.0,ramp1,True,True,False,False,0.0,2.502633357109736,0.6522500000000001,1104.0
1506,01506_014_SN15_24bars_ramp2.csv,14,15,24.0,ramp2,True,True,False,False,0.0,2.552874838021452,0.6775277777777778,1286.0
1507,01507_015_SN15_24bars_ramp3.csv,15,15,24.0,ramp3,True,True,False,False,0.0,2.563173369702519,0.6828055555555557,1324.0
1508,01508_016_SN15_24bars_ramp4.csv,16,15,24.0,ramp4,True,True,False,False,0.0,2.62506325194546,0.7133611111111112,1343.0
1509,01509_017_SN15_24bars_onmod.csv,17,15,24.0,onmod,True,False,False,False,0.0,2.84196756886336,0.8264166666666668,1416.0
1510,01510_018_SN15_24bars_offmod.csv,18,15,24.0,offmod,True,True,False,False,0.0,2.876744772567508,0.8482222222222223,2216.0
1511,01511_019_SN15_24bars_random_short.csv,19,15,24.0,random_short,True,True,False,False,0.0,3.1788419008793887,1.0593333333333337,3016.0
1512,01512_020_SN15_24bars_random_long.csv,20,15,24.0,random_long,True,True,False,False,0.0,3.228288208034974,1.0995138888888891,3316.0
1513,01513_021_SN15_24bars_random_mixed.csv,21,15,24.0,random_mixed,True,True,False,False,0.0,3.441365386654533,1.2711805555555558,3412.0
1515,01515_023_SN15_21bars_ramp2.csv,23,15,21.0,ramp2,True,True,False,False,0.0,3.5092819804161457,1.335338888888889,3694.0
1517,01517_025_SN15_21bars_ramp4.csv,25,15,21.0,ramp4,True,True,False,False,0.0,3.536485865860667,1.3711722222222222,3751.0
1519,01519_027_SN15_21bars_offmod.csv,27,15,21.0,offmod,True,True,False,False,0.0,3.661672512880877,1.5065527777777776,4624.0
1520,01520_028_SN15_21bars_random_short.csv,28,15,21.0,random_short,True,False,False,False,0.0,3.813945369534284,1.7176638888888889,5424.0
1521,01521_029_SN15_21bars_random_long.csv,29,15,21.0,random_long,True,True,False,False,0.0,3.840571407263378,1.7584027777777775,5724.0
1522,01522_030_SN15_21bars_random_mixed.csv,30,15,21.0,random_mixed,True,True,False,False,0.0,3.92849634845506,1.891458333333333,5819.0
1523,01523_031_SN15_18bars_ramp1.csv,31,15,18.0,ramp1,True,False,False,False,0.0,3.959287706890119,1.9407138888888888,5919.0
1524,01524_032_SN15_18bars_ramp2.csv,32,15,18.0,ramp2,True,False,False,False,0.0,3.971280563065603,1.9659916666666664,6101.0
1525,01525_033_SN15_18bars_ramp3.csv,33,15,18.0,ramp3,True,False,False,False,0.0,3.9738396055828553,1.971269444444444,6139.0
1526,01526_034_SN15_18bars_ramp4.csv,34,15,18.0,ramp4,True,False,False,False,0.0,3.989117900269952,2.001825,6158.0
1527,01527_035_SN15_18bars_onmod.csv,35,15,18.0,onmod,True,False,False,False,0.0,4.044538430898284,2.114880555555555,6231.0
1528,01528_036_SN15_18bars_offmod.csv,36,15,18.0,offmod,True,False,False,False,0.0,4.056468550985561,2.1367416666666665,7031.0
1529,01529_037_SN15_18bars_random_short.csv,37,15,18.0,random_short,True,False,False,False,0.0,4.144467121953925,2.347852777777778,7831.0
1530,01530_038_SN15_18bars_random_long.csv,38,15,18.0,random_long,True,False,False,False,0.0,4.159970195751666,2.388025,8131.0
1531,01531_039_SN15_18bars_random_mixed.csv,39,15,18.0,random_mixed,True,False,False,False,0.0,4.209458645685758,2.5113583333333334,8226.0
1532,01532_040_SN15_24bars_ssf.csv,40,15,24.0,ssf,True,False,False,False,0.0,4.227203682554509,2.557366666666667,8326.0
1533,01533_041_SN15_21bars_ssf.csv,41,15,21.0,ssf,True,False,False,False,0.0,4.267765089031333,2.6407000000000003,8327.0
1534,01534_042_SN15_18bars_ssf.csv,42,15,18.0,ssf,True,False,False,False,0.0,4.302306223230175,2.7240333333333338,8328.0
1535,01535_043_SN15_15bars_ssf.csv,43,15,15.0,ssf,True,False,False,False,0.0,4.331265526377475,2.8073666666666672,8329.0
1536,01536_044_SN15_12bars_ssf.csv,44,15,12.0,ssf,True,False,False,False,0.0,4.355062723135032,2.8907000000000007,8330.0
1537,01537_045_SN15_9bars_ssf.csv,45,15,9.0,ssf,True,False,False,False,0.0,4.374150799467188,2.974033333333334,8331.0
1538,01538_046_SN15_24bars_health_check.csv,46,15,24.0,health_check,True,False,False,False,0.0,4.3889824356654605,3.057366666666668,8332.0
1539,01539_047_SN15_21bars_health_check.csv,47,15,21.0,health_check,True,False,False,False,0.0,4.401327627992562,3.082741666666668,8515.0
1540,01540_048_SN15_18bars_health_check.csv,48,15,18.0,health_check,True,False,False,False,0.0,4.411822381943026,3.1081166666666675,8698.0
1541,01541_049_SN15_15bars_health_check.csv,49,15,15.0,health_check,True,False,False,False,0.0,4.420592158433091,3.1334916666666675,8881.0
1542,01542_050_SN15_12bars_health_check.csv,50,15,12.0,health_check,True,False,False,False,0.0,4.427785540430269,3.158866666666668,9064.0
1543,01543_051_SN15_9bars_health_check.csv,51,15,9.0,health_check,True,False,False,False,0.0,4.4335560820281446,3.1842416666666677,9247.0
1544,01544_052_SN15_15bars_ramp1.csv,52,15,15.0,ramp1,True,False,False,False,0.0,4.438054125149279,3.2096166666666672,9430.0
1545,01545_053_SN15_15bars_ramp2.csv,53,15,15.0,ramp2,True,False,False,False,0.0,4.444673365616815,3.234894444444445,9612.0
1546,01546_054_SN15_15bars_ramp3.csv,54,15,15.0,ramp3,True,False,False,False,0.0,4.446082088488617,3.2401722222222227,9650.0
1547,01547_055_SN15_15bars_ramp4.csv,55,15,15.0,ramp4,True,False,False,False,0.0,4.454238932093404,3.270727777777778,9669.0
1548,01548_056_SN15_15bars_onmod.csv,56,15,15.0,onmod,True,False,False,False,0.0,4.4840043144909005,3.3837833333333336,9742.0
1549,01549_057_SN15_15bars_offmod.csv,57,15,15.0,offmod,True,False,False,False,0.0,4.490755808262578,3.4057861111111114,10542.0
1550,01550_058_SN15_15bars_random_short.csv,58,15,15.0,random_short,True,False,False,False,0.0,4.540065732321747,3.616897222222223,11342.0
1551,01551_059_SN15_15bars_random_long.csv,59,15,15.0,random_long,True,False,False,False,0.0,4.549108610563747,3.657886111111112,11642.0
1552,01552_060_SN15_15bars_random_mixed.csv,60,15,15.0,random_mixed,True,False,False,False,0.0,4.582276682947004,3.801219444444445,11743.0
1553,01553_061_SN15_12bars_ramp1.csv,61,15,12.0,ramp1,True,False,False,False,0.0,4.58952202328186,3.834536111111112,11843.0
1554,01554_062_SN15_12bars_ramp2.csv,62,15,12.0,ramp2,True,False,False,False,0.0,4.593922079872647,3.8598138888888895,12025.0
1555,01555_063_SN15_12bars_ramp3.csv,63,15,12.0,ramp3,True,False,False,False,0.0,4.594870124900176,3.8650916666666673,12063.0
1556,01556_064_SN15_12bars_ramp4.csv,64,15,12.0,ramp4,True,False,False,False,0.0,4.600275148663915,3.895647222222223,12082.0
1557,01557_065_SN15_12bars_onmod.csv,65,15,12.0,onmod,True,False,False,False,0.0,4.620028486240705,4.008702777777779,12155.0
1558,01558_066_SN15_12bars_offmod.csv,66,15,12.0,offmod,True,False,False,False,0.0,4.624548003754095,4.0305694444444455,12955.0
1559,01559_067_SN15_12bars_random_short.csv,67,15,12.0,random_short,True,False,False,False,0.0,4.657984347189305,4.241680555555557,13755.0
1560,01560_068_SN15_12bars_random_long.csv,68,15,12.0,random_long,True,False,False,False,0.0,4.664103819541845,4.282366666666668,14055.0
1561,01561_069_SN15_12bars_random_mixed.csv,69,15,12.0,random_mixed,True,False,False,False,0.0,4.687105602680816,4.429033333333335,14151.0
1562,01562_070_SN15_9bars_ramp1.csv,70,15,9.0,ramp1,True,False,False,False,0.0,4.691547017565709,4.45856388888889,14251.0
1563,01563_071_SN15_9bars_ramp2.csv,71,15,9.0,ramp2,True,False,False,False,0.0,4.694508198313775,4.4838416666666685,14433.0
1564,01564_072_SN15_9bars_ramp3.csv,72,15,9.0,ramp3,True,False,False,False,0.0,4.695150209375703,4.489119444444446,14471.0
1565,01565_073_SN15_9bars_ramp4.csv,73,15,9.0,ramp4,True,False,False,False,0.0,4.698771337113351,4.519675000000002,14490.0
1566,01566_074_SN15_9bars_onmod.csv,74,15,9.0,onmod,True,False,False,False,0.0,4.71202433188206,4.632730555555558,14563.0
1567,01567_075_SN15_9bars_offmod.csv,75,15,9.0,offmod,True,False,False,False,0.0,4.7150775331554255,4.6547388888888905,15363.0
1568,01568_076_SN15_9bars_random_short.csv,76,15,9.0,random_short,True,False,False,False,0.0,4.737915957733398,4.865850000000002,16163.0
1570,01570_078_SN15_9bars_random_mixed.csv,78,15,9.0,random_mixed,True,False,False,False,0.0,4.758180770440413,5.042755555555558,16558.0
1571,01571_079_SN15_24bars_ssf.csv,79,15,24.0,ssf,True,False,False,False,0.0,4.761845206872929,5.077547222222225,16658.0
1572,01572_080_SN15_21bars_ssf.csv,80,15,21.0,ssf,True,False,False,False,0.0,4.783499887588788,5.160880555555558,16659.0
1574,01574_082_SN15_15bars_ssf.csv,82,15,15.0,ssf,True,False,False,False,0.0,4.817658244385577,5.327547222222224,16661.0
1575,01575_083_SN15_12bars_ssf.csv,83,15,12.0,ssf,True,False,False,False,0.0,4.83055217437193,5.410880555555557,16662.0
1576,01576_084_SN15_9bars_ssf.csv,84,15,9.0,ssf,True,False,False,False,0.0,4.840919992650654,5.49421388888889,16663.0
1578,01578_086_SN15_21bars_health_check.csv,86,15,21.0,health_check,True,False,False,False,0.0,4.861463500680985,5.602922222222223,16847.0
1579,01579_087_SN15_18bars_health_check.csv,87,15,18.0,health_check,True,False,False,False,0.0,4.867308504923603,5.628297222222224,17030.0
1580,01580_088_SN15_15bars_health_check.csv,88,15,15.0,health_check,True,False,False,False,0.0,4.87226019591908,5.653672222222224,17213.0
1581,01581_089_SN15_12bars_health_check.csv,89,15,12.0,health_check,True,False,False,False,0.0,4.876368619860085,5.679047222222224,17396.0
1582,01582_090_SN15_9bars_health_check.csv,90,15,9.0,health_check,True,False,False,False,0.0,4.879701215368771,5.704422222222225,17579.0
1583,01583_091_SN15_7bars_ssf.csv,91,15,7.0,ssf,True,False,False,False,0.0,4.88232976533546,5.729797222222225,17762.0
1584,01584_092_SN15_5bars_ssf.csv,92,15,5.0,ssf,True,False,False,False,0.0,4.88872200321259,5.813130555555558,17763.0
1585,01585_093_SN15_7bars_health_check.csv,93,15,7.0,health_check,True,False,False,False,0.0,4.893915886455274,5.896463888888891,17764.0
1588,01588_096_SN15_7bars_ramp2.csv,96,15,7.0,ramp2,True,False,False,False,0.0,4.899808494091116,5.97249166666667,18312.0
1590,01590_098_SN15_7bars_ramp4.csv,98,15,7.0,ramp4,True,False,False,False,0.0,4.901486977720201,6.008325000000004,18369.0
1591,01591_099_SN15_7bars_onmod.csv,99,15,7.0,onmod,True,False,False,False,0.0,4.910354029596596,6.121380555555559,18442.0
1592,01592_100_SN15_7bars_offmod.csv,100,15,7.0,offmod,True,False,False,False,0.0,4.912357664342183,6.143158333333337,19242.0
1593,01593_101_SN15_7bars_random_short.csv,101,15,7.0,random_short,True,False,False,False,0.0,4.928213078004893,6.354269444444448,20042.0
1594,01594_102_SN15_7bars_random_long.csv,102,15,7.0,random_long,True,False,False,False,0.0,4.931147265477175,6.394108333333337,20342.0
1595,01595_103_SN15_7bars_random_mixed.csv,103,15,7.0,random_mixed,True,False,False,False,0.0,4.942007014445,6.537441666666671,20448.0
1596,01596_104_SN15_5bars_ramp1.csv,104,15,5.0,ramp1,True,False,False,False,0.0,4.944291351809264,6.569036111111115,20548.0
1597,01597_105_SN15_5bars_ramp2.csv,105,15,5.0,ramp2,True,False,False,False,0.0,4.945793907196263,6.594313888888893,20730.0
1598,01598_106_SN15_5bars_ramp3.csv,106,15,5.0,ramp3,True,False,False,False,0.0,4.946129481728206,6.599591666666671,20768.0
1599,01599_107_SN15_5bars_ramp4.csv,107,15,5.0,ramp4,True,False,False,False,0.0,4.947949397587939,6.630147222222226,20787.0
1600,01600_108_SN15_5bars_onmod.csv,108,15,5.0,onmod,True,False,False,False,0.0,4.954608910337253,6.743202777777782,20860.0
1601,01601_109_SN15_5bars_offmod.csv,109,15,5.0,offmod,True,False,False,False,0.0,4.956123570744086,6.765688888888893,21660.0
1602,01602_110_SN15_5bars_random_short.csv,110,15,5.0,random_short,True,False,False,False,0.0,4.9685441164083,6.976800000000004,22460.0
1603,01603_111_SN15_5bars_random_long.csv,111,15,5.0,random_long,True,False,False,False,0.0,4.970918470188872,7.016875000000004,22760.0
1604,01604_112_SN15_5bars_random_mixed.csv,112,15,5.0,random_mixed,True,False,False,False,0.0,4.979092900052233,7.157152777777782,22853.0
1605,01605_001_SN16_24bars_ssf.csv,1,16,24.0,ssf,True,True,False,False,0.0,0.0,0.0,0.0
1606,01606_002_SN16_21bars_ssf.csv,2,16,21.0,ssf,True,True,False,False,0.0,0.4943402817695029,0.0833333333333333,1.0
1607,01607_003_SN16_18bars_ssf.csv,3,16,18.0,ssf,True,True,False,False,0.0,0.9204009372026456,0.1666666666666666,2.0
1608,01608_004_SN16_15bars_ssf.csv,4,16,15.0,ssf,True,True,False,False,0.0,1.2819279009483786,0.25,3.0
1609,01609_005_SN16_12bars_ssf.csv,5,16,12.0,ssf,True,True,False,False,0.0,1.5827519966657848,0.3333333333333333,4.0
1610,01610_006_SN16_9bars_ssf.csv,6,16,9.0,ssf,True,True,False,False,0.0,1.827180192177117,0.4166666666666666,5.0
1611,01611_007_SN16_24bars_health_check.csv,7,16,24.0,health_check,True,True,False,False,0.0,2.020367777050272,0.4999999999999999,6.0
1612,01612_008_SN16_21bars_health_check.csv,8,16,21.0,health_check,True,True,False,False,0.0,2.162246496417635,0.5253749999999999,189.0
1613,01613_009_SN16_18bars_health_check.csv,9,16,18.0,health_check,True,True,False,False,0.0,2.284643173656467,0.55075,372.0
1614,01614_010_SN16_15bars_health_check.csv,10,16,15.0,health_check,True,True,False,False,0.0,2.3880691297638896,0.576125,555.0
1615,01615_011_SN16_12bars_health_check.csv,11,16,12.0,health_check,True,True,False,False,0.0,2.474101421311768,0.6015,738.0
1616,01616_012_SN16_9bars_health_check.csv,12,16,9.0,health_check,True,True,False,False,0.0,2.543734311904428,0.6268750000000001,921.0
1617,01617_013_SN16_24bars_ramp1.csv,13,16,24.0,ramp1,True,True,False,False,0.0,2.5988930749728487,0.6522500000000001,1104.0
1618,01618_014_SN16_24bars_ramp2.csv,14,16,24.0,ramp2,True,True,False,False,0.0,2.7378008443769595,0.6775277777777778,1286.0
1619,01619_015_SN16_24bars_ramp3.csv,15,16,24.0,ramp3,True,True,False,False,0.0,2.766983695827373,0.6828055555555557,1324.0
1620,01620_016_SN16_24bars_ramp4.csv,16,16,24.0,ramp4,True,True,False,False,0.0,2.942671023212908,0.7133611111111112,1343.0
1621,01621_017_SN16_24bars_onmod.csv,17,16,24.0,onmod,True,True,False,False,0.0,3.5887737442290653,0.8264166666666668,1416.0
1622,01622_018_SN16_24bars_offmod.csv,18,16,24.0,offmod,True,True,False,False,0.0,3.706127279446217,0.8482222222222223,2216.0
1623,01623_019_SN16_24bars_random_short.csv,19,16,24.0,random_short,True,True,False,False,0.0,4.859903337386574,1.0593333333333337,3016.0
1624,01624_020_SN16_24bars_random_long.csv,20,16,24.0,random_long,True,True,False,False,0.0,5.071500098932937,1.0995138888888891,3316.0
1625,01625_021_SN16_24bars_random_mixed.csv,21,16,24.0,random_mixed,True,True,False,False,0.0,6.021253931465169,1.2711805555555558,3412.0
1626,01626_022_SN16_21bars_ramp1.csv,22,16,21.0,ramp1,True,True,False,False,0.0,6.232549040166536,1.3100611111111111,3512.0
1627,01627_023_SN16_21bars_ramp2.csv,23,16,21.0,ramp2,True,True,False,False,0.0,6.346953706514483,1.335338888888889,3694.0
1628,01628_024_SN16_21bars_ramp3.csv,24,16,21.0,ramp3,True,True,False,False,0.0,6.370947752575889,1.3406166666666668,3732.0
1629,01629_025_SN16_21bars_ramp4.csv,25,16,21.0,ramp4,True,True,False,False,0.0,6.516102034323788,1.3711722222222222,3751.0
1631,01631_027_SN16_21bars_offmod.csv,27,16,21.0,offmod,True,True,False,False,0.0,7.148403132334829,1.5065527777777776,4624.0
1632,01632_028_SN16_21bars_random_short.csv,28,16,21.0,random_short,True,True,False,False,0.0,8.099768902080926,1.7176638888888889,5424.0
1633,01633_029_SN16_21bars_random_long.csv,29,16,21.0,random_long,True,True,False,False,0.0,8.277398138289728,1.7584027777777775,5724.0
1634,01634_030_SN16_21bars_random_mixed.csv,30,16,21.0,random_mixed,True,True,False,False,0.0,8.88885453677306,1.891458333333333,5819.0
1635,01635_031_SN16_18bars_ramp1.csv,31,16,18.0,ramp1,True,True,False,False,0.0,9.111764420578048,1.9407138888888888,5919.0
1636,01636_032_SN16_18bars_ramp2.csv,32,16,18.0,ramp2,True,True,False,False,0.0,9.205041044192184,1.9659916666666664,6101.0
1637,01637_033_SN16_18bars_ramp3.csv,33,16,18.0,ramp3,True,True,False,False,0.0,9.224629254804658,1.971269444444444,6139.0
1639,01639_035_SN16_18bars_onmod.csv,35,16,18.0,onmod,True,False,False,False,0.0,9.780570510685946,2.114880555555555,6231.0
1640,01640_036_SN16_18bars_offmod.csv,36,16,18.0,offmod,True,True,False,False,0.0,9.85959372699978,2.1367416666666665,7031.0
1641,01641_037_SN16_18bars_random_short.csv,37,16,18.0,random_short,True,True,False,False,0.0,10.64008884097742,2.347852777777778,7831.0
1642,01642_038_SN16_18bars_random_long.csv,38,16,18.0,random_long,True,True,False,False,0.0,10.783267528928542,2.388025,8131.0
1643,01643_039_SN16_18bars_random_mixed.csv,39,16,18.0,random_mixed,True,True,False,False,0.0,11.24913930494522,2.5113583333333334,8226.0
1644,01644_040_SN16_24bars_ssf.csv,40,16,24.0,ssf,True,True,False,False,0.0,11.420366573296112,2.557366666666667,8326.0
1646,01646_042_SN16_18bars_ssf.csv,42,16,18.0,ssf,True,True,False,False,0.0,12.2110293393805,2.7240333333333338,8328.0
1647,01647_043_SN16_15bars_ssf.csv,43,16,15.0,ssf,True,True,False,False,0.0,12.52179966541622,2.8073666666666672,8329.0
1648,01648_044_SN16_12bars_ssf.csv,44,16,12.0,ssf,True,True,False,False,0.0,12.780601803487071,2.8907000000000007,8330.0
1649,01649_045_SN16_9bars_ssf.csv,45,16,9.0,ssf,True,True,False,False,0.0,12.9909785421521,2.974033333333334,8331.0
1650,01650_046_SN16_24bars_health_check.csv,46,16,24.0,health_check,True,True,False,False,0.0,13.157196377355032,3.057366666666668,8332.0
1651,01651_047_SN16_21bars_health_check.csv,47,16,21.0,health_check,True,True,False,False,0.0,13.278967669907264,3.082741666666668,8515.0
1652,01652_048_SN16_18bars_health_check.csv,48,16,18.0,health_check,True,True,False,False,0.0,13.383813311350282,3.1081166666666675,8698.0
1653,01653_049_SN16_15bars_health_check.csv,49,16,15.0,health_check,True,True,False,False,0.0,13.47274807968183,3.1334916666666675,8881.0
1654,01654_050_SN16_12bars_health_check.csv,50,16,12.0,health_check,True,True,False,False,0.0,13.546548430296736,3.158866666666668,9064.0
1655,01655_051_SN16_9bars_health_check.csv,51,16,9.0,health_check,True,True,False,False,0.0,13.60651123970242,3.1842416666666677,9247.0
1657,01657_053_SN16_15bars_ramp2.csv,53,16,15.0,ramp2,True,True,False,False,0.0,13.726853725144403,3.234894444444445,9612.0
1658,01658_054_SN16_15bars_ramp3.csv,54,16,15.0,ramp3,True,True,False,False,0.0,13.742169918230877,3.2401722222222227,9650.0
1659,01659_055_SN16_15bars_ramp4.csv,55,16,15.0,ramp4,True,True,False,False,0.0,13.83545739822231,3.270727777777778,9669.0
1660,01660_056_SN16_15bars_onmod.csv,56,16,15.0,onmod,True,False,False,False,0.0,14.178795980609076,3.3837833333333336,9742.0
1661,01661_057_SN16_15bars_offmod.csv,57,16,15.0,offmod,True,True,False,False,0.0,14.240870251034078,3.4057861111111114,10542.0
1662,01662_058_SN16_15bars_random_short.csv,58,16,15.0,random_short,True,True,False,False,0.0,14.8524436054614,3.616897222222223,11342.0
1663,01663_059_SN16_15bars_random_long.csv,59,16,15.0,random_long,True,True,False,False,0.0,14.967247997921737,3.657886111111112,11642.0
1664,01664_060_SN16_15bars_random_mixed.csv,60,16,15.0,random_mixed,True,True,False,False,0.0,15.393685870798336,3.801219444444445,11743.0
1665,01665_061_SN16_12bars_ramp1.csv,61,16,12.0,ramp1,True,True,False,False,0.0,15.49068406523179,3.834536111111112,11843.0
1666,01666_062_SN16_12bars_ramp2.csv,62,16,12.0,ramp2,True,True,False,False,0.0,15.548261749378309,3.8598138888888895,12025.0
1667,01667_063_SN16_12bars_ramp3.csv,63,16,12.0,ramp3,True,True,False,False,0.0,15.56040131139949,3.8650916666666673,12063.0
1668,01668_064_SN16_12bars_ramp4.csv,64,16,12.0,ramp4,True,True,False,False,0.0,15.634068268805892,3.895647222222223,12082.0
1670,01670_066_SN16_12bars_offmod.csv,66,16,12.0,offmod,True,True,False,False,0.0,15.95477357011772,4.0305694444444455,12955.0
1671,01671_067_SN16_12bars_random_short.csv,67,16,12.0,random_short,True,True,False,False,0.0,16.4386038338326,4.241680555555557,13755.0
1672,01672_068_SN16_12bars_random_long.csv,68,16,12.0,random_long,True,True,False,False,0.0,16.52885267332881,4.282366666666668,14055.0
1673,01673_069_SN16_12bars_random_mixed.csv,69,16,12.0,random_mixed,True,True,False,False,0.0,16.87550190204693,4.429033333333335,14151.0
1674,01674_070_SN16_9bars_ramp1.csv,70,16,9.0,ramp1,True,True,False,False,0.0,16.943424902691522,4.45856388888889,14251.0
1675,01675_071_SN16_9bars_ramp2.csv,71,16,9.0,ramp2,True,True,False,False,0.0,16.987670948548004,4.4838416666666685,14433.0
1676,01676_072_SN16_9bars_ramp3.csv,72,16,9.0,ramp3,True,True,False,False,0.0,16.9969566649765,4.489119444444446,14471.0
1677,01677_073_SN16_9bars_ramp4.csv,73,16,9.0,ramp4,True,True,False,False,0.0,17.053757129680207,4.519675000000002,14490.0
1678,01678_074_SN16_9bars_onmod.csv,74,16,9.0,onmod,True,False,False,False,0.0,17.26347697240989,4.632730555555558,14563.0
1679,01679_075_SN16_9bars_offmod.csv,75,16,9.0,offmod,True,True,False,False,0.0,17.301593283772764,4.6547388888888905,15363.0
1680,01680_076_SN16_9bars_random_short.csv,76,16,9.0,random_short,True,True,False,False,0.0,17.674715197640715,4.865850000000002,16163.0
1681,01681_077_SN16_9bars_random_long.csv,77,16,9.0,random_long,True,True,False,False,0.0,17.7454063650047,4.907200000000002,16463.0
1682,01682_078_SN16_9bars_random_mixed.csv,78,16,9.0,random_mixed,True,True,False,False,0.0,17.993041335593816,5.042755555555558,16558.0
1683,01683_079_SN16_24bars_ssf.csv,79,16,24.0,ssf,True,True,False,False,0.0,18.05540176904772,5.077547222222225,16658.0
1684,01684_080_SN16_21bars_ssf.csv,80,16,21.0,ssf,True,True,False,False,0.0,18.437857077943548,5.160880555555558,16659.0
1685,01685_081_SN16_18bars_ssf.csv,81,16,18.0,ssf,True,True,False,False,0.0,18.76799301515493,5.244213888888891,16660.0
1686,01686_082_SN16_15bars_ssf.csv,82,16,15.0,ssf,True,True,False,False,0.0,19.048333991372992,5.327547222222224,16661.0
1687,01687_083_SN16_12bars_ssf.csv,83,16,12.0,ssf,True,True,False,False,0.0,19.28174502748752,5.410880555555557,16662.0
1688,01688_084_SN16_9bars_ssf.csv,84,16,9.0,ssf,True,True,False,False,0.0,19.47147326109802,5.49421388888889,16663.0
1690,01690_086_SN16_21bars_health_check.csv,86,16,21.0,health_check,True,True,False,False,0.0,19.73033427208591,5.602922222222223,16847.0
1691,01691_087_SN16_18bars_health_check.csv,87,16,18.0,health_check,True,True,False,False,0.0,19.82481065832197,5.628297222222224,17030.0
1692,01692_088_SN16_15bars_health_check.csv,88,16,15.0,health_check,True,True,False,False,0.0,19.90498647330684,5.653672222222224,17213.0
1694,01694_090_SN16_9bars_health_check.csv,90,16,9.0,health_check,True,True,False,False,0.0,20.025722429114605,5.704422222222225,17579.0
1695,01695_091_SN16_7bars_ssf.csv,91,16,7.0,ssf,True,True,False,False,0.0,20.06845763200617,5.729797222222225,17762.0
1696,01696_092_SN16_5bars_ssf.csv,92,16,5.0,ssf,True,True,False,False,0.0,20.193287678392903,5.813130555555558,17763.0
1697,01697_093_SN16_7bars_health_check.csv,93,16,7.0,health_check,True,True,False,False,0.0,20.297057866728057,5.896463888888891,17764.0
1699,01699_095_SN16_7bars_ramp1.csv,95,16,7.0,ramp1,True,True,False,False,0.0,20.362587370904432,5.947213888888892,18130.0
1700,01700_096_SN16_7bars_ramp2.csv,96,16,7.0,ramp2,True,True,False,False,0.0,20.397812087281995,5.97249166666667,18312.0
1701,01701_097_SN16_7bars_ramp3.csv,97,16,7.0,ramp3,True,True,False,False,0.0,20.405234578116563,5.977769444444448,18350.0
1702,01702_098_SN16_7bars_ramp4.csv,98,16,7.0,ramp4,True,True,False,False,0.0,20.450747745623232,6.008325000000004,18369.0
1705,01705_101_SN16_7bars_random_short.csv,101,16,7.0,random_short,True,True,False,False,0.0,20.89048981514092,6.354269444444448,20042.0
1706,01706_102_SN16_7bars_random_long.csv,102,16,7.0,random_long,True,True,False,False,0.0,20.9450010435106,6.394108333333337,20342.0
1708,01708_104_SN16_5bars_ramp1.csv,104,16,5.0,ramp1,True,True,False,False,0.0,21.200027391930107,6.569036111111115,20548.0
1709,01709_105_SN16_5bars_ramp2.csv,105,16,5.0,ramp2,True,True,False,False,0.0,21.22868356956677,6.594313888888893,20730.0
1711,01711_107_SN16_5bars_ramp4.csv,107,16,5.0,ramp4,True,True,False,False,0.0,21.280707245572017,6.630147222222226,20787.0
1712,01712_108_SN16_5bars_onmod.csv,108,16,5.0,onmod,True,False,False,False,0.0,21.41719498381389,6.743202777777782,20860.0
1713,01713_109_SN16_5bars_offmod.csv,109,16,5.0,offmod,True,True,False,False,0.0,21.443006848555537,6.765688888888893,21660.0
1715,01715_111_SN16_5bars_random_long.csv,111,16,5.0,random_long,True,True,False,False,0.0,21.729266443802956,7.016875000000004,22760.0
1716,01716_112_SN16_5bars_random_mixed.csv,112,16,5.0,random_mixed,True,True,False,False,0.0,21.89055112875575,7.157152777777782,22853.0
1717,01717_001_SN17_24bars_ssf.csv,1,17,24.0,ssf,True,True,False,False,0.0,0.0,0.0,0.0
1718,01718_002_SN17_21bars_ssf.csv,2,17,21.0,ssf,True,True,False,False,0.0,0.482976837277063,0.0833333333333333,1.0
1719,01719_003_SN17_18bars_ssf.csv,3,17,18.0,ssf,True,True,False,False,0.0,0.8976280768136243,0.1666666666666666,2.0
1720,01720_004_SN17_15bars_ssf.csv,4,17,15.0,ssf,True,True,False,False,0.0,1.2478283548167866,0.25,3.0
1721,01721_005_SN17_12bars_ssf.csv,5,17,12.0,ssf,True,True,False,False,0.0,1.5373548050200847,0.3333333333333333,4.0
1722,01722_006_SN17_9bars_ssf.csv,6,17,9.0,ssf,True,True,False,False,0.0,1.7705895207768445,0.4166666666666666,5.0
1723,01723_007_SN17_24bars_health_check.csv,7,17,24.0,health_check,True,True,False,False,0.0,1.952510738507068,0.4999999999999999,6.0
1724,01724_008_SN17_21bars_health_check.csv,8,17,21.0,health_check,True,True,False,False,0.0,2.090148591912372,0.5253749999999999,189.0
1725,01725_009_SN17_18bars_health_check.csv,9,17,18.0,health_check,True,True,False,False,0.0,2.2085793429603693,0.55075,372.0
1726,01726_010_SN17_15bars_health_check.csv,10,17,15.0,health_check,True,True,False,False,0.0,2.30832867942614,0.576125,555.0
1727,01727_011_SN17_12bars_health_check.csv,11,17,12.0,health_check,True,True,False,False,0.0,2.3908958560309843,0.6015,738.0
1728,01728_012_SN17_9bars_health_check.csv,12,17,9.0,health_check,True,True,False,False,0.0,2.4571639746767797,0.6268750000000001,921.0
1729,01729_013_SN17_24bars_ramp1.csv,13,17,24.0,ramp1,True,True,False,False,0.0,2.5087736594581123,0.6522500000000001,1104.0
1730,01730_014_SN17_24bars_ramp2.csv,14,17,24.0,ramp2,True,True,False,False,0.0,2.644415649738074,0.6775277777777778,1286.0
1731,01731_015_SN17_24bars_ramp3.csv,15,17,24.0,ramp3,True,True,False,False,0.0,2.672871260730698,0.6828055555555557,1324.0
1732,01732_016_SN17_24bars_ramp4.csv,16,17,24.0,ramp4,True,True,False,False,0.0,2.844045672653904,0.7133611111111112,1343.0
1733,01733_017_SN17_24bars_onmod.csv,17,17,24.0,onmod,True,True,False,False,0.0,3.474631721761413,0.8264166666666668,1416.0
1734,01734_018_SN17_24bars_offmod.csv,18,17,24.0,offmod,True,True,False,False,0.0,3.5865799152326026,0.8482222222222223,2216.0
1735,01735_019_SN17_24bars_random_short.csv,19,17,24.0,random_short,True,True,False,False,0.0,4.711518708643935,1.0593333333333337,3016.0
1736,01736_020_SN17_24bars_random_long.csv,20,17,24.0,random_long,True,True,False,False,0.0,4.918336410922021,1.0995138888888891,3316.0
1738,01738_022_SN17_21bars_ramp1.csv,22,17,21.0,ramp1,True,True,False,False,0.0,6.051041225605522,1.3100611111111111,3512.0
1739,01739_023_SN17_21bars_ramp2.csv,23,17,21.0,ramp2,True,True,False,False,0.0,6.16231429234577,1.335338888888889,3694.0
1740,01740_024_SN17_21bars_ramp3.csv,24,17,21.0,ramp3,True,True,False,False,0.0,6.185722537403628,1.3406166666666668,3732.0
1741,01741_025_SN17_21bars_ramp4.csv,25,17,21.0,ramp4,True,True,False,False,0.0,6.326633320420443,1.3711722222222222,3751.0
1742,01742_026_SN17_21bars_onmod.csv,26,17,21.0,onmod,True,False,False,False,0.0,6.845435564297395,1.4842277777777777,3824.0
1743,01743_027_SN17_21bars_offmod.csv,27,17,21.0,offmod,True,True,False,False,0.0,6.939701439040125,1.5065527777777776,4624.0
1745,01745_029_SN17_21bars_random_long.csv,29,17,21.0,random_long,True,True,False,False,0.0,8.036502613321346,1.7584027777777775,5724.0
1746,01746_030_SN17_21bars_random_mixed.csv,30,17,21.0,random_mixed,True,True,False,False,0.0,8.630882721449007,1.891458333333333,5819.0
1747,01747_031_SN17_18bars_ramp1.csv,31,17,18.0,ramp1,True,True,False,False,0.0,8.847788030700556,1.9407138888888888,5919.0
1748,01748_032_SN17_18bars_ramp2.csv,32,17,18.0,ramp2,True,True,False,False,0.0,8.938107092270549,1.9659916666666664,6101.0
1749,01749_033_SN17_18bars_ramp3.csv,33,17,18.0,ramp3,True,True,False,False,0.0,8.957089758790316,1.971269444444444,6139.0
1750,01750_034_SN17_18bars_ramp4.csv,34,17,18.0,ramp4,True,True,False,False,0.0,9.071794762897603,2.001825,6158.0
1751,01751_035_SN17_18bars_onmod.csv,35,17,18.0,onmod,True,False,False,False,0.0,9.494506812220308,2.114880555555555,6231.0
1752,01752_036_SN17_18bars_offmod.csv,36,17,18.0,offmod,True,True,False,False,0.0,9.569171543019635,2.1367416666666665,7031.0
1753,01753_037_SN17_18bars_random_short.csv,37,17,18.0,random_short,True,True,False,False,0.0,10.323774519321752,2.347852777777778,7831.0
1754,01754_038_SN17_18bars_random_long.csv,38,17,18.0,random_long,True,True,False,False,0.0,10.462254661434358,2.388025,8131.0
1755,01755_039_SN17_18bars_random_mixed.csv,39,17,18.0,random_mixed,True,True,False,False,0.0,10.912225408805917,2.5113583333333334,8226.0
1756,01756_040_SN17_24bars_ssf.csv,40,17,24.0,ssf,True,True,False,False,0.0,11.077948919513556,2.557366666666667,8326.0
1757,01757_041_SN17_21bars_ssf.csv,41,17,21.0,ssf,True,True,False,False,0.0,11.492183073558,2.6407000000000003,8327.0
1758,01758_042_SN17_18bars_ssf.csv,42,17,18.0,ssf,True,True,False,False,0.0,11.848093722292395,2.7240333333333338,8328.0
1759,01759_043_SN17_15bars_ssf.csv,43,17,15.0,ssf,True,True,False,False,0.0,12.148761502275812,2.8073666666666672,8329.0
1760,01760_044_SN17_12bars_ssf.csv,44,17,12.0,ssf,True,True,False,False,0.0,12.397587204215949,2.8907000000000007,8330.0
1761,01761_045_SN17_9bars_ssf.csv,45,17,9.0,ssf,True,True,False,False,0.0,12.59809613120864,2.974033333333334,8331.0
1762,01762_046_SN17_24bars_health_check.csv,46,17,24.0,health_check,True,True,False,False,0.0,12.754433724183215,3.057366666666668,8332.0
1763,01763_047_SN17_21bars_health_check.csv,47,17,21.0,health_check,True,True,False,False,0.0,12.87270775077079,3.082741666666668,8515.0
1764,01764_048_SN17_18bars_health_check.csv,48,17,18.0,health_check,True,True,False,False,0.0,12.97424383119149,3.1081166666666675,8698.0
1765,01765_049_SN17_15bars_health_check.csv,49,17,15.0,health_check,True,True,False,False,0.0,13.059858695027424,3.1334916666666675,8881.0
1766,01766_050_SN17_12bars_health_check.csv,50,17,12.0,health_check,True,True,False,False,0.0,13.130616636510029,3.158866666666668,9064.0
1767,01767_051_SN17_9bars_health_check.csv,51,17,9.0,health_check,True,True,False,False,0.0,13.187689761434685,3.1842416666666677,9247.0
1768,01768_052_SN17_15bars_ramp1.csv,52,17,15.0,ramp1,True,True,False,False,0.0,13.232115276968512,3.2096166666666672,9430.0
1769,01769_053_SN17_15bars_ramp2.csv,53,17,15.0,ramp2,True,True,False,False,0.0,13.302394098731172,3.234894444444445,9612.0
1770,01770_054_SN17_15bars_ramp3.csv,54,17,15.0,ramp3,True,True,False,False,0.0,13.317121746554736,3.2401722222222227,9650.0
1771,01771_055_SN17_15bars_ramp4.csv,55,17,15.0,ramp4,True,True,False,False,0.0,13.406607892796892,3.270727777777778,9669.0
1772,01772_056_SN17_15bars_onmod.csv,56,17,15.0,onmod,True,False,False,False,0.0,13.7364287801402,3.3837833333333336,9742.0
1773,01773_057_SN17_15bars_offmod.csv,57,17,15.0,offmod,True,True,False,False,0.0,13.79476632780142,3.4057861111111114,10542.0
1774,01774_058_SN17_15bars_random_short.csv,58,17,15.0,random_short,True,True,False,False,0.0,14.381804447364027,3.616897222222223,11342.0
1775,01775_059_SN17_15bars_random_long.csv,59,17,15.0,random_long,True,True,False,False,0.0,14.49199550730775,3.657886111111112,11642.0
1776,01776_060_SN17_15bars_random_mixed.csv,60,17,15.0,random_mixed,True,True,False,False,0.0,14.901653786137627,3.801219444444445,11743.0
1777,01777_061_SN17_12bars_ramp1.csv,61,17,12.0,ramp1,True,True,False,False,0.0,14.994743337560234,3.834536111111112,11843.0
1778,01778_062_SN17_12bars_ramp2.csv,62,17,12.0,ramp2,True,True,False,False,0.0,15.049587599892249,3.8598138888888895,12025.0
1779,01779_063_SN17_12bars_ramp3.csv,63,17,12.0,ramp3,True,True,False,False,0.0,15.06116103835298,3.8650916666666673,12063.0
1780,01780_064_SN17_12bars_ramp4.csv,64,17,12.0,ramp4,True,True,False,False,0.0,15.131364985229334,3.895647222222223,12082.0
1781,01781_065_SN17_12bars_onmod.csv,65,17,12.0,onmod,True,False,False,False,0.0,15.390098263632837,4.008702777777779,12155.0
1782,01782_066_SN17_12bars_offmod.csv,66,17,12.0,offmod,True,True,False,False,0.0,15.4357250831681,4.0305694444444455,12955.0
1783,01783_067_SN17_12bars_random_short.csv,67,17,12.0,random_short,True,True,False,False,0.0,15.896312242072094,4.241680555555557,13755.0
1784,01784_068_SN17_12bars_random_long.csv,68,17,12.0,random_long,True,True,False,False,0.0,15.982126748692323,4.282366666666668,14055.0
1786,01786_070_SN17_9bars_ramp1.csv,70,17,9.0,ramp1,True,True,False,False,0.0,16.376545610249153,4.45856388888889,14251.0
1787,01787_071_SN17_9bars_ramp2.csv,71,17,9.0,ramp2,True,True,False,False,0.0,16.41815687174108,4.4838416666666685,14433.0
1788,01788_072_SN17_9bars_ramp3.csv,72,17,9.0,ramp3,True,True,False,False,0.0,16.426925163217057,4.489119444444446,14471.0
1789,01789_073_SN17_9bars_ramp4.csv,73,17,9.0,ramp4,True,True,False,False,0.0,16.480409426614724,4.519675000000002,14490.0
1791,01791_075_SN17_9bars_offmod.csv,75,17,9.0,offmod,True,True,False,False,0.0,16.712699111168096,4.6547388888888905,15363.0
1792,01792_076_SN17_9bars_random_short.csv,76,17,9.0,random_short,True,True,False,False,0.0,17.063128991607055,4.865850000000002,16163.0
1793,01793_077_SN17_9bars_random_long.csv,77,17,9.0,random_long,True,True,False,False,0.0,17.12946559377645,4.907200000000002,16463.0
1794,01794_078_SN17_9bars_random_mixed.csv,78,17,9.0,random_mixed,True,True,False,False,0.0,17.3627065343249,5.042755555555558,16558.0
1795,01795_079_SN17_24bars_ssf.csv,79,17,24.0,ssf,True,True,False,False,0.0,17.42126194095771,5.077547222222225,16658.0
1797,01797_081_SN17_18bars_ssf.csv,81,17,18.0,ssf,True,True,False,False,0.0,18.115927535419573,5.244213888888891,16660.0
1798,01798_082_SN17_15bars_ssf.csv,82,17,15.0,ssf,True,True,False,False,0.0,18.387252230805647,5.327547222222224,16661.0
1800,01800_084_SN17_9bars_ssf.csv,84,17,9.0,ssf,True,True,False,False,0.0,18.792531704496465,5.49421388888889,16663.0
1801,01801_085_SN17_24bars_health_check.csv,85,17,24.0,health_check,True,True,False,False,0.0,18.933651914214614,5.577547222222223,16664.0
1802,01802_086_SN17_21bars_health_check.csv,86,17,21.0,health_check,True,True,False,False,0.0,19.04030398974825,5.602922222222223,16847.0
1805,01805_089_SN17_12bars_health_check.csv,89,17,12.0,health_check,True,True,False,False,0.0,19.235423105896466,5.679047222222224,17396.0
1806,01806_090_SN17_9bars_health_check.csv,90,17,9.0,health_check,True,True,False,False,0.0,19.286823652574384,5.704422222222225,17579.0
1809,01809_093_SN17_7bars_health_check.csv,93,17,7.0,health_check,True,True,False,False,0.0,19.522274630028203,5.896463888888891,17764.0
1810,01810_094_SN17_5bars_health_check.csv,94,17,5.0,health_check,True,True,False,False,0.0,19.555398949148906,5.921838888888892,17947.0
1811,01811_095_SN17_7bars_ramp1.csv,95,17,7.0,ramp1,True,True,False,False,0.0,19.58244242362588,5.947213888888892,18130.0
1813,01813_097_SN17_7bars_ramp3.csv,97,17,7.0,ramp3,True,True,False,False,0.0,19.622042000201443,5.977769444444448,18350.0
1814,01814_098_SN17_7bars_ramp4.csv,98,17,7.0,ramp4,True,True,False,False,0.0,19.66429716102189,6.008325000000004,18369.0
1815,01815_099_SN17_7bars_onmod.csv,99,17,7.0,onmod,True,False,False,False,0.0,19.82017763748657,6.121380555555559,18442.0
1816,01816_100_SN17_7bars_offmod.csv,100,17,7.0,offmod,True,True,False,False,0.0,19.847988933251408,6.143158333333337,19242.0
1817,01817_101_SN17_7bars_random_short.csv,101,17,7.0,random_short,True,True,False,False,0.0,20.124547905874834,6.354269444444448,20042.0
1819,01819_103_SN17_7bars_random_mixed.csv,103,17,7.0,random_mixed,True,True,False,False,0.0,20.373071455880385,6.537441666666671,20448.0
1820,01820_104_SN17_5bars_ramp1.csv,104,17,5.0,ramp1,True,True,False,False,0.0,20.41487945287881,6.569036111111115,20548.0
1821,01821_105_SN17_5bars_ramp2.csv,105,17,5.0,ramp2,True,True,False,False,0.0,20.440864508331188,6.594313888888893,20730.0
1822,01822_106_SN17_5bars_ramp3.csv,106,17,5.0,ramp3,True,True,False,False,0.0,20.44635680437788,6.599591666666671,20768.0
1823,01823_107_SN17_5bars_ramp4.csv,107,17,5.0,ramp4,True,True,False,False,0.0,20.480354019981142,6.630147222222226,20787.0
1824,01824_108_SN17_5bars_onmod.csv,108,17,5.0,onmod,True,False,False,False,0.0,20.60559737534823,6.743202777777782,20860.0
1825,01825_109_SN17_5bars_offmod.csv,109,17,5.0,offmod,True,True,False,False,0.0,20.62888376173229,6.765688888888893,21660.0
1826,01826_110_SN17_5bars_random_short.csv,110,17,5.0,random_short,True,True,False,False,0.0,20.850244889703283,6.976800000000004,22460.0
1827,01827_111_SN17_5bars_random_long.csv,111,17,5.0,random_long,True,True,False,False,0.0,20.89086180601029,7.016875000000004,22760.0
1828,01828_112_SN17_5bars_random_mixed.csv,112,17,5.0,random_mixed,True,True,False,False,0.0,21.04423393784105,7.157152777777782,22853.0
1829,01829_001_SN18_24bars_ssf.csv,1,18,24.0,ssf,True,True,False,False,0.0,0.0,0.0,0.0
1830,01830_002_SN18_21bars_ssf.csv,2,18,21.0,ssf,True,True,False,False,0.0,0.5142107626197104,0.0833333333333333,1.0
1831,01831_003_SN18_18bars_ssf.csv,3,18,18.0,ssf,True,True,False,False,0.0,0.956592234609017,0.1666666666666666,2.0
1832,01832_004_SN18_15bars_ssf.csv,4,18,15.0,ssf,True,True,False,False,0.0,1.3309741994859692,0.25,3.0
1833,01833_005_SN18_12bars_ssf.csv,5,18,12.0,ssf,True,True,False,False,0.0,1.6416169062558723,0.3333333333333333,4.0
1834,01834_006_SN18_9bars_ssf.csv,6,18,9.0,ssf,True,True,False,False,0.0,1.8930115044072549,0.4166666666666666,5.0
1835,01835_007_SN18_24bars_health_check.csv,7,18,24.0,health_check,True,True,False,False,0.0,2.0905981987545355,0.4999999999999999,6.0
1836,01836_008_SN18_21bars_health_check.csv,8,18,21.0,health_check,True,True,False,False,0.0,2.237021598895909,0.5253749999999999,189.0
1837,01837_009_SN18_18bars_health_check.csv,9,18,18.0,health_check,True,True,False,False,0.0,2.3632169565884387,0.55075,372.0
1838,01838_010_SN18_15bars_health_check.csv,10,18,15.0,health_check,True,True,False,False,0.0,2.470165019242267,0.576125,555.0
1839,01839_011_SN18_12bars_health_check.csv,11,18,12.0,health_check,True,True,False,False,0.0,2.558577495794823,0.6015,738.0
1840,01840_012_SN18_9bars_health_check.csv,12,18,9.0,health_check,True,True,False,False,0.0,2.629904324003194,0.6268750000000001,921.0
1841,01841_013_SN18_24bars_ramp1.csv,13,18,24.0,ramp1,True,True,False,False,0.0,2.6858508155632888,0.6522500000000001,1104.0
1842,01842_014_SN18_24bars_ramp2.csv,14,18,24.0,ramp2,True,True,False,False,0.0,2.83012219477289,0.6775277777777778,1286.0
1843,01843_015_SN18_24bars_ramp3.csv,15,18,24.0,ramp3,True,True,False,False,0.0,2.8604464015397397,0.6828055555555557,1324.0
1844,01844_016_SN18_24bars_ramp4.csv,16,18,24.0,ramp4,True,True,False,False,0.0,3.042747194247929,0.7133611111111112,1343.0
1845,01845_017_SN18_24bars_onmod.csv,17,18,24.0,onmod,True,True,False,False,0.0,3.7133128607732138,0.8264166666666668,1416.0
1846,01846_018_SN18_24bars_offmod.csv,18,18,24.0,offmod,True,True,False,False,0.0,3.832255742487167,0.8482222222222223,2216.0
1847,01847_019_SN18_24bars_random_short.csv,19,18,24.0,random_short,True,True,False,False,0.0,5.02851201145882,1.0593333333333337,3016.0
1848,01848_020_SN18_24bars_random_long.csv,20,18,24.0,random_long,True,True,False,False,0.0,5.248132261226251,1.0995138888888891,3316.0
1850,01850_022_SN18_21bars_ramp1.csv,22,18,21.0,ramp1,True,True,False,False,0.0,6.451193074534342,1.3100611111111111,3512.0
1851,01851_023_SN18_21bars_ramp2.csv,23,18,21.0,ramp2,True,True,False,False,0.0,6.569697744441838,1.335338888888889,3694.0
1852,01852_024_SN18_21bars_ramp3.csv,24,18,21.0,ramp3,True,True,False,False,0.0,6.5944030720642095,1.3406166666666668,3732.0
1853,01853_025_SN18_21bars_ramp4.csv,25,18,21.0,ramp4,True,True,False,False,0.0,6.744205621548795,1.3711722222222222,3751.0
1854,01854_026_SN18_21bars_onmod.csv,26,18,21.0,onmod,True,False,False,False,0.0,7.295940844468975,1.4842277777777777,3824.0
1855,01855_027_SN18_21bars_offmod.csv,27,18,21.0,offmod,True,True,False,False,0.0,7.395973861590449,1.5065527777777776,4624.0
1856,01856_028_SN18_21bars_random_short.csv,28,18,21.0,random_short,True,True,False,False,0.0,8.379377346168656,1.7176638888888889,5424.0
1857,01857_029_SN18_21bars_random_long.csv,29,18,21.0,random_long,True,True,False,False,0.0,8.562946946253573,1.7584027777777775,5724.0
1858,01858_030_SN18_21bars_random_mixed.csv,30,18,21.0,random_mixed,True,True,False,False,0.0,9.19447603886858,1.891458333333333,5819.0
1859,01859_031_SN18_18bars_ramp1.csv,31,18,18.0,ramp1,True,True,False,False,0.0,9.424731588930957,1.9407138888888888,5919.0
1860,01860_032_SN18_18bars_ramp2.csv,32,18,18.0,ramp2,True,True,False,False,0.0,9.521057702629832,1.9659916666666664,6101.0
1861,01861_033_SN18_18bars_ramp3.csv,33,18,18.0,ramp3,True,True,False,False,0.0,9.541213524285808,1.971269444444444,6139.0
1862,01862_034_SN18_18bars_ramp4.csv,34,18,18.0,ramp4,True,True,False,False,0.0,9.66354383572608,2.001825,6158.0
1863,01863_035_SN18_18bars_onmod.csv,35,18,18.0,onmod,True,False,False,False,0.0,10.114018151939488,2.114880555555555,6231.0
1864,01864_036_SN18_18bars_offmod.csv,36,18,18.0,offmod,True,True,False,False,0.0,10.193512461644804,2.1367416666666665,7031.0
1865,01865_037_SN18_18bars_random_short.csv,37,18,18.0,random_short,True,True,False,False,0.0,10.997832469684235,2.347852777777778,7831.0
1866,01866_038_SN18_18bars_random_long.csv,38,18,18.0,random_long,True,True,False,False,0.0,11.14547553317588,2.388025,8131.0
1867,01867_039_SN18_18bars_random_mixed.csv,39,18,18.0,random_mixed,True,True,False,False,0.0,11.624909112879704,2.5113583333333334,8226.0
1868,01868_040_SN18_24bars_ssf.csv,40,18,24.0,ssf,True,True,False,False,0.0,11.80135401156058,2.557366666666667,8326.0
1869,01869_041_SN18_21bars_ssf.csv,41,18,21.0,ssf,True,True,False,False,0.0,12.240574707724264,2.6407000000000003,8327.0
1870,01870_042_SN18_18bars_ssf.csv,42,18,18.0,ssf,True,True,False,False,0.0,12.61873830165811,2.7240333333333338,8328.0
1871,01871_043_SN18_15bars_ssf.csv,43,18,15.0,ssf,True,True,False,False,0.0,12.938941428417758,2.8073666666666672,8329.0
1872,01872_044_SN18_12bars_ssf.csv,44,18,12.0,ssf,True,True,False,False,0.0,13.204660848601934,2.8907000000000007,8330.0
1873,01873_045_SN18_9bars_ssf.csv,45,18,9.0,ssf,True,True,False,False,0.0,13.419864673098346,2.974033333333334,8331.0
1875,01875_047_SN18_21bars_health_check.csv,47,18,21.0,health_check,True,True,False,False,0.0,13.722227466541993,3.082741666666668,8515.0
1876,01876_048_SN18_18bars_health_check.csv,48,18,18.0,health_check,True,True,False,False,0.0,13.83010532769575,3.1081166666666675,8698.0
1877,01877_049_SN18_15bars_health_check.csv,49,18,15.0,health_check,True,True,False,False,0.0,13.921283470352796,3.1334916666666675,8881.0
1878,01878_050_SN18_12bars_health_check.csv,50,18,12.0,health_check,True,True,False,False,0.0,13.99682203495492,3.158866666666668,9064.0
1879,01879_051_SN18_9bars_health_check.csv,51,18,9.0,health_check,True,True,False,False,0.0,14.05771691900976,3.1842416666666677,9247.0
1880,01880_052_SN18_15bars_ramp1.csv,52,18,15.0,ramp1,True,True,False,False,0.0,14.105735341969902,3.2096166666666672,9430.0
1881,01881_053_SN18_15bars_ramp2.csv,53,18,15.0,ramp2,True,True,False,False,0.0,14.18068972232459,3.234894444444445,9612.0
1882,01882_054_SN18_15bars_ramp3.csv,54,18,15.0,ramp3,True,True,False,False,0.0,14.196369250535046,3.2401722222222227,9650.0
1883,01883_055_SN18_15bars_ramp4.csv,55,18,15.0,ramp4,True,True,False,False,0.0,14.29196395934578,3.270727777777778,9669.0
1886,01886_058_SN18_15bars_random_short.csv,58,18,15.0,random_short,True,True,False,False,0.0,15.33381673138317,3.616897222222223,11342.0
1887,01887_059_SN18_15bars_random_long.csv,59,18,15.0,random_long,True,True,False,False,0.0,15.451486440314545,3.657886111111112,11642.0
1888,01888_060_SN18_15bars_random_mixed.csv,60,18,15.0,random_mixed,True,True,False,False,0.0,15.88873737202061,3.801219444444445,11743.0
1889,01889_061_SN18_12bars_ramp1.csv,61,18,12.0,ramp1,True,True,False,False,0.0,15.988003433657816,3.834536111111112,11843.0
1890,01890_062_SN18_12bars_ramp2.csv,62,18,12.0,ramp2,True,True,False,False,0.0,16.04683587835106,3.8598138888888895,12025.0
1891,01891_063_SN18_12bars_ramp3.csv,63,18,12.0,ramp3,True,True,False,False,0.0,16.059229150445713,3.8650916666666673,12063.0
1892,01892_064_SN18_12bars_ramp4.csv,64,18,12.0,ramp4,True,True,False,False,0.0,16.13448872037249,3.895647222222223,12082.0
1894,01894_066_SN18_12bars_offmod.csv,66,18,12.0,offmod,True,True,False,False,0.0,16.460819819788178,4.0305694444444455,12955.0
1895,01895_067_SN18_12bars_random_short.csv,67,18,12.0,random_short,True,True,False,False,0.0,16.954674538195047,4.241680555555557,13755.0
1896,01896_068_SN18_12bars_random_long.csv,68,18,12.0,random_long,True,True,False,False,0.0,17.046587127453606,4.282366666666668,14055.0
1897,01897_069_SN18_12bars_random_mixed.csv,69,18,12.0,random_mixed,True,True,False,False,0.0,17.40028652520386,4.429033333333335,14151.0
1898,01898_070_SN18_9bars_ramp1.csv,70,18,9.0,ramp1,True,True,False,False,0.0,17.469622431883913,4.45856388888889,14251.0
1899,01899_071_SN18_9bars_ramp2.csv,71,18,9.0,ramp2,True,True,False,False,0.0,17.514597544761994,4.4838416666666685,14433.0
1900,01900_072_SN18_9bars_ramp3.csv,72,18,9.0,ramp3,True,True,False,False,0.0,17.524004211666142,4.489119444444446,14471.0
1901,01901_073_SN18_9bars_ramp4.csv,73,18,9.0,ramp4,True,True,False,False,0.0,17.581736627447597,4.519675000000002,14490.0
1902,01902_074_SN18_9bars_onmod.csv,74,18,9.0,onmod,True,False,False,False,0.0,17.79468336610632,4.632730555555558,14563.0
1903,01903_075_SN18_9bars_offmod.csv,75,18,9.0,offmod,True,True,False,False,0.0,17.83243404295701,4.6547388888888905,15363.0
1904,01904_076_SN18_9bars_random_short.csv,76,18,9.0,random_short,True,True,False,False,0.0,18.210920572969982,4.865850000000002,16163.0
1905,01905_077_SN18_9bars_random_long.csv,77,18,9.0,random_long,True,True,False,False,0.0,18.282493133113498,4.907200000000002,16463.0
1906,01906_078_SN18_9bars_random_mixed.csv,78,18,9.0,random_mixed,True,True,False,False,0.0,18.533879387390453,5.042755555555558,16558.0
1907,01907_079_SN18_24bars_ssf.csv,79,18,24.0,ssf,True,True,False,False,0.0,18.59704343951061,5.077547222222225,16658.0
1908,01908_080_SN18_21bars_ssf.csv,80,18,21.0,ssf,True,True,False,False,0.0,18.991951518803475,5.160880555555558,16659.0
1909,01909_081_SN18_18bars_ssf.csv,81,18,18.0,ssf,True,True,False,False,0.0,19.33207761076816,5.244213888888891,16660.0
1910,01910_082_SN18_15bars_ssf.csv,82,18,15.0,ssf,True,True,False,False,0.0,19.620148570089587,5.327547222222224,16661.0
1912,01912_084_SN18_9bars_ssf.csv,84,18,9.0,ssf,True,True,False,False,0.0,20.05318098550368,5.49421388888889,16663.0
1915,01915_087_SN18_18bars_health_check.csv,87,18,18.0,health_check,True,True,False,False,0.0,20.35623055253749,5.628297222222224,17030.0
1916,01916_088_SN18_15bars_health_check.csv,88,18,15.0,health_check,True,True,False,False,0.0,20.43850380705489,5.653672222222224,17213.0
1917,01917_089_SN18_12bars_health_check.csv,89,18,12.0,health_check,True,True,False,False,0.0,20.50637692038949,5.679047222222224,17396.0
1918,01918_090_SN18_9bars_health_check.csv,90,18,9.0,health_check,True,True,False,False,0.0,20.561351126912584,5.704422222222225,17579.0
1919,01919_091_SN18_7bars_ssf.csv,91,18,7.0,ssf,True,True,False,False,0.0,20.60450273168549,5.729797222222225,17762.0
1920,01920_092_SN18_5bars_ssf.csv,92,18,5.0,ssf,True,True,False,False,0.0,20.730653969676094,5.813130555555558,17763.0
1921,01921_093_SN18_7bars_health_check.csv,93,18,7.0,health_check,True,True,False,False,0.0,20.83491189785256,5.896463888888891,17764.0
1923,01923_095_SN18_7bars_ramp1.csv,95,18,7.0,ramp1,True,True,False,False,0.0,20.900482804877957,5.947213888888892,18130.0
1924,01924_096_SN18_7bars_ramp2.csv,96,18,7.0,ramp2,True,True,False,False,0.0,20.93606266683072,5.97249166666667,18312.0
1925,01925_097_SN18_7bars_ramp3.csv,97,18,7.0,ramp3,True,True,False,False,0.0,20.943539319570316,5.977769444444448,18350.0
1926,01926_098_SN18_7bars_ramp4.csv,98,18,7.0,ramp4,True,True,False,False,0.0,20.989394207177725,6.008325000000004,18369.0
1927,01927_099_SN18_7bars_onmod.csv,99,18,7.0,onmod,True,False,False,False,0.0,21.15854044048717,6.121380555555559,18442.0
1928,01928_100_SN18_7bars_offmod.csv,100,18,7.0,offmod,True,True,False,False,0.0,21.188535742710098,6.143158333333337,19242.0
1929,01929_101_SN18_7bars_random_short.csv,101,18,7.0,random_short,True,True,False,False,0.0,21.488885364382263,6.354269444444448,20042.0
1930,01930_102_SN18_7bars_random_long.csv,102,18,7.0,random_long,True,True,False,False,0.0,21.54364895369783,6.394108333333337,20342.0
1931,01931_103_SN18_7bars_random_mixed.csv,103,18,7.0,random_mixed,True,True,False,False,0.0,21.75492572525156,6.537441666666671,20448.0
1932,01932_104_SN18_5bars_ramp1.csv,104,18,5.0,ramp1,True,True,False,False,0.0,21.80029446516,6.569036111111115,20548.0
1933,01933_105_SN18_5bars_ramp2.csv,105,18,5.0,ramp2,True,True,False,False,0.0,21.82891922313021,6.594313888888893,20730.0
1934,01934_106_SN18_5bars_ramp3.csv,106,18,5.0,ramp3,True,True,False,False,0.0,21.83496511819305,6.599591666666671,20768.0
1935,01935_107_SN18_5bars_ramp4.csv,107,18,5.0,ramp4,True,True,False,False,0.0,21.87213910679396,6.630147222222226,20787.0
1936,01936_108_SN18_5bars_onmod.csv,108,18,5.0,onmod,True,False,False,False,0.0,22.00931893458676,6.743202777777782,20860.0
1937,01937_109_SN18_5bars_offmod.csv,109,18,5.0,offmod,True,True,False,False,0.0,22.03456101236762,6.765688888888893,21660.0
1938,01938_110_SN18_5bars_random_short.csv,110,18,5.0,random_short,True,True,False,False,0.0,22.27697848600038,6.976800000000004,22460.0
1939,01939_111_SN18_5bars_random_long.csv,111,18,5.0,random_long,True,True,False,False,0.0,22.32150780079933,7.016875000000004,22760.0
1940,01940_112_SN18_5bars_random_mixed.csv,112,18,5.0,random_mixed,True,True,False,False,0.0,22.48967288450075,7.157152777777782,22853.0
1941,01941_001_SN19_24bars_ssf.csv,1,19,24.0,ssf,True,True,False,False,0.0,0.0,0.0,0.0
1942,01942_002_SN19_21bars_ssf.csv,2,19,21.0,ssf,True,True,False,False,0.0,0.4954105317258432,0.0833333333333333,1.0
1943,01943_003_SN19_18bars_ssf.csv,3,19,18.0,ssf,True,True,False,False,0.0,0.9218489970328398,0.1666666666666666,2.0
1944,01944_004_SN19_15bars_ssf.csv,4,19,15.0,ssf,True,True,False,False,0.0,1.2828167848681753,0.25,3.0
1945,01945_005_SN19_12bars_ssf.csv,5,19,12.0,ssf,True,True,False,False,0.0,1.5823258871521868,0.3333333333333333,4.0
1946,01946_006_SN19_9bars_ssf.csv,6,19,9.0,ssf,True,True,False,False,0.0,1.8246885355349955,0.4166666666666666,5.0
1947,01947_007_SN19_24bars_health_check.csv,7,19,24.0,health_check,True,True,False,False,0.0,2.015196318360503,0.4999999999999999,6.0
1948,01948_008_SN19_21bars_health_check.csv,8,19,21.0,health_check,True,True,False,False,0.0,2.157753581601085,0.5253749999999999,189.0
1949,01949_009_SN19_18bars_health_check.csv,9,19,18.0,health_check,True,True,False,False,0.0,2.280455522388311,0.55075,372.0
1950,01950_010_SN19_15bars_health_check.csv,10,19,15.0,health_check,True,True,False,False,0.0,2.384327463210845,0.576125,555.0
1951,01951_011_SN19_12bars_health_check.csv,11,19,12.0,health_check,True,True,False,False,0.0,2.4706526595174125,0.6015,738.0
1952,01952_012_SN19_9bars_health_check.csv,12,19,9.0,health_check,True,True,False,False,0.0,2.5405411941354883,0.6268750000000001,921.0
1953,01953_013_SN19_24bars_ramp1.csv,13,19,24.0,ramp1,True,True,False,False,0.0,2.595334085658462,0.6522500000000001,1104.0
1954,01954_014_SN19_24bars_ramp2.csv,14,19,24.0,ramp2,True,True,False,False,0.0,2.735443570362606,0.6775277777777778,1286.0
1955,01955_015_SN19_24bars_ramp3.csv,15,19,24.0,ramp3,True,True,False,False,0.0,2.7648051640944327,0.6828055555555557,1324.0
1956,01956_016_SN19_24bars_ramp4.csv,16,19,24.0,ramp4,True,True,False,False,0.0,2.9407934194697134,0.7133611111111112,1343.0
1957,01957_017_SN19_24bars_onmod.csv,17,19,24.0,onmod,True,True,False,False,0.0,3.5878909723105736,0.8264166666666668,1416.0
1958,01958_018_SN19_24bars_offmod.csv,18,19,24.0,offmod,True,True,False,False,0.0,3.7088929947446783,0.8482222222222223,2216.0
1959,01959_019_SN19_24bars_random_short.csv,19,19,24.0,random_short,True,True,False,False,0.0,4.868264697097195,1.0593333333333337,3016.0
1960,01960_020_SN19_24bars_random_long.csv,20,19,24.0,random_long,True,True,False,False,0.0,5.081604934443611,1.0995138888888891,3316.0
1961,01961_021_SN19_24bars_random_mixed.csv,21,19,24.0,random_mixed,True,True,False,False,0.0,6.032934643834928,1.2711805555555558,3412.0
1962,01962_022_SN19_21bars_ramp1.csv,22,19,21.0,ramp1,True,True,False,False,0.0,6.244835845934208,1.3100611111111111,3512.0
1963,01963_023_SN19_21bars_ramp2.csv,23,19,21.0,ramp2,True,True,False,False,0.0,6.359919692193899,1.335338888888889,3694.0
1964,01964_024_SN19_21bars_ramp3.csv,24,19,21.0,ramp3,True,True,False,False,0.0,6.383991952482061,1.3406166666666668,3732.0
1965,01965_025_SN19_21bars_ramp4.csv,25,19,21.0,ramp4,True,True,False,False,0.0,6.5287903153916025,1.3711722222222222,3751.0
1966,01966_026_SN19_21bars_onmod.csv,26,19,21.0,onmod,True,False,False,False,0.0,7.062307188328512,1.4842277777777777,3824.0
1967,01967_027_SN19_21bars_offmod.csv,27,19,21.0,offmod,True,True,False,False,0.0,7.163977055169842,1.5065527777777776,4624.0
1968,01968_028_SN19_21bars_random_short.csv,28,19,21.0,random_short,True,True,False,False,0.0,8.118209507831835,1.7176638888888889,5424.0
1969,01969_029_SN19_21bars_random_long.csv,29,19,21.0,random_long,True,True,False,False,0.0,8.297138497287277,1.7584027777777775,5724.0
1970,01970_030_SN19_21bars_random_mixed.csv,30,19,21.0,random_mixed,True,True,False,False,0.0,8.907784619328647,1.891458333333333,5819.0
1971,01971_031_SN19_18bars_ramp1.csv,31,19,18.0,ramp1,True,True,False,False,0.0,9.130869003395084,1.9407138888888888,5919.0
1972,01972_032_SN19_18bars_ramp2.csv,32,19,18.0,ramp2,True,True,False,False,0.0,9.224482962279064,1.9659916666666664,6101.0
1974,01974_034_SN19_18bars_ramp4.csv,34,19,18.0,ramp4,True,True,False,False,0.0,9.362347247269724,2.001825,6158.0
1975,01975_035_SN19_18bars_onmod.csv,35,19,18.0,onmod,True,False,False,False,0.0,9.798001853186692,2.114880555555555,6231.0
1976,01976_036_SN19_18bars_offmod.csv,36,19,18.0,offmod,True,True,False,False,0.0,9.878869519302548,2.1367416666666665,7031.0
1977,01977_037_SN19_18bars_random_short.csv,37,19,18.0,random_short,True,True,False,False,0.0,10.658527765908849,2.347852777777778,7831.0
1978,01978_038_SN19_18bars_random_long.csv,38,19,18.0,random_long,True,True,False,False,0.0,10.802243382961136,2.388025,8131.0
1979,01979_039_SN19_18bars_random_mixed.csv,39,19,18.0,random_mixed,True,True,False,False,0.0,11.266716772363589,2.5113583333333334,8226.0
1980,01980_040_SN19_24bars_ssf.csv,40,19,24.0,ssf,True,True,False,False,0.0,11.437645223567667,2.557366666666667,8326.0
1981,01981_041_SN19_21bars_ssf.csv,41,19,21.0,ssf,True,True,False,False,0.0,11.861721703194142,2.6407000000000003,8327.0
1982,01982_042_SN19_18bars_ssf.csv,42,19,18.0,ssf,True,True,False,False,0.0,12.22687204537818,2.7240333333333338,8328.0
1983,01983_043_SN19_15bars_ssf.csv,43,19,15.0,ssf,True,True,False,False,0.0,12.535984010768228,2.8073666666666672,8329.0
1984,01984_044_SN19_12bars_ssf.csv,44,19,12.0,ssf,True,True,False,False,0.0,12.792708768410446,2.8907000000000007,8330.0
1985,01985_045_SN19_9bars_ssf.csv,45,19,9.0,ssf,True,True,False,False,0.0,13.000497976189877,2.974033333333334,8331.0
1986,01986_046_SN19_24bars_health_check.csv,46,19,24.0,health_check,True,True,False,False,0.0,13.163834357591098,3.057366666666668,8332.0
1987,01987_047_SN19_21bars_health_check.csv,47,19,21.0,health_check,True,True,False,False,0.0,13.285814641503675,3.082741666666668,8515.0
1988,01988_048_SN19_18bars_health_check.csv,48,19,18.0,health_check,True,True,False,False,0.0,13.39099268097585,3.1081166666666675,8698.0
1989,01989_049_SN19_15bars_health_check.csv,49,19,15.0,health_check,True,True,False,False,0.0,13.480208349112708,3.1334916666666675,8881.0
1991,01991_051_SN19_9bars_health_check.csv,51,19,9.0,health_check,True,True,False,False,0.0,13.614062176791125,3.1842416666666677,9247.0
1992,01992_052_SN19_15bars_ramp1.csv,52,19,15.0,ramp1,True,True,False,False,0.0,13.66113387493776,3.2096166666666672,9430.0
1993,01993_053_SN19_15bars_ramp2.csv,53,19,15.0,ramp2,True,True,False,False,0.0,13.73396185590394,3.234894444444445,9612.0
1994,01994_054_SN19_15bars_ramp3.csv,54,19,15.0,ramp3,True,True,False,False,0.0,13.749227246832396,3.2401722222222227,9650.0
1995,01995_055_SN19_15bars_ramp4.csv,55,19,15.0,ramp4,True,True,False,False,0.0,13.841552398598855,3.270727777777778,9669.0
1996,01996_056_SN19_15bars_onmod.csv,56,19,15.0,onmod,True,False,False,False,0.0,14.182393791108405,3.3837833333333336,9742.0
1997,01997_057_SN19_15bars_offmod.csv,57,19,15.0,offmod,True,True,False,False,0.0,14.245731529244503,3.4057861111111114,10542.0
1998,01998_058_SN19_15bars_random_short.csv,58,19,15.0,random_short,True,True,False,False,0.0,14.854392544739628,3.616897222222223,11342.0
1999,01999_059_SN19_15bars_random_long.csv,59,19,15.0,random_long,True,True,False,False,0.0,14.96913009512679,3.657886111111112,11642.0
2000,02000_060_SN19_15bars_random_mixed.csv,60,19,15.0,random_mixed,True,True,False,False,0.0,15.392289071106836,3.801219444444445,11743.0
2001,02001_061_SN19_12bars_ramp1.csv,61,19,12.0,ramp1,True,True,False,False,0.0,15.488619813254015,3.834536111111112,11843.0
2002,02002_062_SN19_12bars_ramp2.csv,62,19,12.0,ramp2,True,True,False,False,0.0,15.545765673283077,3.8598138888888895,12025.0
2003,02003_063_SN19_12bars_ramp3.csv,63,19,12.0,ramp3,True,True,False,False,0.0,15.557777875006236,3.8650916666666673,12063.0
2004,02004_064_SN19_12bars_ramp4.csv,64,19,12.0,ramp4,True,True,False,False,0.0,15.6305938947612,3.895647222222223,12082.0
2007,02007_067_SN19_12bars_random_short.csv,67,19,12.0,random_short,True,True,False,False,0.0,16.428777666731012,4.241680555555557,13755.0
2009,02009_069_SN19_12bars_random_mixed.csv,69,19,12.0,random_mixed,True,True,False,False,0.0,16.86081325254106,4.429033333333335,14151.0
2010,02010_070_SN19_9bars_ramp1.csv,70,19,9.0,ramp1,True,True,False,False,0.0,16.928266536024793,4.45856388888889,14251.0
2011,02011_071_SN19_9bars_ramp2.csv,71,19,9.0,ramp2,True,True,False,False,0.0,16.97198432298087,4.4838416666666685,14433.0
2012,02012_072_SN19_9bars_ramp3.csv,72,19,9.0,ramp3,True,True,False,False,0.0,16.981171357708355,4.489119444444446,14471.0
2013,02013_073_SN19_9bars_ramp4.csv,73,19,9.0,ramp4,True,True,False,False,0.0,17.037130712740723,4.519675000000002,14490.0
2014,02014_074_SN19_9bars_onmod.csv,74,19,9.0,onmod,True,False,False,False,0.0,17.243245769775026,4.632730555555558,14563.0
2015,02015_075_SN19_9bars_offmod.csv,75,19,9.0,offmod,True,True,False,False,0.0,17.281796876360232,4.6547388888888905,15363.0
2017,02017_077_SN19_9bars_random_long.csv,77,19,9.0,random_long,True,True,False,False,0.0,17.720077909205695,4.907200000000002,16463.0
2018,02018_078_SN19_9bars_random_mixed.csv,78,19,9.0,random_mixed,True,True,False,False,0.0,17.963684320633792,5.042755555555558,16558.0
2019,02019_079_SN19_24bars_ssf.csv,79,19,24.0,ssf,True,True,False,False,0.0,18.025093424521938,5.077547222222225,16658.0
2020,02020_080_SN19_21bars_ssf.csv,80,19,21.0,ssf,True,True,False,False,0.0,18.4065790684714,5.160880555555558,16659.0
2021,02021_081_SN19_18bars_ssf.csv,81,19,18.0,ssf,True,True,False,False,0.0,18.73516293947405,5.244213888888891,16660.0
2023,02023_083_SN19_12bars_ssf.csv,83,19,12.0,ssf,True,True,False,False,0.0,19.244723858480747,5.410880555555557,16662.0
2024,02024_084_SN19_9bars_ssf.csv,84,19,9.0,ssf,True,True,False,False,0.0,19.432020111423327,5.49421388888889,16663.0
2025,02025_085_SN19_24bars_health_check.csv,85,19,24.0,health_check,True,True,False,False,0.0,19.57924766195574,5.577547222222223,16664.0
2026,02026_086_SN19_21bars_health_check.csv,86,19,21.0,health_check,True,True,False,False,0.0,19.688998941240342,5.602922222222223,16847.0
2027,02027_087_SN19_18bars_health_check.csv,87,19,18.0,health_check,True,True,False,False,0.0,19.78377341700517,5.628297222222224,17030.0
2028,02028_088_SN19_15bars_health_check.csv,88,19,15.0,health_check,True,True,False,False,0.0,19.864233313692644,5.653672222222224,17213.0
2029,02029_089_SN19_12bars_health_check.csv,89,19,12.0,health_check,True,True,False,False,0.0,19.93081025104959,5.679047222222224,17396.0
2030,02030_090_SN19_9bars_health_check.csv,90,19,9.0,health_check,True,True,False,False,0.0,19.98473966911016,5.704422222222225,17579.0
2031,02031_091_SN19_7bars_ssf.csv,91,19,7.0,ssf,True,True,False,False,0.0,20.027169374047364,5.729797222222225,17762.0
2032,02032_092_SN19_5bars_ssf.csv,92,19,5.0,ssf,True,True,False,False,0.0,20.149125754560448,5.813130555555558,17763.0
2033,02033_093_SN19_7bars_health_check.csv,93,19,7.0,health_check,True,True,False,False,0.0,20.2498777538522,5.896463888888891,17764.0
2034,02034_094_SN19_5bars_health_check.csv,94,19,5.0,health_check,True,True,False,False,0.0,20.285147694361623,5.921838888888892,17947.0
2035,02035_095_SN19_7bars_ramp1.csv,95,19,7.0,ramp1,True,True,False,False,0.0,20.31428348584091,5.947213888888892,18130.0
2036,02036_096_SN19_7bars_ramp2.csv,96,19,7.0,ramp2,True,True,False,False,0.0,20.34893576674384,5.97249166666667,18312.0
2038,02038_098_SN19_7bars_ramp4.csv,98,19,7.0,ramp4,True,True,False,False,0.0,20.400611673912294,6.008325000000004,18369.0
2039,02039_099_SN19_7bars_onmod.csv,99,19,7.0,onmod,True,False,False,False,0.0,20.564505545029014,6.121380555555559,18442.0
2040,02040_100_SN19_7bars_offmod.csv,100,19,7.0,offmod,True,True,False,False,0.0,20.595128780141057,6.143158333333337,19242.0
2042,02042_102_SN19_7bars_random_long.csv,102,19,7.0,random_long,True,True,False,False,0.0,20.94125238242069,6.394108333333337,20342.0
2043,02043_103_SN19_7bars_random_mixed.csv,103,19,7.0,random_mixed,True,True,False,False,0.0,21.145974475046472,6.537441666666671,20448.0
2044,02044_104_SN19_5bars_ramp1.csv,104,19,5.0,ramp1,True,True,False,False,0.0,21.19000919166434,6.569036111111115,20548.0
2045,02045_105_SN19_5bars_ramp2.csv,105,19,5.0,ramp2,True,True,False,False,0.0,21.217978049631093,6.594313888888893,20730.0
2046,02046_106_SN19_5bars_ramp3.csv,106,19,5.0,ramp3,True,True,False,False,0.0,21.2238768168336,6.599591666666671,20768.0
2047,02047_107_SN19_5bars_ramp4.csv,107,19,5.0,ramp4,True,True,False,False,0.0,21.259916066341056,6.630147222222226,20787.0
2048,02048_108_SN19_5bars_onmod.csv,108,19,5.0,onmod,True,False,False,False,0.0,21.392756557911767,6.743202777777782,20860.0
2049,02049_109_SN19_5bars_offmod.csv,109,19,5.0,offmod,True,True,False,False,0.0,21.418487274579093,6.765688888888893,21660.0
2050,02050_110_SN19_5bars_random_short.csv,110,19,5.0,random_short,True,True,False,False,0.0,21.655178079775464,6.976800000000004,22460.0
2053,02053_001_SN20_24bars_ssf.csv,1,20,24.0,ssf,True,True,False,False,0.0,0.0,0.0,0.0
2054,02054_002_SN20_21bars_ssf.csv,2,20,21.0,ssf,True,True,False,False,0.0,0.4375925615205111,0.0833333333333333,1.0
2055,02055_003_SN20_18bars_ssf.csv,3,20,18.0,ssf,True,True,False,False,0.0,0.8163733031722206,0.1666666666666666,2.0
2056,02056_004_SN20_15bars_ssf.csv,4,20,15.0,ssf,True,True,False,False,0.0,1.1394213935849529,0.25,3.0
2057,02057_005_SN20_12bars_ssf.csv,5,20,12.0,ssf,True,True,False,False,0.0,1.410112726274057,0.3333333333333333,4.0
2058,02058_006_SN20_9bars_ssf.csv,6,20,9.0,ssf,True,True,False,False,0.0,1.6320170883305414,0.4166666666666666,5.0
2059,02059_007_SN20_24bars_health_check.csv,7,20,24.0,health_check,True,True,False,False,0.0,1.8093771869340431,0.4999999999999999,6.0
2060,02060_008_SN20_21bars_health_check.csv,8,20,21.0,health_check,True,True,False,False,0.0,1.93399010120086,0.5253749999999999,189.0
2062,02062_010_SN20_15bars_health_check.csv,10,20,15.0,health_check,True,True,False,False,0.0,2.1342699051517617,0.576125,555.0
2063,02063_011_SN20_12bars_health_check.csv,11,20,12.0,health_check,True,True,False,False,0.0,2.211256987428205,0.6015,738.0
2064,02064_012_SN20_9bars_health_check.csv,12,20,9.0,health_check,True,True,False,False,0.0,2.2742395621879945,0.6268750000000001,921.0
2065,02065_013_SN20_24bars_ramp1.csv,13,20,24.0,ramp1,True,True,False,False,0.0,2.324534676267664,0.6522500000000001,1104.0
2066,02066_014_SN20_24bars_ramp2.csv,14,20,24.0,ramp2,True,True,False,False,0.0,2.447400754241171,0.6775277777777778,1286.0
2067,02067_015_SN20_24bars_ramp3.csv,15,20,24.0,ramp3,True,True,False,False,0.0,2.473086776934014,0.6828055555555557,1324.0
2068,02068_016_SN20_24bars_ramp4.csv,16,20,24.0,ramp4,True,True,False,False,0.0,2.628416346520165,0.7133611111111112,1343.0
2069,02069_017_SN20_24bars_onmod.csv,17,20,24.0,onmod,True,False,False,False,0.0,3.20156880973636,0.8264166666666668,1416.0
2070,02070_018_SN20_24bars_offmod.csv,18,20,24.0,offmod,True,True,False,False,0.0,3.302959009082087,0.8482222222222223,2216.0
2071,02071_019_SN20_24bars_random_short.csv,19,20,24.0,random_short,True,True,False,False,0.0,4.32518662528428,1.0593333333333337,3016.0
2072,02072_020_SN20_24bars_random_long.csv,20,20,24.0,random_long,True,True,False,False,0.0,4.512918627367963,1.0995138888888891,3316.0
2073,02073_021_SN20_24bars_random_mixed.csv,21,20,24.0,random_mixed,True,True,False,False,0.0,5.357140567031144,1.2711805555555558,3412.0
2074,02074_022_SN20_21bars_ramp1.csv,22,20,21.0,ramp1,True,True,False,False,0.0,5.545006234621034,1.3100611111111111,3512.0
2075,02075_023_SN20_21bars_ramp2.csv,23,20,21.0,ramp2,True,True,False,False,0.0,5.647185495723499,1.335338888888889,3694.0
2076,02076_024_SN20_21bars_ramp3.csv,24,20,21.0,ramp3,True,True,False,False,0.0,5.668642741723232,1.3406166666666668,3732.0
2077,02077_025_SN20_21bars_ramp4.csv,25,20,21.0,ramp4,True,True,False,False,0.0,5.798054590278137,1.3711722222222222,3751.0
2078,02078_026_SN20_21bars_onmod.csv,26,20,21.0,onmod,True,False,False,False,0.0,6.275006693808715,1.4842277777777777,3824.0
2080,02080_028_SN20_21bars_random_short.csv,28,20,21.0,random_short,True,True,False,False,0.0,7.210637494270887,1.7176638888888889,5424.0
2081,02081_029_SN20_21bars_random_long.csv,29,20,21.0,random_long,True,True,False,False,0.0,7.369241940071299,1.7584027777777775,5724.0
2082,02082_030_SN20_21bars_random_mixed.csv,30,20,21.0,random_mixed,True,True,False,False,0.0,7.916774299870487,1.891458333333333,5819.0
2083,02083_031_SN20_18bars_ramp1.csv,31,20,18.0,ramp1,True,True,False,False,0.0,8.116294277807205,1.9407138888888888,5919.0
2084,02084_032_SN20_18bars_ramp2.csv,32,20,18.0,ramp2,True,True,False,False,0.0,8.20035588979274,1.9659916666666664,6101.0
2085,02085_033_SN20_18bars_ramp3.csv,33,20,18.0,ramp3,True,True,False,False,0.0,8.2179764050143,1.971269444444444,6139.0
2086,02086_034_SN20_18bars_ramp4.csv,34,20,18.0,ramp4,True,True,False,False,0.0,8.324750765327222,2.001825,6158.0
2087,02087_035_SN20_18bars_onmod.csv,35,20,18.0,onmod,True,False,False,False,0.0,8.71843757619365,2.114880555555555,6231.0
2088,02088_036_SN20_18bars_offmod.csv,36,20,18.0,offmod,True,True,False,False,0.0,8.787841146419156,2.1367416666666665,7031.0
2089,02089_037_SN20_18bars_random_short.csv,37,20,18.0,random_short,True,True,False,False,0.0,9.489990259760413,2.347852777777778,7831.0
2090,02090_038_SN20_18bars_random_long.csv,38,20,18.0,random_long,True,True,False,False,0.0,9.61887496603056,2.388025,8131.0
2091,02091_039_SN20_18bars_random_mixed.csv,39,20,18.0,random_mixed,True,True,False,False,0.0,10.038828480875225,2.5113583333333334,8226.0
2092,02092_040_SN20_24bars_ssf.csv,40,20,24.0,ssf,True,True,False,False,0.0,10.193320772166755,2.557366666666667,8326.0
2094,02094_042_SN20_18bars_ssf.csv,42,20,18.0,ssf,True,True,False,False,0.0,10.90237382744991,2.7240333333333338,8328.0
2095,02095_043_SN20_15bars_ssf.csv,43,20,15.0,ssf,True,True,False,False,0.0,11.183291722289962,2.8073666666666672,8329.0
2096,02096_044_SN20_12bars_ssf.csv,44,20,12.0,ssf,True,True,False,False,0.0,11.418756106474197,2.8907000000000007,8330.0
2097,02097_045_SN20_9bars_ssf.csv,45,20,9.0,ssf,True,True,False,False,0.0,11.611827648875355,2.974033333333334,8331.0
2098,02098_046_SN20_24bars_health_check.csv,46,20,24.0,health_check,True,True,False,False,0.0,11.766197079114855,3.057366666666668,8332.0
2099,02099_047_SN20_21bars_health_check.csv,47,20,21.0,health_check,True,True,False,False,0.0,11.874771755377813,3.082741666666668,8515.0
2100,02100_048_SN20_18bars_health_check.csv,48,20,18.0,health_check,True,True,False,False,0.0,11.968639457313852,3.1081166666666675,8698.0
2101,02101_049_SN20_15bars_health_check.csv,49,20,15.0,health_check,True,True,False,False,0.0,12.048516535658512,3.1334916666666675,8881.0
2102,02102_050_SN20_12bars_health_check.csv,50,20,12.0,health_check,True,True,False,False,0.0,12.115401081965302,3.158866666666668,9064.0
2104,02104_052_SN20_15bars_ramp1.csv,52,20,15.0,ramp1,True,True,False,False,0.0,12.2139571018091,3.2096166666666672,9430.0
2105,02105_053_SN20_15bars_ramp2.csv,53,20,15.0,ramp2,True,True,False,False,0.0,12.280394640405753,3.234894444444445,9612.0
2106,02106_054_SN20_15bars_ramp3.csv,54,20,15.0,ramp3,True,True,False,False,0.0,12.294348854488591,3.2401722222222227,9650.0
2108,02108_056_SN20_15bars_onmod.csv,56,20,15.0,onmod,True,False,False,False,0.0,12.6916495842132,3.3837833333333336,9742.0
2109,02109_057_SN20_15bars_offmod.csv,57,20,15.0,offmod,True,True,False,False,0.0,12.746816649937369,3.4057861111111114,10542.0
2110,02110_058_SN20_15bars_random_short.csv,58,20,15.0,random_short,True,True,False,False,0.0,13.302857661335958,3.616897222222223,11342.0
2111,02111_059_SN20_15bars_random_long.csv,59,20,15.0,random_long,True,True,False,False,0.0,13.407095508687258,3.657886111111112,11642.0
2112,02112_060_SN20_15bars_random_mixed.csv,60,20,15.0,random_mixed,True,True,False,False,0.0,13.795826877733305,3.801219444444445,11743.0
2113,02113_061_SN20_12bars_ramp1.csv,61,20,12.0,ramp1,True,True,False,False,0.0,13.884111441336875,3.834536111111112,11843.0
2114,02114_062_SN20_12bars_ramp2.csv,62,20,12.0,ramp2,True,True,False,False,0.0,13.937048852047004,3.8598138888888895,12025.0
2115,02115_063_SN20_12bars_ramp3.csv,63,20,12.0,ramp3,True,True,False,False,0.0,13.948188984862012,3.8650916666666673,12063.0
2116,02116_064_SN20_12bars_ramp4.csv,64,20,12.0,ramp4,True,True,False,False,0.0,14.015979539423745,3.895647222222223,12082.0
2117,02117_065_SN20_12bars_onmod.csv,65,20,12.0,onmod,True,False,False,False,0.0,14.265855559698446,4.008702777777779,12155.0
2118,02118_066_SN20_12bars_offmod.csv,66,20,12.0,offmod,True,True,False,False,0.0,14.30985291080862,4.0305694444444455,12955.0
2120,02120_068_SN20_12bars_random_long.csv,68,20,12.0,random_long,True,True,False,False,0.0,14.837022171982715,4.282366666666668,14055.0
2121,02121_069_SN20_12bars_random_mixed.csv,69,20,12.0,random_mixed,True,True,False,False,0.0,15.155658543514225,4.429033333333335,14151.0
2122,02122_070_SN20_9bars_ramp1.csv,70,20,9.0,ramp1,True,True,False,False,0.0,15.21829458264546,4.45856388888889,14251.0
2123,02123_071_SN20_9bars_ramp2.csv,71,20,9.0,ramp2,True,True,False,False,0.0,15.259451404073005,4.4838416666666685,14433.0
2124,02124_072_SN20_9bars_ramp3.csv,72,20,9.0,ramp3,True,True,False,False,0.0,15.268089857385805,4.489119444444446,14471.0
2125,02125_073_SN20_9bars_ramp4.csv,73,20,9.0,ramp4,True,True,False,False,0.0,15.321081005806684,4.519675000000002,14490.0
2126,02126_074_SN20_9bars_onmod.csv,74,20,9.0,onmod,True,False,False,False,0.0,15.516347670964748,4.632730555555558,14563.0
2127,02127_075_SN20_9bars_offmod.csv,75,20,9.0,offmod,True,True,False,False,0.0,15.551097099342286,4.6547388888888905,15363.0
2128,02128_076_SN20_9bars_random_short.csv,76,20,9.0,random_short,True,True,False,False,0.0,15.89785788709496,4.865850000000002,16163.0
2129,02129_077_SN20_9bars_random_long.csv,77,20,9.0,random_long,True,True,False,False,0.0,15.963532868589398,4.907200000000002,16463.0
2130,02130_078_SN20_9bars_random_mixed.csv,78,20,9.0,random_mixed,True,True,False,False,0.0,16.194259769359917,5.042755555555558,16558.0
2131,02131_079_SN20_24bars_ssf.csv,79,20,24.0,ssf,True,True,False,False,0.0,16.25222532629159,5.077547222222225,16658.0
2132,02132_080_SN20_21bars_ssf.csv,80,20,21.0,ssf,True,True,False,False,0.0,16.59652945713844,5.160880555555558,16659.0
2133,02133_081_SN20_18bars_ssf.csv,81,20,18.0,ssf,True,True,False,False,0.0,16.894905432621957,5.244213888888891,16660.0
2134,02134_082_SN20_15bars_ssf.csv,82,20,15.0,ssf,True,True,False,False,0.0,17.149627995622367,5.327547222222224,16661.0
2136,02136_084_SN20_9bars_ssf.csv,84,20,9.0,ssf,True,True,False,False,0.0,17.543334852953766,5.49421388888889,16663.0
2137,02137_085_SN20_24bars_health_check.csv,85,20,24.0,health_check,True,True,False,False,0.0,17.68340081600288,5.577547222222223,16664.0
2138,02138_086_SN20_21bars_health_check.csv,86,20,21.0,health_check,True,True,False,False,0.0,17.781503654715493,5.602922222222223,16847.0
2139,02139_087_SN20_18bars_health_check.csv,87,20,18.0,health_check,True,True,False,False,0.0,17.86661065260646,5.628297222222224,17030.0
2140,02140_088_SN20_15bars_health_check.csv,88,20,15.0,health_check,True,True,False,False,0.0,17.939070445283782,5.653672222222224,17213.0
2141,02141_089_SN20_12bars_health_check.csv,89,20,12.0,health_check,True,True,False,False,0.0,17.999690665677058,5.679047222222224,17396.0
2142,02142_090_SN20_9bars_health_check.csv,90,20,9.0,health_check,True,True,False,False,0.0,18.04948006849833,5.704422222222225,17579.0
2143,02143_091_SN20_7bars_ssf.csv,91,20,7.0,ssf,True,True,False,False,0.0,18.089181976532384,5.729797222222225,17762.0
2144,02144_092_SN20_5bars_ssf.csv,92,20,5.0,ssf,True,True,False,False,0.0,18.20703476943524,5.813130555555558,17763.0
2145,02145_093_SN20_7bars_health_check.csv,93,20,7.0,health_check,True,True,False,False,0.0,18.306197067631143,5.896463888888891,17764.0
2146,02146_094_SN20_5bars_health_check.csv,94,20,5.0,health_check,True,True,False,False,0.0,18.33975354876232,5.921838888888892,17947.0
2147,02147_095_SN20_7bars_ramp1.csv,95,20,7.0,ramp1,True,True,False,False,0.0,18.367945740352354,5.947213888888892,18130.0
2148,02148_096_SN20_7bars_ramp2.csv,96,20,7.0,ramp2,True,True,False,False,0.0,18.40113105522287,5.97249166666667,18312.0
2149,02149_097_SN20_7bars_ramp3.csv,97,20,7.0,ramp3,True,True,False,False,0.0,18.408089149467777,5.977769444444448,18350.0
2150,02150_098_SN20_7bars_ramp4.csv,98,20,7.0,ramp4,True,True,False,False,0.0,18.45097487152541,6.008325000000004,18369.0
2151,02151_099_SN20_7bars_onmod.csv,99,20,7.0,onmod,True,False,False,False,0.0,18.60902312007144,6.121380555555559,18442.0
2152,02152_100_SN20_7bars_offmod.csv,100,20,7.0,offmod,True,True,False,False,0.0,18.63716113931609,6.143158333333337,19242.0
2153,02153_101_SN20_7bars_random_short.csv,101,20,7.0,random_short,True,True,False,False,0.0,18.917371079165875,6.354269444444448,20042.0
2155,02155_103_SN20_7bars_random_mixed.csv,103,20,7.0,random_mixed,True,True,False,False,0.0,19.1661626597214,6.537441666666671,20448.0
2156,02156_104_SN20_5bars_ramp1.csv,104,20,5.0,ramp1,True,True,False,False,0.0,19.208617698958616,6.569036111111115,20548.0
2157,02157_105_SN20_5bars_ramp2.csv,105,20,5.0,ramp2,True,True,False,False,0.0,19.235734959674893,6.594313888888893,20730.0
2158,02158_106_SN20_5bars_ramp3.csv,106,20,5.0,ramp3,True,True,False,False,0.0,19.24145733917837,6.599591666666671,20768.0
2162,02162_110_SN20_5bars_random_short.csv,110,20,5.0,random_short,True,True,False,False,0.0,19.377728695470083,6.976800000000004,22460.0
2165,02165_001_SN21_24bars_ssf.csv,1,21,24.0,ssf,True,True,False,False,0.0,0.0,0.0,0.0
2166,02166_002_SN21_21bars_ssf.csv,2,21,21.0,ssf,True,True,False,False,0.0,0.5141414404556646,0.0833333333333333,1.0
2167,02167_003_SN21_18bars_ssf.csv,3,21,18.0,ssf,True,True,False,False,0.0,0.9565970620806686,0.1666666666666666,2.0
2168,02168_004_SN21_15bars_ssf.csv,4,21,15.0,ssf,True,True,False,False,0.0,1.3308534753586558,0.25,3.0
2169,02169_005_SN21_12bars_ssf.csv,5,21,12.0,ssf,True,True,False,False,0.0,1.6413454075629197,0.3333333333333333,4.0
2170,02170_006_SN21_9bars_ssf.csv,6,21,9.0,ssf,True,True,False,False,0.0,1.8926607117529044,0.4166666666666666,5.0
2171,02171_007_SN21_24bars_health_check.csv,7,21,24.0,health_check,True,True,False,False,0.0,2.090134126924315,0.4999999999999999,6.0
2172,02172_008_SN21_21bars_health_check.csv,8,21,21.0,health_check,True,True,False,False,0.0,2.236500852538277,0.5253749999999999,189.0
2173,02173_009_SN21_18bars_health_check.csv,9,21,18.0,health_check,True,True,False,False,0.0,2.363066983764873,0.55075,372.0
2174,02174_010_SN21_15bars_health_check.csv,10,21,15.0,health_check,True,True,False,False,0.0,2.4698565539457933,0.576125,555.0
2175,02175_011_SN21_12bars_health_check.csv,11,21,12.0,health_check,True,True,False,False,0.0,2.558356250851143,0.6015,738.0
2176,02176_012_SN21_9bars_health_check.csv,12,21,9.0,health_check,True,True,False,False,0.0,2.6299464533912094,0.6268750000000001,921.0
2177,02177_013_SN21_24bars_ramp1.csv,13,21,24.0,ramp1,True,True,False,False,0.0,2.6860033867072923,0.6522500000000001,1104.0
2178,02178_014_SN21_24bars_ramp2.csv,14,21,24.0,ramp2,True,True,False,False,0.0,2.8306375983089933,0.6775277777777778,1286.0
2179,02179_015_SN21_24bars_ramp3.csv,15,21,24.0,ramp3,True,True,False,False,0.0,2.861040903102585,0.6828055555555557,1324.0
2180,02180_016_SN21_24bars_ramp4.csv,16,21,24.0,ramp4,True,True,False,False,0.0,3.043241298485728,0.7133611111111112,1343.0
2181,02181_017_SN21_24bars_onmod.csv,17,21,24.0,onmod,True,True,False,False,0.0,3.713544582686091,0.8264166666666668,1416.0
2182,02182_018_SN21_24bars_offmod.csv,18,21,24.0,offmod,True,True,False,False,0.0,3.833310853606235,0.8482222222222223,2216.0
2183,02183_019_SN21_24bars_random_short.csv,19,21,24.0,random_short,True,True,False,False,0.0,5.030824146086287,1.0593333333333337,3016.0
2185,02185_021_SN21_24bars_random_mixed.csv,21,21,24.0,random_mixed,True,True,False,False,0.0,6.235133664929627,1.2711805555555558,3412.0
2186,02186_022_SN21_21bars_ramp1.csv,22,21,21.0,ramp1,True,True,False,False,0.0,6.453999579071337,1.3100611111111111,3512.0
2187,02187_023_SN21_21bars_ramp2.csv,23,21,21.0,ramp2,True,True,False,False,0.0,6.572867356343547,1.335338888888889,3694.0
2188,02188_024_SN21_21bars_ramp3.csv,24,21,21.0,ramp3,True,True,False,False,0.0,6.5978320678716855,1.3406166666666668,3732.0
2189,02189_025_SN21_21bars_ramp4.csv,25,21,21.0,ramp4,True,True,False,False,0.0,6.747709705081691,1.3711722222222222,3751.0
2192,02192_028_SN21_21bars_random_short.csv,28,21,21.0,random_short,True,True,False,False,0.0,8.383819577248415,1.7176638888888889,5424.0
2193,02193_029_SN21_21bars_random_long.csv,29,21,21.0,random_long,True,True,False,False,0.0,8.56793362560719,1.7584027777777775,5724.0
2194,02194_030_SN21_21bars_random_mixed.csv,30,21,21.0,random_mixed,True,True,False,False,0.0,9.199221239205428,1.891458333333333,5819.0
2195,02195_031_SN21_18bars_ramp1.csv,31,21,18.0,ramp1,True,True,False,False,0.0,9.429653259673056,1.9407138888888888,5919.0
2198,02198_034_SN21_18bars_ramp4.csv,34,21,18.0,ramp4,True,True,False,False,0.0,9.66835381362318,2.001825,6158.0
2199,02199_035_SN21_18bars_onmod.csv,35,21,18.0,onmod,True,False,False,False,0.0,10.118616875680312,2.114880555555555,6231.0
2200,02200_036_SN21_18bars_offmod.csv,36,21,18.0,offmod,True,True,False,False,0.0,10.198653316991315,2.1367416666666665,7031.0
2201,02201_037_SN21_18bars_random_short.csv,37,21,18.0,random_short,True,True,False,False,0.0,11.003095705498575,2.347852777777778,7831.0
2202,02202_038_SN21_18bars_random_long.csv,38,21,18.0,random_long,True,True,False,False,0.0,11.151039184900071,2.388025,8131.0
2203,02203_039_SN21_18bars_random_mixed.csv,39,21,18.0,random_mixed,True,True,False,False,0.0,11.629737366041374,2.5113583333333334,8226.0
2204,02204_040_SN21_24bars_ssf.csv,40,21,24.0,ssf,True,True,False,False,0.0,11.805817948036095,2.557366666666667,8326.0
2205,02205_041_SN21_21bars_ssf.csv,41,21,21.0,ssf,True,True,False,False,0.0,12.244516562791889,2.6407000000000003,8327.0
2207,02207_043_SN21_15bars_ssf.csv,43,21,15.0,ssf,True,True,False,False,0.0,12.941877460659724,2.8073666666666672,8329.0
2208,02208_044_SN21_12bars_ssf.csv,44,21,12.0,ssf,True,True,False,False,0.0,13.207226870191278,2.8907000000000007,8330.0
2209,02209_045_SN21_9bars_ssf.csv,45,21,9.0,ssf,True,True,False,False,0.0,13.422104032599568,2.974033333333334,8331.0
2210,02210_046_SN21_24bars_health_check.csv,46,21,24.0,health_check,True,True,False,False,0.0,13.590991945647394,3.057366666666668,8332.0
2211,02211_047_SN21_21bars_health_check.csv,47,21,21.0,health_check,True,True,False,False,0.0,13.716456523558472,3.082741666666668,8515.0
2212,02212_048_SN21_18bars_health_check.csv,48,21,18.0,health_check,True,True,False,False,0.0,13.824285307401247,3.1081166666666675,8698.0
2213,02213_049_SN21_15bars_health_check.csv,49,21,15.0,health_check,True,True,False,False,0.0,13.91549150966301,3.1334916666666675,8881.0
2214,02214_050_SN21_12bars_health_check.csv,50,21,12.0,health_check,True,True,False,False,0.0,13.991066775526823,3.158866666666668,9064.0
2215,02215_051_SN21_9bars_health_check.csv,51,21,9.0,health_check,True,True,False,False,0.0,14.052201019151592,3.1842416666666677,9247.0
2216,02216_052_SN21_15bars_ramp1.csv,52,21,15.0,ramp1,True,True,False,False,0.0,14.100354506867694,3.2096166666666672,9430.0
2217,02217_053_SN21_15bars_ramp2.csv,53,21,15.0,ramp2,True,True,False,False,0.0,14.175536608932934,3.234894444444445,9612.0
2219,02219_055_SN21_15bars_ramp4.csv,55,21,15.0,ramp4,True,True,False,False,0.0,14.28699587951003,3.270727777777778,9669.0
2220,02220_056_SN21_15bars_onmod.csv,56,21,15.0,onmod,True,False,False,False,0.0,14.638715188814755,3.3837833333333336,9742.0
2223,02223_059_SN21_15bars_random_long.csv,59,21,15.0,random_long,True,True,False,False,0.0,15.446572785004768,3.657886111111112,11642.0
2224,02224_060_SN21_15bars_random_mixed.csv,60,21,15.0,random_mixed,True,True,False,False,0.0,15.88336991526422,3.801219444444445,11743.0
2225,02225_061_SN21_12bars_ramp1.csv,61,21,12.0,ramp1,True,True,False,False,0.0,15.982599232413012,3.834536111111112,11843.0
2226,02226_062_SN21_12bars_ramp2.csv,62,21,12.0,ramp2,True,True,False,False,0.0,16.041487760420843,3.8598138888888895,12025.0
2227,02227_063_SN21_12bars_ramp3.csv,63,21,12.0,ramp3,True,True,False,False,0.0,16.053803109353975,3.8650916666666673,12063.0
2228,02228_064_SN21_12bars_ramp4.csv,64,21,12.0,ramp4,True,True,False,False,0.0,16.12883652974988,3.895647222222223,12082.0
2230,02230_066_SN21_12bars_offmod.csv,66,21,12.0,offmod,True,True,False,False,0.0,16.45495895864424,4.0305694444444455,12955.0
2231,02231_067_SN21_12bars_random_short.csv,67,21,12.0,random_short,True,True,False,False,0.0,16.949115562893088,4.241680555555557,13755.0
2232,02232_068_SN21_12bars_random_long.csv,68,21,12.0,random_long,True,True,False,False,0.0,17.041219055797722,4.282366666666668,14055.0
2233,02233_069_SN21_12bars_random_mixed.csv,69,21,12.0,random_mixed,True,True,False,False,0.0,17.393837499163112,4.429033333333335,14151.0
2234,02234_070_SN21_9bars_ramp1.csv,70,21,9.0,ramp1,True,True,False,False,0.0,17.46327629833555,4.45856388888889,14251.0
2235,02235_071_SN21_9bars_ramp2.csv,71,21,9.0,ramp2,True,True,False,False,0.0,17.508302610902064,4.4838416666666685,14433.0
2237,02237_073_SN21_9bars_ramp4.csv,73,21,9.0,ramp4,True,True,False,False,0.0,17.575505421704843,4.519675000000002,14490.0
2238,02238_074_SN21_9bars_onmod.csv,74,21,9.0,onmod,True,False,False,False,0.0,17.788256725802505,4.632730555555558,14563.0
2239,02239_075_SN21_9bars_offmod.csv,75,21,9.0,offmod,True,True,False,False,0.0,17.82622792235723,4.6547388888888905,15363.0
2240,02240_076_SN21_9bars_random_short.csv,76,21,9.0,random_short,True,True,False,False,0.0,18.204717932201707,4.865850000000002,16163.0
2241,02241_077_SN21_9bars_random_long.csv,77,21,9.0,random_long,True,True,False,False,0.0,18.276297671179066,4.907200000000002,16463.0
2242,02242_078_SN21_9bars_random_mixed.csv,78,21,9.0,random_mixed,True,True,False,False,0.0,18.527445056587933,5.042755555555558,16558.0
2243,02243_079_SN21_24bars_ssf.csv,79,21,24.0,ssf,True,True,False,False,0.0,18.590636853590592,5.077547222222225,16658.0
2244,02244_080_SN21_21bars_ssf.csv,80,21,21.0,ssf,True,True,False,False,0.0,18.98487064716717,5.160880555555558,16659.0
2245,02245_081_SN21_18bars_ssf.csv,81,21,18.0,ssf,True,True,False,False,0.0,19.3243849620095,5.244213888888891,16660.0
2246,02246_082_SN21_15bars_ssf.csv,82,21,15.0,ssf,True,True,False,False,0.0,19.611810727035007,5.327547222222224,16661.0
2247,02247_083_SN21_12bars_ssf.csv,83,21,12.0,ssf,True,True,False,False,0.0,19.850473547096488,5.410880555555557,16662.0
2248,02248_084_SN21_9bars_ssf.csv,84,21,9.0,ssf,True,True,False,False,0.0,20.043795617610016,5.49421388888889,16663.0
2249,02249_085_SN21_24bars_health_check.csv,85,21,24.0,health_check,True,True,False,False,0.0,20.195779030903207,5.577547222222223,16664.0
2250,02250_086_SN21_21bars_health_check.csv,86,21,21.0,health_check,True,True,False,False,0.0,20.30824810509144,5.602922222222223,16847.0
2251,02251_087_SN21_18bars_health_check.csv,87,21,18.0,health_check,True,True,False,False,0.0,20.40500338113169,5.628297222222224,17030.0
2252,02252_088_SN21_15bars_health_check.csv,88,21,15.0,health_check,True,True,False,False,0.0,20.486949745204253,5.653672222222224,17213.0
2253,02253_089_SN21_12bars_health_check.csv,89,21,12.0,health_check,True,True,False,False,0.0,20.55494932702221,5.679047222222224,17396.0
2255,02255_091_SN21_7bars_ssf.csv,91,21,7.0,ssf,True,True,False,False,0.0,20.653267275924897,5.729797222222225,17762.0
2256,02256_092_SN21_5bars_ssf.csv,92,21,5.0,ssf,True,True,False,False,0.0,20.779174575284685,5.813130555555558,17763.0
2257,02257_093_SN21_7bars_health_check.csv,93,21,7.0,health_check,True,True,False,False,0.0,20.883184684659334,5.896463888888891,17764.0
2258,02258_094_SN21_5bars_health_check.csv,94,21,5.0,health_check,True,True,False,False,0.0,20.919142682775487,5.921838888888892,17947.0
2259,02259_095_SN21_7bars_ramp1.csv,95,21,7.0,ramp1,True,True,False,False,0.0,20.948858186490792,5.947213888888892,18130.0
2260,02260_096_SN21_7bars_ramp2.csv,96,21,7.0,ramp2,True,True,False,False,0.0,20.984433314582013,5.97249166666667,18312.0
2261,02261_097_SN21_7bars_ramp3.csv,97,21,7.0,ramp3,True,True,False,False,0.0,20.99190484893144,5.977769444444448,18350.0
2262,02262_098_SN21_7bars_ramp4.csv,98,21,7.0,ramp4,True,True,False,False,0.0,21.037717380260457,6.008325000000004,18369.0
2264,02264_100_SN21_7bars_offmod.csv,100,21,7.0,offmod,True,True,False,False,0.0,21.23718057032079,6.143158333333337,19242.0
2265,02265_101_SN21_7bars_random_short.csv,101,21,7.0,random_short,True,True,False,False,0.0,21.53753649732041,6.354269444444448,20042.0
2267,02267_103_SN21_7bars_random_mixed.csv,103,21,7.0,random_mixed,True,True,False,False,0.0,21.80334156784548,6.537441666666671,20448.0
2268,02268_104_SN21_5bars_ramp1.csv,104,21,5.0,ramp1,True,True,False,False,0.0,21.8487948430898,6.569036111111115,20548.0
2269,02269_105_SN21_5bars_ramp2.csv,105,21,5.0,ramp2,True,True,False,False,0.0,21.877519874278214,6.594313888888893,20730.0
2270,02270_106_SN21_5bars_ramp3.csv,106,21,5.0,ramp3,True,True,False,False,0.0,21.883532042353515,6.599591666666671,20768.0
2271,02271_107_SN21_5bars_ramp4.csv,107,21,5.0,ramp4,True,True,False,False,0.0,21.920749039407795,6.630147222222226,20787.0
2272,02272_108_SN21_5bars_onmod.csv,108,21,5.0,onmod,True,False,False,False,0.0,22.05763644219158,6.743202777777782,20860.0
2273,02273_109_SN21_5bars_offmod.csv,109,21,5.0,offmod,True,True,False,False,0.0,22.08296805923164,6.765688888888893,21660.0
2274,02274_110_SN21_5bars_random_short.csv,110,21,5.0,random_short,True,True,False,False,0.0,22.32572841669297,6.976800000000004,22460.0
2275,02275_111_SN21_5bars_random_long.csv,111,21,5.0,random_long,True,True,False,False,0.0,22.37037093211136,7.016875000000004,22760.0
2277,02277_001_SN22_24bars_ssf.csv,1,22,24.0,ssf,True,True,False,False,0.0,0.0,0.0,0.0
2278,02278_002_SN22_21bars_ssf.csv,2,22,21.0,ssf,True,True,False,False,0.0,0.4604457333226944,0.0833333333333333,1.0
2279,02279_003_SN22_18bars_ssf.csv,3,22,18.0,ssf,True,True,False,False,0.0,0.8587361308055584,0.1666666666666666,2.0
2280,02280_004_SN22_15bars_ssf.csv,4,22,15.0,ssf,True,True,False,False,0.0,1.1980215429306826,0.25,3.0
2281,02281_005_SN22_12bars_ssf.csv,5,22,12.0,ssf,True,True,False,False,0.0,1.4819513913643514,0.3333333333333333,4.0
2282,02282_006_SN22_9bars_ssf.csv,6,22,9.0,ssf,True,True,False,False,0.0,1.714361948568036,0.4166666666666666,5.0
2283,02283_007_SN22_24bars_health_check.csv,7,22,24.0,health_check,True,True,False,False,0.0,1.899774105707379,0.4999999999999999,6.0
2284,02284_008_SN22_21bars_health_check.csv,8,22,21.0,health_check,True,True,False,False,0.0,2.031768166232905,0.5253749999999999,189.0
2286,02286_010_SN22_15bars_health_check.csv,10,22,15.0,health_check,True,True,False,False,0.0,2.242736869690554,0.576125,555.0
2287,02287_011_SN22_12bars_health_check.csv,11,22,12.0,health_check,True,True,False,False,0.0,2.323896786932876,0.6015,738.0
2288,02288_012_SN22_9bars_health_check.csv,12,22,9.0,health_check,True,True,False,False,0.0,2.3903116452842728,0.6268750000000001,921.0
2289,02289_013_SN22_24bars_ramp1.csv,13,22,24.0,ramp1,True,True,False,False,0.0,2.4431385860501287,0.6522500000000001,1104.0
2290,02290_014_SN22_24bars_ramp2.csv,14,22,24.0,ramp2,True,True,False,False,0.0,2.5726620068476675,0.6775277777777778,1286.0
2291,02291_015_SN22_24bars_ramp3.csv,15,22,24.0,ramp3,True,True,False,False,0.0,2.5997765223429306,0.6828055555555557,1324.0
2292,02292_016_SN22_24bars_ramp4.csv,16,22,24.0,ramp4,True,True,False,False,0.0,2.763649304641603,0.7133611111111112,1343.0
2293,02293_017_SN22_24bars_onmod.csv,17,22,24.0,onmod,True,True,False,False,0.0,3.3661032904178048,0.8264166666666668,1416.0
2294,02294_018_SN22_24bars_offmod.csv,18,22,24.0,offmod,True,True,False,False,0.0,3.4756541403630106,0.8482222222222223,2216.0
2295,02295_019_SN22_24bars_random_short.csv,19,22,24.0,random_short,True,True,False,False,0.0,4.551488729448624,1.0593333333333337,3016.0
2296,02296_020_SN22_24bars_random_long.csv,20,22,24.0,random_long,True,True,False,False,0.0,4.749071433408584,1.0995138888888891,3316.0
2297,02297_021_SN22_24bars_random_mixed.csv,21,22,24.0,random_mixed,True,True,False,False,0.0,5.635508983744534,1.2711805555555558,3412.0
2298,02298_022_SN22_21bars_ramp1.csv,22,22,21.0,ramp1,True,True,False,False,0.0,5.832635562494062,1.3100611111111111,3512.0
2299,02299_023_SN22_21bars_ramp2.csv,23,22,21.0,ramp2,True,True,False,False,0.0,5.93973908393406,1.335338888888889,3694.0
2300,02300_024_SN22_21bars_ramp3.csv,24,22,21.0,ramp3,True,True,False,False,0.0,5.962195902148267,1.3406166666666668,3732.0
2301,02301_025_SN22_21bars_ramp4.csv,25,22,21.0,ramp4,True,True,False,False,0.0,6.097959025870201,1.3711722222222222,3751.0
2302,02302_026_SN22_21bars_onmod.csv,26,22,21.0,onmod,True,False,False,False,0.0,6.598021303462296,1.4842277777777777,3824.0
2303,02303_027_SN22_21bars_offmod.csv,27,22,21.0,offmod,True,True,False,False,0.0,6.690986431320366,1.5065527777777776,4624.0
2304,02304_028_SN22_21bars_random_short.csv,28,22,21.0,random_short,True,True,False,False,0.0,7.5828408876126305,1.7176638888888889,5424.0
2305,02305_029_SN22_21bars_random_long.csv,29,22,21.0,random_long,True,True,False,False,0.0,7.749376173779102,1.7584027777777775,5724.0
2306,02306_030_SN22_21bars_random_mixed.csv,30,22,21.0,random_mixed,True,True,False,False,0.0,8.32230238971061,1.891458333333333,5819.0
2307,02307_031_SN22_18bars_ramp1.csv,31,22,18.0,ramp1,True,True,False,False,0.0,8.531564228652856,1.9407138888888888,5919.0
2309,02309_033_SN22_18bars_ramp3.csv,33,22,18.0,ramp3,True,True,False,False,0.0,8.638008485494879,1.971269444444444,6139.0
2310,02310_034_SN22_18bars_ramp4.csv,34,22,18.0,ramp4,True,True,False,False,0.0,8.749791942463409,2.001825,6158.0
2311,02311_035_SN22_18bars_onmod.csv,35,22,18.0,onmod,True,False,False,False,0.0,9.16156279267542,2.114880555555555,6231.0
2312,02312_036_SN22_18bars_offmod.csv,36,22,18.0,offmod,True,True,False,False,0.0,9.236040714888029,2.1367416666666665,7031.0
2313,02313_037_SN22_18bars_random_short.csv,37,22,18.0,random_short,True,True,False,False,0.0,9.971186232522262,2.347852777777778,7831.0
2314,02314_038_SN22_18bars_random_long.csv,38,22,18.0,random_long,True,True,False,False,0.0,10.106122982146983,2.388025,8131.0
2315,02315_039_SN22_18bars_random_mixed.csv,39,22,18.0,random_mixed,True,True,False,False,0.0,10.544868096368967,2.5113583333333334,8226.0
2316,02316_040_SN22_24bars_ssf.csv,40,22,24.0,ssf,True,True,False,False,0.0,10.706587255485257,2.557366666666667,8326.0
2317,02317_041_SN22_21bars_ssf.csv,41,22,21.0,ssf,True,True,False,False,0.0,11.10380582360685,2.6407000000000003,8327.0
2318,02318_042_SN22_18bars_ssf.csv,42,22,18.0,ssf,True,True,False,False,0.0,11.447634986495183,2.7240333333333338,8328.0
2319,02319_043_SN22_15bars_ssf.csv,43,22,15.0,ssf,True,True,False,False,0.0,11.740673722816371,2.8073666666666672,8329.0
2320,02320_044_SN22_12bars_ssf.csv,44,22,12.0,ssf,True,True,False,False,0.0,11.986024477609732,2.8907000000000007,8330.0
2321,02321_045_SN22_9bars_ssf.csv,45,22,9.0,ssf,True,True,False,False,0.0,12.18687695246074,2.974033333333334,8331.0
2322,02322_046_SN22_24bars_health_check.csv,46,22,24.0,health_check,True,True,False,False,0.0,12.347216043152423,3.057366666666668,8332.0
2323,02323_047_SN22_21bars_health_check.csv,47,22,21.0,health_check,True,True,False,False,0.0,12.460983912808596,3.082741666666668,8515.0
2325,02325_049_SN22_15bars_health_check.csv,49,22,15.0,health_check,True,True,False,False,0.0,12.6396643508189,3.1334916666666675,8881.0
2326,02326_050_SN22_12bars_health_check.csv,50,22,12.0,health_check,True,True,False,False,0.0,12.709861013454637,3.158866666666668,9064.0
2328,02328_052_SN22_15bars_ramp1.csv,52,22,15.0,ramp1,True,True,False,False,0.0,12.794735349828445,3.2096166666666672,9430.0
2329,02329_053_SN22_15bars_ramp2.csv,53,22,15.0,ramp2,True,True,False,False,0.0,12.864044664703613,3.234894444444445,9612.0
2330,02330_054_SN22_15bars_ramp3.csv,54,22,15.0,ramp3,True,True,False,False,0.0,12.878584667898604,3.2401722222222227,9650.0
2331,02331_055_SN22_15bars_ramp4.csv,55,22,15.0,ramp4,True,True,False,False,0.0,12.967072690642723,3.270727777777778,9669.0
2332,02332_056_SN22_15bars_onmod.csv,56,22,15.0,onmod,True,False,False,False,0.0,13.292885525043795,3.3837833333333336,9742.0
2333,02333_057_SN22_15bars_offmod.csv,57,22,15.0,offmod,True,True,False,False,0.0,13.351903260391826,3.4057861111111114,10542.0
2335,02335_059_SN22_15bars_random_long.csv,59,22,15.0,random_long,True,True,False,False,0.0,14.041508797356968,3.657886111111112,11642.0
2336,02336_060_SN22_15bars_random_mixed.csv,60,22,15.0,random_mixed,True,True,False,False,0.0,14.44653552785657,3.801219444444445,11743.0
2337,02337_061_SN22_12bars_ramp1.csv,61,22,12.0,ramp1,True,True,False,False,0.0,14.538465674469077,3.834536111111112,11843.0
2338,02338_062_SN22_12bars_ramp2.csv,62,22,12.0,ramp2,True,True,False,False,0.0,14.593575783483551,3.8598138888888895,12025.0
2339,02339_063_SN22_12bars_ramp3.csv,63,22,12.0,ramp3,True,True,False,False,0.0,14.605124141356692,3.8650916666666673,12063.0
2341,02341_065_SN22_12bars_onmod.csv,65,22,12.0,onmod,True,False,False,False,0.0,14.935600486540457,4.008702777777779,12155.0
2342,02342_066_SN22_12bars_offmod.csv,66,22,12.0,offmod,True,True,False,False,0.0,14.982547395088464,4.0305694444444455,12955.0
2343,02343_067_SN22_12bars_random_short.csv,67,22,12.0,random_short,True,True,False,False,0.0,15.445372765079298,4.241680555555557,13755.0
2344,02344_068_SN22_12bars_random_long.csv,68,22,12.0,random_long,True,True,False,False,0.0,15.531834665198126,4.282366666666668,14055.0
2345,02345_069_SN22_12bars_random_mixed.csv,69,22,12.0,random_mixed,True,True,False,False,0.0,15.863255632838923,4.429033333333335,14151.0
2346,02346_070_SN22_9bars_ramp1.csv,70,22,9.0,ramp1,True,True,False,False,0.0,15.928405766892077,4.45856388888889,14251.0
2348,02348_072_SN22_9bars_ramp3.csv,72,22,9.0,ramp3,True,True,False,False,0.0,15.980206140183132,4.489119444444446,14471.0
2349,02349_073_SN22_9bars_ramp4.csv,73,22,9.0,ramp4,True,True,False,False,0.0,16.03527017097439,4.519675000000002,14490.0
2350,02350_074_SN22_9bars_onmod.csv,74,22,9.0,onmod,True,False,False,False,0.0,16.23783493947382,4.632730555555558,14563.0
2351,02351_075_SN22_9bars_offmod.csv,75,22,9.0,offmod,True,True,False,False,0.0,16.274773340910496,4.6547388888888905,15363.0
2352,02352_076_SN22_9bars_random_short.csv,76,22,9.0,random_short,True,True,False,False,0.0,16.63545889229165,4.865850000000002,16163.0
2353,02353_077_SN22_9bars_random_long.csv,77,22,9.0,random_long,True,True,False,False,0.0,16.703850924659747,4.907200000000002,16463.0
2354,02354_078_SN22_9bars_random_mixed.csv,78,22,9.0,random_mixed,True,True,False,False,0.0,16.94297950524776,5.042755555555558,16558.0
2355,02355_079_SN22_24bars_ssf.csv,79,22,24.0,ssf,True,True,False,False,0.0,17.003145611032483,5.077547222222225,16658.0
2356,02356_080_SN22_21bars_ssf.csv,80,22,21.0,ssf,True,True,False,False,0.0,17.361731925101285,5.160880555555558,16659.0
2357,02357_081_SN22_18bars_ssf.csv,81,22,18.0,ssf,True,True,False,False,0.0,17.672316304064875,5.244213888888891,16660.0
2358,02358_082_SN22_15bars_ssf.csv,82,22,15.0,ssf,True,True,False,False,0.0,17.93713276192755,5.327547222222224,16661.0
2359,02359_083_SN22_12bars_ssf.csv,83,22,12.0,ssf,True,True,False,False,0.0,18.158884505830738,5.410880555555557,16662.0
2360,02360_084_SN22_9bars_ssf.csv,84,22,9.0,ssf,True,True,False,False,0.0,18.340554296803397,5.49421388888889,16663.0
2363,02363_087_SN22_18bars_health_check.csv,87,22,18.0,health_check,True,True,False,False,0.0,18.803360856229077,5.628297222222224,17030.0
2364,02364_088_SN22_15bars_health_check.csv,88,22,15.0,health_check,True,True,False,False,0.0,18.879109337898768,5.653672222222224,17213.0
2365,02365_089_SN22_12bars_health_check.csv,89,22,12.0,health_check,True,True,False,False,0.0,18.9424349031922,5.679047222222224,17396.0
2367,02367_091_SN22_7bars_ssf.csv,91,22,7.0,ssf,True,True,False,False,0.0,19.012430374884573,5.729797222222225,17762.0
2368,02368_092_SN22_5bars_ssf.csv,92,22,5.0,ssf,True,True,False,False,0.0,19.134099899719097,5.813130555555558,17763.0
2369,02369_093_SN22_7bars_health_check.csv,93,22,7.0,health_check,True,True,False,False,0.0,19.236322004675134,5.896463888888891,17764.0
2370,02370_094_SN22_5bars_health_check.csv,94,22,5.0,health_check,True,True,False,False,0.0,19.2713107872646,5.921838888888892,17947.0
2371,02371_095_SN22_7bars_ramp1.csv,95,22,7.0,ramp1,True,True,False,False,0.0,19.300627949856647,5.947213888888892,18130.0
2372,02372_096_SN22_7bars_ramp2.csv,96,22,7.0,ramp2,True,True,False,False,0.0,19.334985515068528,5.97249166666667,18312.0
2373,02373_097_SN22_7bars_ramp3.csv,97,22,7.0,ramp3,True,True,False,False,0.0,19.342217031849188,5.977769444444448,18350.0
2374,02374_098_SN22_7bars_ramp4.csv,98,22,7.0,ramp4,True,True,False,False,0.0,19.3864729821448,6.008325000000004,18369.0
2375,02375_099_SN22_7bars_onmod.csv,99,22,7.0,onmod,True,False,False,False,0.0,19.54982628318592,6.121380555555559,18442.0
2376,02376_100_SN22_7bars_offmod.csv,100,22,7.0,offmod,True,True,False,False,0.0,19.579618243516524,6.143158333333337,19242.0
2377,02377_101_SN22_7bars_random_short.csv,101,22,7.0,random_short,True,True,False,False,0.0,19.87023237604526,6.354269444444448,20042.0
2378,02378_102_SN22_7bars_random_long.csv,102,22,7.0,random_long,True,True,False,False,0.0,19.923399993994774,6.394108333333337,20342.0
2379,02379_103_SN22_7bars_random_mixed.csv,103,22,7.0,random_mixed,True,True,False,False,0.0,20.127451706710985,6.537441666666671,20448.0
2380,02380_104_SN22_5bars_ramp1.csv,104,22,5.0,ramp1,True,True,False,False,0.0,20.17139306773862,6.569036111111115,20548.0
2381,02381_105_SN22_5bars_ramp2.csv,105,22,5.0,ramp2,True,True,False,False,0.0,20.19966717250444,6.594313888888893,20730.0
2382,02382_106_SN22_5bars_ramp3.csv,106,22,5.0,ramp3,True,True,False,False,0.0,20.205609744664333,6.599591666666671,20768.0
2383,02383_107_SN22_5bars_ramp4.csv,107,22,5.0,ramp4,True,True,False,False,0.0,20.24209550243025,6.630147222222226,20787.0
2384,02384_108_SN22_5bars_onmod.csv,108,22,5.0,onmod,True,False,False,False,0.0,20.376794416262868,6.743202777777782,20860.0
2386,02386_110_SN22_5bars_random_short.csv,110,22,5.0,random_short,True,True,False,False,0.0,20.64339800827365,6.976800000000004,22460.0
2387,02387_111_SN22_5bars_random_long.csv,111,22,5.0,random_long,True,True,False,False,0.0,20.68741251571196,7.016875000000004,22760.0
2388,02388_112_SN22_5bars_random_mixed.csv,112,22,5.0,random_mixed,True,True,False,False,0.0,20.852489521994315,7.157152777777782,22853.0
2389,02389_001_SN23_24bars_ssf.csv,1,23,24.0,ssf,True,True,False,False,0.0,0.0,0.0,0.0
2391,02391_003_SN23_18bars_ssf.csv,3,23,18.0,ssf,True,True,False,False,0.0,0.8814105817177509,0.1666666666666666,2.0
2392,02392_004_SN23_15bars_ssf.csv,4,23,15.0,ssf,True,True,False,False,0.0,1.2253637514051232,0.25,3.0
2393,02393_005_SN23_12bars_ssf.csv,5,23,12.0,ssf,True,True,False,False,0.0,1.510050653563623,0.3333333333333333,4.0
2394,02394_006_SN23_9bars_ssf.csv,6,23,9.0,ssf,True,True,False,False,0.0,1.739851383715764,0.4166666666666666,5.0
2395,02395_007_SN23_24bars_health_check.csv,7,23,24.0,health_check,True,True,False,False,0.0,1.919583464150794,0.4999999999999999,6.0
2396,02396_008_SN23_21bars_health_check.csv,8,23,21.0,health_check,True,True,False,False,0.0,2.055902726159742,0.5253749999999999,189.0
2397,02397_009_SN23_18bars_health_check.csv,9,23,18.0,health_check,True,True,False,False,0.0,2.173179370570583,0.55075,372.0
2398,02398_010_SN23_15bars_health_check.csv,10,23,15.0,health_check,True,True,False,False,0.0,2.272472595945008,0.576125,555.0
2399,02399_011_SN23_12bars_health_check.csv,11,23,12.0,health_check,True,True,False,False,0.0,2.3549497771100527,0.6015,738.0
2400,02400_012_SN23_9bars_health_check.csv,12,23,9.0,health_check,True,True,False,False,0.0,2.421227570895172,0.6268750000000001,921.0
2402,02402_014_SN23_24bars_ramp2.csv,14,23,24.0,ramp2,True,True,False,False,0.0,2.607106156534169,0.6775277777777778,1286.0
2404,02404_016_SN23_24bars_ramp4.csv,16,23,24.0,ramp4,True,True,False,False,0.0,2.8618919007290136,0.7133611111111112,1343.0
2405,02405_017_SN23_24bars_onmod.csv,17,23,24.0,onmod,True,True,False,False,0.0,3.4812567571509723,0.8264166666666668,1416.0
2406,02406_018_SN23_24bars_offmod.csv,18,23,24.0,offmod,True,True,False,False,0.0,3.597058904660797,0.8482222222222223,2216.0
2407,02407_019_SN23_24bars_random_short.csv,19,23,24.0,random_short,True,True,False,False,0.0,4.70742647355597,1.0593333333333337,3016.0
2409,02409_021_SN23_24bars_random_mixed.csv,21,23,24.0,random_mixed,True,True,False,False,0.0,5.823833736302359,1.2711805555555558,3412.0
2410,02410_022_SN23_21bars_ramp1.csv,22,23,21.0,ramp1,True,True,False,False,0.0,6.026989403491664,1.3100611111111111,3512.0
2412,02412_024_SN23_21bars_ramp3.csv,24,23,21.0,ramp3,True,True,False,False,0.0,6.161377438343157,1.3406166666666668,3732.0
2413,02413_025_SN23_21bars_ramp4.csv,25,23,21.0,ramp4,True,True,False,False,0.0,6.300096528839309,1.3711722222222222,3751.0
2414,02414_026_SN23_21bars_onmod.csv,26,23,21.0,onmod,True,False,False,False,0.0,6.811121568000257,1.4842277777777777,3824.0
2415,02415_027_SN23_21bars_offmod.csv,27,23,21.0,offmod,True,True,False,False,0.0,6.90881507056975,1.5065527777777776,4624.0
2416,02416_028_SN23_21bars_random_short.csv,28,23,21.0,random_short,True,True,False,False,0.0,7.822998261942793,1.7176638888888889,5424.0
2417,02417_029_SN23_21bars_random_long.csv,29,23,21.0,random_long,True,True,False,False,0.0,7.994511538366865,1.7584027777777775,5724.0
2419,02419_031_SN23_18bars_ramp1.csv,31,23,18.0,ramp1,True,True,False,False,0.0,8.793495755731843,1.9407138888888888,5919.0
2420,02420_032_SN23_18bars_ramp2.csv,32,23,18.0,ramp2,True,True,False,False,0.0,8.883059015192442,1.9659916666666664,6101.0
2421,02421_033_SN23_18bars_ramp3.csv,33,23,18.0,ramp3,True,True,False,False,0.0,8.901782522483254,1.971269444444444,6139.0
2422,02422_034_SN23_18bars_ramp4.csv,34,23,18.0,ramp4,True,True,False,False,0.0,9.01492704492852,2.001825,6158.0
2423,02423_035_SN23_18bars_onmod.csv,35,23,18.0,onmod,True,False,False,False,0.0,9.432362281300582,2.114880555555555,6231.0
2424,02424_036_SN23_18bars_offmod.csv,36,23,18.0,offmod,True,True,False,False,0.0,9.51003626765871,2.1367416666666665,7031.0
2425,02425_037_SN23_18bars_random_short.csv,37,23,18.0,random_short,True,True,False,False,0.0,10.257413520044237,2.347852777777778,7831.0
2426,02426_038_SN23_18bars_random_long.csv,38,23,18.0,random_long,True,True,False,False,0.0,10.395322222703882,2.388025,8131.0
2427,02427_039_SN23_18bars_random_mixed.csv,39,23,18.0,random_mixed,True,True,False,False,0.0,10.840145474420956,2.5113583333333334,8226.0
2428,02428_040_SN23_24bars_ssf.csv,40,23,24.0,ssf,True,True,False,False,0.0,11.004305893756944,2.557366666666667,8326.0
2429,02429_041_SN23_21bars_ssf.csv,41,23,21.0,ssf,True,True,False,False,0.0,11.412087648769834,2.6407000000000003,8327.0
2430,02430_042_SN23_18bars_ssf.csv,42,23,18.0,ssf,True,True,False,False,0.0,11.762832509563914,2.7240333333333338,8328.0
2431,02431_043_SN23_15bars_ssf.csv,43,23,15.0,ssf,True,True,False,False,0.0,12.05951843817862,2.8073666666666672,8329.0
2432,02432_044_SN23_12bars_ssf.csv,44,23,12.0,ssf,True,True,False,False,0.0,12.305382136837256,2.8907000000000007,8330.0
2433,02433_045_SN23_9bars_ssf.csv,45,23,9.0,ssf,True,True,False,False,0.0,12.503833110470236,2.974033333333334,8331.0
2434,02434_046_SN23_24bars_health_check.csv,46,23,24.0,health_check,True,True,False,False,0.0,12.65910338665044,3.057366666666668,8332.0
2435,02435_047_SN23_21bars_health_check.csv,47,23,21.0,health_check,True,True,False,False,0.0,12.776593378327007,3.082741666666668,8515.0
2437,02437_049_SN23_15bars_health_check.csv,49,23,15.0,health_check,True,True,False,False,0.0,12.963879926913734,3.1334916666666675,8881.0
2438,02438_050_SN23_12bars_health_check.csv,50,23,12.0,health_check,True,True,False,False,0.0,13.035003003646883,3.158866666666668,9064.0
2439,02439_051_SN23_9bars_health_check.csv,51,23,9.0,health_check,True,True,False,False,0.0,13.09223172714574,3.1842416666666677,9247.0
2440,02440_052_SN23_15bars_ramp1.csv,52,23,15.0,ramp1,True,True,False,False,0.0,13.13707689726174,3.2096166666666672,9430.0
2441,02441_053_SN23_15bars_ramp2.csv,53,23,15.0,ramp2,True,True,False,False,0.0,13.206948991269048,3.234894444444445,9612.0
2442,02442_054_SN23_15bars_ramp3.csv,54,23,15.0,ramp3,True,True,False,False,0.0,13.22165494452264,3.2401722222222227,9650.0
2443,02443_055_SN23_15bars_ramp4.csv,55,23,15.0,ramp4,True,True,False,False,0.0,13.310338447432628,3.270727777777778,9669.0
2444,02444_056_SN23_15bars_onmod.csv,56,23,15.0,onmod,True,False,False,False,0.0,13.637056780403924,3.3837833333333336,9742.0
2445,02445_057_SN23_15bars_offmod.csv,57,23,15.0,offmod,True,True,False,False,0.0,13.697906641639932,3.4057861111111114,10542.0
2447,02447_059_SN23_15bars_random_long.csv,59,23,15.0,random_long,True,True,False,False,0.0,14.392159931149816,3.657886111111112,11642.0
2448,02448_060_SN23_15bars_random_mixed.csv,60,23,15.0,random_mixed,True,True,False,False,0.0,14.79837580268548,3.801219444444445,11743.0
2449,02449_061_SN23_12bars_ramp1.csv,61,23,12.0,ramp1,True,True,False,False,0.0,14.89095286132154,3.834536111111112,11843.0
2450,02450_062_SN23_12bars_ramp2.csv,62,23,12.0,ramp2,True,True,False,False,0.0,14.94574171135388,3.8598138888888895,12025.0
2451,02451_063_SN23_12bars_ramp3.csv,63,23,12.0,ramp3,True,True,False,False,0.0,14.957187774413772,3.8650916666666673,12063.0
2452,02452_064_SN23_12bars_ramp4.csv,64,23,12.0,ramp4,True,True,False,False,0.0,15.026799969610364,3.895647222222223,12082.0
2453,02453_065_SN23_12bars_onmod.csv,65,23,12.0,onmod,True,False,False,False,0.0,15.283706560202468,4.008702777777779,12155.0
2454,02454_066_SN23_12bars_offmod.csv,66,23,12.0,offmod,True,True,False,False,0.0,15.331437000894663,4.0305694444444455,12955.0
2455,02455_067_SN23_12bars_random_short.csv,67,23,12.0,random_short,True,True,False,False,0.0,15.790820204425083,4.241680555555557,13755.0
2456,02456_068_SN23_12bars_random_long.csv,68,23,12.0,random_long,True,True,False,False,0.0,15.877030022896111,4.282366666666668,14055.0
2457,02457_069_SN23_12bars_random_mixed.csv,69,23,12.0,random_mixed,True,True,False,False,0.0,16.204810110698254,4.429033333333335,14151.0
2458,02458_070_SN23_9bars_ramp1.csv,70,23,9.0,ramp1,True,True,False,False,0.0,16.269488262604263,4.45856388888889,14251.0
2459,02459_071_SN23_9bars_ramp2.csv,71,23,9.0,ramp2,True,True,False,False,0.0,16.311189372306814,4.4838416666666685,14433.0
2460,02460_072_SN23_9bars_ramp3.csv,72,23,9.0,ramp3,True,True,False,False,0.0,16.319984902500394,4.489119444444446,14471.0
2461,02461_073_SN23_9bars_ramp4.csv,73,23,9.0,ramp4,True,True,False,False,0.0,16.37318408000168,4.519675000000002,14490.0
2462,02462_074_SN23_9bars_onmod.csv,74,23,9.0,onmod,True,False,False,False,0.0,16.569626714238296,4.632730555555558,14563.0
2463,02463_075_SN23_9bars_offmod.csv,75,23,9.0,offmod,True,True,False,False,0.0,16.606455132367326,4.6547388888888905,15363.0
2464,02464_076_SN23_9bars_random_short.csv,76,23,9.0,random_short,True,True,False,False,0.0,16.95753498299474,4.865850000000002,16163.0
2465,02465_077_SN23_9bars_random_long.csv,77,23,9.0,random_long,True,True,False,False,0.0,17.024413957346756,4.907200000000002,16463.0
2466,02466_078_SN23_9bars_random_mixed.csv,78,23,9.0,random_mixed,True,True,False,False,0.0,17.256529173611657,5.042755555555558,16558.0
2467,02467_079_SN23_24bars_ssf.csv,79,23,24.0,ssf,True,True,False,False,0.0,17.315129502635113,5.077547222222225,16658.0
2470,02470_082_SN23_15bars_ssf.csv,82,23,15.0,ssf,True,True,False,False,0.0,18.268974299104443,5.327547222222224,16661.0
2471,02471_083_SN23_12bars_ssf.csv,83,23,12.0,ssf,True,True,False,False,0.0,18.49125741309436,5.410880555555557,16662.0
2472,02472_084_SN23_9bars_ssf.csv,84,23,9.0,ssf,True,True,False,False,0.0,18.670766801131176,5.49421388888889,16663.0
2473,02473_085_SN23_24bars_health_check.csv,85,23,24.0,health_check,True,True,False,False,0.0,18.811270939137223,5.577547222222223,16664.0
2474,02474_086_SN23_21bars_health_check.csv,86,23,21.0,health_check,True,True,False,False,0.0,18.917628561199216,5.602922222222223,16847.0
2475,02475_087_SN23_18bars_health_check.csv,87,23,18.0,health_check,True,True,False,False,0.0,19.00936039293297,5.628297222222224,17030.0
2478,02478_090_SN23_9bars_health_check.csv,90,23,9.0,health_check,True,True,False,False,0.0,19.2082958622643,5.704422222222225,17579.0
2479,02479_091_SN23_7bars_ssf.csv,91,23,7.0,ssf,True,True,False,False,0.0,19.248895522626235,5.729797222222225,17762.0
2481,02481_093_SN23_7bars_health_check.csv,93,23,7.0,health_check,True,True,False,False,0.0,19.4588930243988,5.896463888888891,17764.0
2482,02482_094_SN23_5bars_health_check.csv,94,23,5.0,health_check,True,True,False,False,0.0,19.49256371732329,5.921838888888892,17947.0
2483,02483_095_SN23_7bars_ramp1.csv,95,23,7.0,ramp1,True,True,False,False,0.0,19.52011674673629,5.947213888888892,18130.0
2484,02484_096_SN23_7bars_ramp2.csv,96,23,7.0,ramp2,True,True,False,False,0.0,19.55306746665424,5.97249166666667,18312.0
2485,02485_097_SN23_7bars_ramp3.csv,97,23,7.0,ramp3,True,True,False,False,0.0,19.559985762272305,5.977769444444448,18350.0
2486,02486_098_SN23_7bars_ramp4.csv,98,23,7.0,ramp4,True,True,False,False,0.0,19.60215055048142,6.008325000000004,18369.0
2487,02487_099_SN23_7bars_onmod.csv,99,23,7.0,onmod,True,False,False,False,0.0,19.75793716814054,6.121380555555559,18442.0
2488,02488_100_SN23_7bars_offmod.csv,100,23,7.0,offmod,True,True,False,False,0.0,19.78720033348728,6.143158333333337,19242.0
2489,02489_101_SN23_7bars_random_short.csv,101,23,7.0,random_short,True,True,False,False,0.0,20.06568704164303,6.354269444444448,20042.0
2490,02490_102_SN23_7bars_random_long.csv,102,23,7.0,random_long,True,True,False,False,0.0,20.11680072640444,6.394108333333337,20342.0
2491,02491_103_SN23_7bars_random_mixed.csv,103,23,7.0,random_mixed,True,True,False,False,0.0,20.311710874248732,6.537441666666671,20448.0
2492,02492_104_SN23_5bars_ramp1.csv,104,23,5.0,ramp1,True,True,False,False,0.0,20.353698687073283,6.569036111111115,20548.0
2493,02493_105_SN23_5bars_ramp2.csv,105,23,5.0,ramp2,True,True,False,False,0.0,20.380160742869503,6.594313888888893,20730.0
2494,02494_106_SN23_5bars_ramp3.csv,106,23,5.0,ramp3,True,True,False,False,0.0,20.385769921252468,6.599591666666671,20768.0
2495,02495_107_SN23_5bars_ramp4.csv,107,23,5.0,ramp4,True,True,False,False,0.0,20.419841473944672,6.630147222222226,20787.0
2496,02496_108_SN23_5bars_onmod.csv,108,23,5.0,onmod,True,False,False,False,0.0,20.54547668744352,6.743202777777782,20860.0
2497,02497_109_SN23_5bars_offmod.csv,109,23,5.0,offmod,True,True,False,False,0.0,20.57000442988708,6.765688888888893,21660.0
2498,02498_110_SN23_5bars_random_short.csv,110,23,5.0,random_short,True,True,False,False,0.0,20.79410209950604,6.976800000000004,22460.0
2499,02499_111_SN23_5bars_random_long.csv,111,23,5.0,random_long,True,True,False,False,0.0,20.835516244351428,7.016875000000004,22760.0
2500,02500_112_SN23_5bars_random_mixed.csv,112,23,5.0,random_mixed,True,True,False,False,0.0,20.989464216965363,7.157152777777782,22853.0
2501,02501_001_SN24_24bars_ssf.csv,1,24,24.0,ssf,True,True,False,False,0.0,0.0,0.0,0.0
2502,02502_002_SN24_21bars_ssf.csv,2,24,21.0,ssf,True,True,False,False,0.0,0.4698401688648265,0.0833333333333333,1.0
2503,02503_003_SN24_18bars_ssf.csv,3,24,18.0,ssf,True,True,False,False,0.0,0.8759248486702241,0.1666666666666666,2.0
2504,02504_004_SN24_15bars_ssf.csv,4,24,15.0,ssf,True,True,False,False,0.0,1.2213839184651167,0.25,3.0
2505,02505_005_SN24_12bars_ssf.csv,5,24,12.0,ssf,True,True,False,False,0.0,1.5099279082094936,0.3333333333333333,4.0
2506,02506_006_SN24_9bars_ssf.csv,6,24,9.0,ssf,True,True,False,False,0.0,1.745624099543167,0.4166666666666666,5.0
2507,02507_007_SN24_24bars_health_check.csv,7,24,24.0,health_check,True,True,False,False,0.0,1.933119619185095,0.4999999999999999,6.0
2508,02508_008_SN24_21bars_health_check.csv,8,24,21.0,health_check,True,True,False,False,0.0,2.068367641243001,0.5253749999999999,189.0
2509,02509_009_SN24_18bars_health_check.csv,9,24,18.0,health_check,True,True,False,False,0.0,2.18514089885624,0.55075,372.0
2510,02510_010_SN24_15bars_health_check.csv,10,24,15.0,health_check,True,True,False,False,0.0,2.284492502854953,0.576125,555.0
2511,02511_011_SN24_12bars_health_check.csv,11,24,12.0,health_check,True,True,False,False,0.0,2.367459548492915,0.6015,738.0
2512,02512_012_SN24_9bars_health_check.csv,12,24,9.0,health_check,True,True,False,False,0.0,2.435177423502856,0.6268750000000001,921.0
2513,02513_013_SN24_24bars_ramp1.csv,13,24,24.0,ramp1,True,True,False,False,0.0,2.48903575589465,0.6522500000000001,1104.0
2514,02514_014_SN24_24bars_ramp2.csv,14,24,24.0,ramp2,True,True,False,False,0.0,2.6216189842101185,0.6775277777777778,1286.0
2515,02515_015_SN24_24bars_ramp3.csv,15,24,24.0,ramp3,True,True,False,False,0.0,2.6493723144620054,0.6828055555555557,1324.0
2516,02516_016_SN24_24bars_ramp4.csv,16,24,24.0,ramp4,True,True,False,False,0.0,2.816716898203884,0.7133611111111112,1343.0
2517,02517_017_SN24_24bars_onmod.csv,17,24,24.0,onmod,True,True,False,False,0.0,3.4312506455045875,0.8264166666666668,1416.0
2518,02518_018_SN24_24bars_offmod.csv,18,24,24.0,offmod,True,True,False,False,0.0,3.545372601069734,0.8482222222222223,2216.0
2519,02519_019_SN24_24bars_random_short.csv,19,24,24.0,random_short,True,True,False,False,0.0,4.644293498718231,1.0593333333333337,3016.0
2520,02520_020_SN24_24bars_random_long.csv,20,24,24.0,random_long,True,True,False,False,0.0,4.846242590335009,1.0995138888888891,3316.0
2521,02521_021_SN24_24bars_random_mixed.csv,21,24,24.0,random_mixed,True,True,False,False,0.0,5.748937033209705,1.2711805555555558,3412.0
2522,02522_022_SN24_21bars_ramp1.csv,22,24,21.0,ramp1,True,True,False,False,0.0,5.950107116994563,1.3100611111111111,3512.0
2524,02524_024_SN24_21bars_ramp3.csv,24,24,21.0,ramp3,True,True,False,False,0.0,6.082071890441727,1.3406166666666668,3732.0
2525,02525_025_SN24_21bars_ramp4.csv,25,24,21.0,ramp4,True,True,False,False,0.0,6.220259171123229,1.3711722222222222,3751.0
2526,02526_026_SN24_21bars_onmod.csv,26,24,21.0,onmod,True,False,False,False,0.0,6.729265511189319,1.4842277777777777,3824.0
2528,02528_028_SN24_21bars_random_short.csv,28,24,21.0,random_short,True,True,False,False,0.0,7.734413102607077,1.7176638888888889,5424.0
2529,02529_029_SN24_21bars_random_long.csv,29,24,21.0,random_long,True,True,False,False,0.0,7.904455781692435,1.7584027777777775,5724.0
2530,02530_030_SN24_21bars_random_mixed.csv,30,24,21.0,random_mixed,True,True,False,False,0.0,8.487213501181976,1.891458333333333,5819.0
2531,02531_031_SN24_18bars_ramp1.csv,31,24,18.0,ramp1,True,True,False,False,0.0,8.700114622924652,1.9407138888888888,5919.0
2532,02532_032_SN24_18bars_ramp2.csv,32,24,18.0,ramp2,True,True,False,False,0.0,8.78970371507379,1.9659916666666664,6101.0
2533,02533_033_SN24_18bars_ramp3.csv,33,24,18.0,ramp3,True,True,False,False,0.0,8.808469525780238,1.971269444444444,6139.0
2534,02534_034_SN24_18bars_ramp4.csv,34,24,18.0,ramp4,True,True,False,False,0.0,8.922060043422327,2.001825,6158.0
2535,02535_035_SN24_18bars_onmod.csv,35,24,18.0,onmod,True,False,False,False,0.0,9.340209740048492,2.114880555555555,6231.0
2536,02536_036_SN24_18bars_offmod.csv,36,24,18.0,offmod,True,True,False,False,0.0,9.417491535689509,2.1367416666666665,7031.0
2537,02537_037_SN24_18bars_random_short.csv,37,24,18.0,random_short,True,True,False,False,0.0,10.164868134018446,2.347852777777778,7831.0
2538,02538_038_SN24_18bars_random_long.csv,38,24,18.0,random_long,True,True,False,False,0.0,10.30227850527972,2.388025,8131.0
2539,02539_039_SN24_18bars_random_mixed.csv,39,24,18.0,random_mixed,True,True,False,False,0.0,10.748081936669417,2.5113583333333334,8226.0
2540,02540_040_SN24_24bars_ssf.csv,40,24,24.0,ssf,True,True,False,False,0.0,10.912221561197,2.557366666666667,8326.0
2541,02541_041_SN24_21bars_ssf.csv,41,24,21.0,ssf,True,True,False,False,0.0,11.315889037364636,2.6407000000000003,8327.0
2542,02542_042_SN24_18bars_ssf.csv,42,24,18.0,ssf,True,True,False,False,0.0,11.664774402309858,2.7240333333333338,8328.0
2543,02543_043_SN24_15bars_ssf.csv,43,24,15.0,ssf,True,True,False,False,0.0,11.961893174149568,2.8073666666666672,8329.0
2544,02544_044_SN24_12bars_ssf.csv,44,24,12.0,ssf,True,True,False,False,0.0,12.210106794875813,2.8907000000000007,8330.0
2545,02545_045_SN24_9bars_ssf.csv,45,24,9.0,ssf,True,True,False,False,0.0,12.412904292138606,2.974033333333334,8331.0
2546,02546_046_SN24_24bars_health_check.csv,46,24,24.0,health_check,True,True,False,False,0.0,12.574315361343915,3.057366666666668,8332.0
2547,02547_047_SN24_21bars_health_check.csv,47,24,21.0,health_check,True,True,False,False,0.0,12.68960821901874,3.082741666666668,8515.0
2548,02548_048_SN24_18bars_health_check.csv,48,24,18.0,health_check,True,True,False,False,0.0,12.790051916673136,3.1081166666666675,8698.0
2549,02549_049_SN24_15bars_health_check.csv,49,24,15.0,health_check,True,True,False,False,0.0,12.875773610471224,3.1334916666666675,8881.0
2551,02551_051_SN24_9bars_health_check.csv,51,24,9.0,health_check,True,True,False,False,0.0,13.005259004024865,3.1842416666666677,9247.0
2552,02552_052_SN24_15bars_ramp1.csv,52,24,15.0,ramp1,True,True,False,False,0.0,13.051636795883812,3.2096166666666672,9430.0
2553,02553_053_SN24_15bars_ramp2.csv,53,24,15.0,ramp2,True,True,False,False,0.0,13.121857584014004,3.234894444444445,9612.0
2554,02554_054_SN24_15bars_ramp3.csv,54,24,15.0,ramp3,True,True,False,False,0.0,13.136670538936094,3.2401722222222227,9650.0
2555,02555_055_SN24_15bars_ramp4.csv,55,24,15.0,ramp4,True,True,False,False,0.0,13.226154234605298,3.270727777777778,9669.0
2556,02556_056_SN24_15bars_onmod.csv,56,24,15.0,onmod,True,False,False,False,0.0,13.555757084087116,3.3837833333333336,9742.0
2557,02557_057_SN24_15bars_offmod.csv,57,24,15.0,offmod,True,True,False,False,0.0,13.616726064265686,3.4057861111111114,10542.0
2558,02558_058_SN24_15bars_random_short.csv,58,24,15.0,random_short,True,True,False,False,0.0,14.204658952590629,3.616897222222223,11342.0
2559,02559_059_SN24_15bars_random_long.csv,59,24,15.0,random_long,True,True,False,False,0.0,14.31522881238975,3.657886111111112,11642.0
2560,02560_060_SN24_15bars_random_mixed.csv,60,24,15.0,random_mixed,True,True,False,False,0.0,14.72501534124105,3.801219444444445,11743.0
2561,02561_061_SN24_12bars_ramp1.csv,61,24,12.0,ramp1,True,True,False,False,0.0,14.818327627907692,3.834536111111112,11843.0
2562,02562_062_SN24_12bars_ramp2.csv,62,24,12.0,ramp2,True,True,False,False,0.0,14.87405872694506,3.8598138888888895,12025.0
2563,02563_063_SN24_12bars_ramp3.csv,63,24,12.0,ramp3,True,True,False,False,0.0,14.885739491007024,3.8650916666666673,12063.0
2564,02564_064_SN24_12bars_ramp4.csv,64,24,12.0,ramp4,True,True,False,False,0.0,14.956846982845796,3.895647222222223,12082.0
2565,02565_065_SN24_12bars_onmod.csv,65,24,12.0,onmod,True,False,False,False,0.0,15.219021515141456,4.008702777777779,12155.0
2566,02566_066_SN24_12bars_offmod.csv,66,24,12.0,offmod,True,True,False,False,0.0,15.267406681043813,4.0305694444444455,12955.0
2567,02567_067_SN24_12bars_random_short.csv,67,24,12.0,random_short,True,True,False,False,0.0,15.735097973134224,4.241680555555557,13755.0
2568,02568_068_SN24_12bars_random_long.csv,68,24,12.0,random_long,True,True,False,False,0.0,15.822631829307138,4.282366666666668,14055.0
2569,02569_069_SN24_12bars_random_mixed.csv,69,24,12.0,random_mixed,True,True,False,False,0.0,16.157067533844096,4.429033333333335,14151.0
2570,02570_070_SN24_9bars_ramp1.csv,70,24,9.0,ramp1,True,True,False,False,0.0,16.222832970936608,4.45856388888889,14251.0
2571,02571_071_SN24_9bars_ramp2.csv,71,24,9.0,ramp2,True,True,False,False,0.0,16.265933714754578,4.4838416666666685,14433.0
2572,02572_072_SN24_9bars_ramp3.csv,72,24,9.0,ramp3,True,True,False,False,0.0,16.275021862446653,4.489119444444446,14471.0
2573,02573_073_SN24_9bars_ramp4.csv,73,24,9.0,ramp4,True,True,False,False,0.0,16.330249387202496,4.519675000000002,14490.0
2574,02574_074_SN24_9bars_onmod.csv,74,24,9.0,onmod,True,False,False,False,0.0,16.534068552744703,4.632730555555558,14563.0
2575,02575_075_SN24_9bars_offmod.csv,75,24,9.0,offmod,True,True,False,False,0.0,16.571974921967627,4.6547388888888905,15363.0
2576,02576_076_SN24_9bars_random_short.csv,76,24,9.0,random_short,True,True,False,False,0.0,16.935240650883138,4.865850000000002,16163.0
2577,02577_077_SN24_9bars_random_long.csv,77,24,9.0,random_long,True,True,False,False,0.0,17.0042727106422,4.907200000000002,16463.0
2578,02578_078_SN24_9bars_random_mixed.csv,78,24,9.0,random_mixed,True,True,False,False,0.0,17.24500608232872,5.042755555555558,16558.0
2580,02580_080_SN24_21bars_ssf.csv,80,24,21.0,ssf,True,True,False,False,0.0,17.66925547072608,5.160880555555558,16659.0
2581,02581_081_SN24_18bars_ssf.csv,81,24,18.0,ssf,True,True,False,False,0.0,17.983598513516426,5.244213888888891,16660.0
2582,02582_082_SN24_15bars_ssf.csv,82,24,15.0,ssf,True,True,False,False,0.0,18.25138216205832,5.327547222222224,16661.0
2583,02583_083_SN24_12bars_ssf.csv,83,24,12.0,ssf,True,True,False,False,0.0,18.475152053388264,5.410880555555557,16662.0
2585,02585_085_SN24_24bars_health_check.csv,85,24,24.0,health_check,True,True,False,False,0.0,18.80368534976508,5.577547222222223,16664.0
2586,02586_086_SN24_21bars_health_check.csv,86,24,21.0,health_check,True,True,False,False,0.0,18.908031048783705,5.602922222222223,16847.0
2587,02587_087_SN24_18bars_health_check.csv,87,24,18.0,health_check,True,True,False,False,0.0,18.998525421216748,5.628297222222224,17030.0
2588,02588_088_SN24_15bars_health_check.csv,88,24,15.0,health_check,True,True,False,False,0.0,19.0755369268646,5.653672222222224,17213.0
2589,02589_089_SN24_12bars_health_check.csv,89,24,12.0,health_check,True,True,False,False,0.0,19.13984298697133,5.679047222222224,17396.0
2590,02590_090_SN24_9bars_health_check.csv,90,24,9.0,health_check,True,True,False,False,0.0,19.19247138587952,5.704422222222225,17579.0
2591,02591_091_SN24_7bars_ssf.csv,91,24,7.0,ssf,True,True,False,False,0.0,19.2342508821081,5.729797222222225,17762.0
2592,02592_092_SN24_5bars_ssf.csv,92,24,5.0,ssf,True,True,False,False,0.0,19.356140278612088,5.813130555555558,17763.0
2593,02593_093_SN24_7bars_health_check.csv,93,24,7.0,health_check,True,True,False,False,0.0,19.45823685915124,5.896463888888891,17764.0
2594,02594_094_SN24_5bars_health_check.csv,94,24,5.0,health_check,True,True,False,False,0.0,19.493492670437643,5.921838888888892,17947.0
2597,02597_097_SN24_7bars_ramp3.csv,97,24,7.0,ramp3,True,True,False,False,0.0,19.56471400762377,5.977769444444448,18350.0
2599,02599_099_SN24_7bars_onmod.csv,99,24,7.0,onmod,True,False,False,False,0.0,19.772994719705277,6.121380555555559,18442.0
2600,02600_100_SN24_7bars_offmod.csv,100,24,7.0,offmod,True,True,False,False,0.0,19.803504196950733,6.143158333333337,19242.0
2601,02601_101_SN24_7bars_random_short.csv,101,24,7.0,random_short,True,True,False,False,0.0,20.09543531359881,6.354269444444448,20042.0
2602,02602_102_SN24_7bars_random_long.csv,102,24,7.0,random_long,True,True,False,False,0.0,20.148969892474724,6.394108333333337,20342.0
2603,02603_103_SN24_7bars_random_mixed.csv,103,24,7.0,random_mixed,True,True,False,False,0.0,20.35390436369357,6.537441666666671,20448.0
2604,02604_104_SN24_5bars_ramp1.csv,104,24,5.0,ramp1,True,True,False,False,0.0,20.397962732315182,6.569036111111115,20548.0
2605,02605_105_SN24_5bars_ramp2.csv,105,24,5.0,ramp2,True,True,False,False,0.0,20.42625507766131,6.594313888888893,20730.0
2606,02606_106_SN24_5bars_ramp3.csv,106,24,5.0,ramp3,True,True,False,False,0.0,20.432259618000515,6.599591666666671,20768.0
2607,02607_107_SN24_5bars_ramp4.csv,107,24,5.0,ramp4,True,True,False,False,0.0,20.468714416211807,6.630147222222226,20787.0
2608,02608_108_SN24_5bars_onmod.csv,108,24,5.0,onmod,True,False,False,False,0.0,20.603296344992813,6.743202777777782,20860.0
2609,02609_109_SN24_5bars_offmod.csv,109,24,5.0,offmod,True,True,False,False,0.0,20.6292882241774,6.765688888888893,21660.0
2610,02610_110_SN24_5bars_random_short.csv,110,24,5.0,random_short,True,True,False,False,0.0,20.868589279230665,6.976800000000004,22460.0
2611,02611_111_SN24_5bars_random_long.csv,111,24,5.0,random_long,True,True,False,False,0.0,20.91282030148676,7.016875000000004,22760.0
2612,02612_112_SN24_5bars_random_mixed.csv,112,24,5.0,random_mixed,True,True,False,False,0.0,21.07781773052251,7.157152777777782,22853.0
